device,filter,filter_label,name,clean_name,elapsed_ms
cuda:0,4,memcpy,memcpy HtoD,memcpy HtoD,4.297088146209717
cuda:0,4,memcpy,memcpy HtoD,memcpy HtoD,4.548287868499756
cuda:0,1,kernel,forward kernel copy_field_kernel_1c334626,copy_field_kernel,0.20339199900627136
cuda:0,2,builtin,builtin kernel memtile_value_kernel,builtin kernel memtile_value_kernel,0.023552000522613525
cuda:0,2,builtin,builtin kernel memtile_value_kernel,builtin kernel memtile_value_kernel,0.026623999699950218
cuda:0,2,builtin,builtin kernel memtile_value_kernel,builtin kernel memtile_value_kernel,0.026623999699950218
cuda:0,2,builtin,builtin kernel memtile_value_kernel,builtin kernel memtile_value_kernel,0.025599999353289604
cuda:0,2,builtin,builtin kernel memtile_value_kernel,builtin kernel memtile_value_kernel,0.026623999699950218
cuda:0,2,builtin,builtin kernel memtile_value_kernel,builtin kernel memtile_value_kernel,0.027648000046610832
cuda:0,2,builtin,builtin kernel memtile_value_kernel,builtin kernel memtile_value_kernel,0.026623999699950218
cuda:0,2,builtin,builtin kernel memtile_value_kernel,builtin kernel memtile_value_kernel,0.026623999699950218
cuda:0,2,builtin,builtin kernel memtile_value_kernel,builtin kernel memtile_value_kernel,0.0030720001086592674
cuda:0,2,builtin,builtin kernel memtile_value_kernel,builtin kernel memtile_value_kernel,0.0030720001086592674
cuda:0,2,builtin,builtin kernel memtile_value_kernel,builtin kernel memtile_value_kernel,0.0030720001086592674
cuda:0,2,builtin,builtin kernel memtile_value_kernel,builtin kernel memtile_value_kernel,0.002047999994829297
cuda:0,2,builtin,builtin kernel memtile_value_kernel,builtin kernel memtile_value_kernel,0.0030720001086592674
cuda:0,2,builtin,builtin kernel memtile_value_kernel,builtin kernel memtile_value_kernel,0.0030720001086592674
cuda:0,2,builtin,builtin kernel memtile_value_kernel,builtin kernel memtile_value_kernel,0.0030720001086592674
cuda:0,2,builtin,builtin kernel memtile_value_kernel,builtin kernel memtile_value_kernel,0.0030720001086592674
cuda:0,2,builtin,builtin kernel memtile_value_kernel,builtin kernel memtile_value_kernel,0.026623999699950218
cuda:0,2,builtin,builtin kernel memtile_value_kernel,builtin kernel memtile_value_kernel,0.006144000217318535
cuda:0,2,builtin,builtin kernel memtile_value_kernel,builtin kernel memtile_value_kernel,0.006144000217318535
cuda:0,2,builtin,builtin kernel memtile_value_kernel,builtin kernel memtile_value_kernel,0.006144000217318535
cuda:0,2,builtin,builtin kernel memtile_value_kernel,builtin kernel memtile_value_kernel,0.0071680000983178616
cuda:0,2,builtin,builtin kernel memtile_value_kernel,builtin kernel memtile_value_kernel,0.005119999870657921
cuda:0,2,builtin,builtin kernel memtile_value_kernel,builtin kernel memtile_value_kernel,0.0071680000983178616
cuda:0,2,builtin,builtin kernel memtile_value_kernel,builtin kernel memtile_value_kernel,0.006144000217318535
cuda:0,2,builtin,builtin kernel memtile_value_kernel,builtin kernel memtile_value_kernel,0.0071680000983178616
cuda:0,2,builtin,builtin kernel memtile_value_kernel,builtin kernel memtile_value_kernel,0.0030720001086592674
cuda:0,2,builtin,builtin kernel memtile_value_kernel,builtin kernel memtile_value_kernel,0.0030720001086592674
cuda:0,2,builtin,builtin kernel memtile_value_kernel,builtin kernel memtile_value_kernel,0.0030720001086592674
cuda:0,2,builtin,builtin kernel memtile_value_kernel,builtin kernel memtile_value_kernel,0.0030720001086592674
cuda:0,2,builtin,builtin kernel memtile_value_kernel,builtin kernel memtile_value_kernel,0.0030720001086592674
cuda:0,2,builtin,builtin kernel memtile_value_kernel,builtin kernel memtile_value_kernel,0.0030720001086592674
cuda:0,2,builtin,builtin kernel memtile_value_kernel,builtin kernel memtile_value_kernel,0.0030720001086592674
cuda:0,2,builtin,builtin kernel memtile_value_kernel,builtin kernel memtile_value_kernel,0.0030720001086592674
cuda:0,2,builtin,builtin kernel memtile_value_kernel,builtin kernel memtile_value_kernel,0.006144000217318535
cuda:0,2,builtin,builtin kernel memtile_value_kernel,builtin kernel memtile_value_kernel,0.004095999989658594
cuda:0,2,builtin,builtin kernel memtile_value_kernel,builtin kernel memtile_value_kernel,0.0030720001086592674
cuda:0,2,builtin,builtin kernel memtile_value_kernel,builtin kernel memtile_value_kernel,0.005119999870657921
cuda:0,2,builtin,builtin kernel memtile_value_kernel,builtin kernel memtile_value_kernel,0.004095999989658594
cuda:0,2,builtin,builtin kernel memtile_value_kernel,builtin kernel memtile_value_kernel,0.0030720001086592674
cuda:0,2,builtin,builtin kernel memtile_value_kernel,builtin kernel memtile_value_kernel,0.004095999989658594
cuda:0,2,builtin,builtin kernel memtile_value_kernel,builtin kernel memtile_value_kernel,0.004095999989658594
cuda:0,2,builtin,builtin kernel memtile_value_kernel,builtin kernel memtile_value_kernel,0.004095999989658594
cuda:0,2,builtin,builtin kernel memtile_value_kernel,builtin kernel memtile_value_kernel,0.0030720001086592674
cuda:0,2,builtin,builtin kernel memtile_value_kernel,builtin kernel memtile_value_kernel,0.0030720001086592674
cuda:0,2,builtin,builtin kernel memtile_value_kernel,builtin kernel memtile_value_kernel,0.0030720001086592674
cuda:0,2,builtin,builtin kernel memtile_value_kernel,builtin kernel memtile_value_kernel,0.0030720001086592674
cuda:0,2,builtin,builtin kernel memtile_value_kernel,builtin kernel memtile_value_kernel,0.0030720001086592674
cuda:0,2,builtin,builtin kernel memtile_value_kernel,builtin kernel memtile_value_kernel,0.0030720001086592674
cuda:0,2,builtin,builtin kernel memtile_value_kernel,builtin kernel memtile_value_kernel,0.0030720001086592674
cuda:0,2,builtin,builtin kernel memtile_value_kernel,builtin kernel memtile_value_kernel,0.0030720001086592674
cuda:0,2,builtin,builtin kernel memtile_value_kernel,builtin kernel memtile_value_kernel,0.004095999989658594
cuda:0,2,builtin,builtin kernel memtile_value_kernel,builtin kernel memtile_value_kernel,0.0030720001086592674
cuda:0,2,builtin,builtin kernel memtile_value_kernel,builtin kernel memtile_value_kernel,0.0030720001086592674
cuda:0,2,builtin,builtin kernel memtile_value_kernel,builtin kernel memtile_value_kernel,0.0031679999083280563
cuda:0,2,builtin,builtin kernel memtile_value_kernel,builtin kernel memtile_value_kernel,0.004095999989658594
cuda:0,2,builtin,builtin kernel memtile_value_kernel,builtin kernel memtile_value_kernel,0.0031679999083280563
cuda:0,2,builtin,builtin kernel memtile_value_kernel,builtin kernel memtile_value_kernel,0.004095999989658594
cuda:0,2,builtin,builtin kernel memtile_value_kernel,builtin kernel memtile_value_kernel,0.0032319999299943447
cuda:0,2,builtin,builtin kernel memtile_value_kernel,builtin kernel memtile_value_kernel,0.0030720001086592674
cuda:0,2,builtin,builtin kernel memtile_value_kernel,builtin kernel memtile_value_kernel,0.0030720001086592674
cuda:0,2,builtin,builtin kernel memtile_value_kernel,builtin kernel memtile_value_kernel,0.0030720001086592674
cuda:0,2,builtin,builtin kernel memtile_value_kernel,builtin kernel memtile_value_kernel,0.0030720001086592674
cuda:0,2,builtin,builtin kernel memtile_value_kernel,builtin kernel memtile_value_kernel,0.003135999897494912
cuda:0,2,builtin,builtin kernel memtile_value_kernel,builtin kernel memtile_value_kernel,0.0030720001086592674
cuda:0,2,builtin,builtin kernel memtile_value_kernel,builtin kernel memtile_value_kernel,0.0030720001086592674
cuda:0,2,builtin,builtin kernel memtile_value_kernel,builtin kernel memtile_value_kernel,0.0031679999083280563
cuda:0,2,builtin,builtin kernel memtile_value_kernel,builtin kernel memtile_value_kernel,0.0030720001086592674
cuda:0,2,builtin,builtin kernel memtile_value_kernel,builtin kernel memtile_value_kernel,0.0031999999191612005
cuda:0,2,builtin,builtin kernel memtile_value_kernel,builtin kernel memtile_value_kernel,0.0030720001086592674
cuda:0,2,builtin,builtin kernel memtile_value_kernel,builtin kernel memtile_value_kernel,0.0030720001086592674
cuda:0,2,builtin,builtin kernel memtile_value_kernel,builtin kernel memtile_value_kernel,0.0032319999299943447
cuda:0,2,builtin,builtin kernel memtile_value_kernel,builtin kernel memtile_value_kernel,0.0030720001086592674
cuda:0,2,builtin,builtin kernel memtile_value_kernel,builtin kernel memtile_value_kernel,0.0030720001086592674
cuda:0,2,builtin,builtin kernel memtile_value_kernel,builtin kernel memtile_value_kernel,0.0030720001086592674
cuda:0,2,builtin,builtin kernel memtile_value_kernel,builtin kernel memtile_value_kernel,0.0030720001086592674
cuda:0,2,builtin,builtin kernel memtile_value_kernel,builtin kernel memtile_value_kernel,0.0030720001086592674
cuda:0,2,builtin,builtin kernel memtile_value_kernel,builtin kernel memtile_value_kernel,0.0030720001086592674
cuda:0,2,builtin,builtin kernel memtile_value_kernel,builtin kernel memtile_value_kernel,0.0030720001086592674
cuda:0,2,builtin,builtin kernel memtile_value_kernel,builtin kernel memtile_value_kernel,0.0030720001086592674
cuda:0,2,builtin,builtin kernel memtile_value_kernel,builtin kernel memtile_value_kernel,0.0030720001086592674
cuda:0,2,builtin,builtin kernel memtile_value_kernel,builtin kernel memtile_value_kernel,0.0030720001086592674
cuda:0,2,builtin,builtin kernel memtile_value_kernel,builtin kernel memtile_value_kernel,0.0030720001086592674
cuda:0,2,builtin,builtin kernel memtile_value_kernel,builtin kernel memtile_value_kernel,0.0030720001086592674
cuda:0,2,builtin,builtin kernel memtile_value_kernel,builtin kernel memtile_value_kernel,0.0030720001086592674
cuda:0,2,builtin,builtin kernel memtile_value_kernel,builtin kernel memtile_value_kernel,0.0030720001086592674
cuda:0,1,kernel,forward kernel zero_scalar_kernel_4488849d,zero_scalar_kernel,0.007040000054985285
cuda:0,1,kernel,forward kernel compute_residual_kernel_307f3567,compute_residual_kernel,12.496576309204102
cuda:0,4,memcpy,memcpy DtoH,memcpy DtoH,0.007679999805986881
cuda:0,16,graph,graph,graph,75.24118041992188
cuda:0,1,kernel,forward kernel zero_scalar_kernel_4488849d,zero_scalar_kernel,0.0030720001086592674
cuda:0,1,kernel,forward kernel zero_scalar_kernel_4488849d,zero_scalar_kernel,0.0030720001086592674
cuda:0,1,kernel,forward kernel head_update_rms_and_snapshot_kernel_557460ec,head_update_rms_and_snapshot_kernel,15.21993637084961
cuda:0,4,memcpy,memcpy DtoH,memcpy DtoH,0.007519999984651804
cuda:0,4,memcpy,memcpy DtoH,memcpy DtoH,0.007296000141650438
cuda:0,2,builtin,builtin kernel memtile_value_kernel,builtin kernel memtile_value_kernel,0.006144000217318535
cuda:0,1,kernel,forward kernel zero_scalar_kernel_4488849d,zero_scalar_kernel,0.0030720001086592674
cuda:0,1,kernel,forward kernel compute_residual_kernel_307f3567,compute_residual_kernel,15.248384475708008
cuda:0,1,kernel,forward kernel check_rtr_converged_kernel_0e232b9a,check_rtr_converged_kernel,0.004095999989658594
cuda:0,4,memcpy,memcpy DtoH,memcpy DtoH,0.006816000211983919
cuda:0,16,graph,graph,graph,68.98662567138672
cuda:0,1,kernel,forward kernel zero_scalar_kernel_4488849d,zero_scalar_kernel,0.0030720001086592674
cuda:0,1,kernel,forward kernel zero_scalar_kernel_4488849d,zero_scalar_kernel,0.0030720001086592674
cuda:0,1,kernel,forward kernel head_update_rms_and_snapshot_kernel_557460ec,head_update_rms_and_snapshot_kernel,11.950079917907715
cuda:0,4,memcpy,memcpy DtoH,memcpy DtoH,0.006144000217318535
cuda:0,4,memcpy,memcpy DtoH,memcpy DtoH,0.005727999843657017
cuda:0,2,builtin,builtin kernel memtile_value_kernel,builtin kernel memtile_value_kernel,0.004095999989658594
cuda:0,1,kernel,forward kernel zero_scalar_kernel_4488849d,zero_scalar_kernel,0.003008000086992979
cuda:0,1,kernel,forward kernel compute_residual_kernel_307f3567,compute_residual_kernel,11.83743953704834
cuda:0,1,kernel,forward kernel check_rtr_converged_kernel_0e232b9a,check_rtr_converged_kernel,0.0030720001086592674
cuda:0,4,memcpy,memcpy DtoH,memcpy DtoH,0.006240000016987324
cuda:0,16,graph,graph,graph,66.07046508789062
cuda:0,1,kernel,forward kernel zero_scalar_kernel_4488849d,zero_scalar_kernel,0.0030720001086592674
cuda:0,1,kernel,forward kernel zero_scalar_kernel_4488849d,zero_scalar_kernel,0.0030720001086592674
cuda:0,1,kernel,forward kernel head_update_rms_and_snapshot_kernel_557460ec,head_update_rms_and_snapshot_kernel,11.833344459533691
cuda:0,4,memcpy,memcpy DtoH,memcpy DtoH,0.006527999881654978
cuda:0,4,memcpy,memcpy DtoH,memcpy DtoH,0.006111999973654747
cuda:0,2,builtin,builtin kernel memtile_value_kernel,builtin kernel memtile_value_kernel,0.0028800000436604023
cuda:0,1,kernel,forward kernel zero_scalar_kernel_4488849d,zero_scalar_kernel,0.003103999886661768
cuda:0,1,kernel,forward kernel compute_residual_kernel_307f3567,compute_residual_kernel,11.8373441696167
cuda:0,1,kernel,forward kernel check_rtr_converged_kernel_0e232b9a,check_rtr_converged_kernel,0.0030720001086592674
cuda:0,4,memcpy,memcpy DtoH,memcpy DtoH,0.006240000016987324
cuda:0,16,graph,graph,graph,65.438720703125
cuda:0,1,kernel,forward kernel zero_scalar_kernel_4488849d,zero_scalar_kernel,0.004095999989658594
cuda:0,1,kernel,forward kernel zero_scalar_kernel_4488849d,zero_scalar_kernel,0.002047999994829297
cuda:0,1,kernel,forward kernel head_update_rms_and_snapshot_kernel_557460ec,head_update_rms_and_snapshot_kernel,11.834367752075195
cuda:0,4,memcpy,memcpy DtoH,memcpy DtoH,0.006335999816656113
cuda:0,4,memcpy,memcpy DtoH,memcpy DtoH,0.005760000087320805
cuda:0,2,builtin,builtin kernel memtile_value_kernel,builtin kernel memtile_value_kernel,0.0030720001086592674
cuda:0,1,kernel,forward kernel zero_scalar_kernel_4488849d,zero_scalar_kernel,0.0030720001086592674
cuda:0,1,kernel,forward kernel compute_residual_kernel_307f3567,compute_residual_kernel,11.83737564086914
cuda:0,1,kernel,forward kernel check_rtr_converged_kernel_0e232b9a,check_rtr_converged_kernel,0.0030720001086592674
cuda:0,4,memcpy,memcpy DtoH,memcpy DtoH,0.006527999881654978
cuda:0,16,graph,graph,graph,65.44588470458984
cuda:0,1,kernel,forward kernel zero_scalar_kernel_4488849d,zero_scalar_kernel,0.0030720001086592674
cuda:0,1,kernel,forward kernel zero_scalar_kernel_4488849d,zero_scalar_kernel,0.0030720001086592674
cuda:0,1,kernel,forward kernel head_update_rms_and_snapshot_kernel_557460ec,head_update_rms_and_snapshot_kernel,11.834367752075195
cuda:0,4,memcpy,memcpy DtoH,memcpy DtoH,0.006816000211983919
cuda:0,4,memcpy,memcpy DtoH,memcpy DtoH,0.005727999843657017
cuda:0,2,builtin,builtin kernel memtile_value_kernel,builtin kernel memtile_value_kernel,0.0030720001086592674
cuda:0,1,kernel,forward kernel zero_scalar_kernel_4488849d,zero_scalar_kernel,0.002848000032827258
cuda:0,1,kernel,forward kernel compute_residual_kernel_307f3567,compute_residual_kernel,11.83743953704834
cuda:0,1,kernel,forward kernel check_rtr_converged_kernel_0e232b9a,check_rtr_converged_kernel,0.0030720001086592674
cuda:0,4,memcpy,memcpy DtoH,memcpy DtoH,0.006304000038653612
cuda:0,16,graph,graph,graph,65.45503997802734
cuda:0,1,kernel,forward kernel zero_scalar_kernel_4488849d,zero_scalar_kernel,0.0030720001086592674
cuda:0,1,kernel,forward kernel zero_scalar_kernel_4488849d,zero_scalar_kernel,0.0030720001086592674
cuda:0,1,kernel,forward kernel head_update_rms_and_snapshot_kernel_557460ec,head_update_rms_and_snapshot_kernel,11.833344459533691
cuda:0,4,memcpy,memcpy DtoH,memcpy DtoH,0.006335999816656113
cuda:0,4,memcpy,memcpy DtoH,memcpy DtoH,0.00559999980032444
cuda:0,2,builtin,builtin kernel memtile_value_kernel,builtin kernel memtile_value_kernel,0.0030720001086592674
cuda:0,1,kernel,forward kernel zero_scalar_kernel_4488849d,zero_scalar_kernel,0.0030720001086592674
cuda:0,1,kernel,forward kernel compute_residual_kernel_307f3567,compute_residual_kernel,11.83846378326416
cuda:0,1,kernel,forward kernel check_rtr_converged_kernel_0e232b9a,check_rtr_converged_kernel,0.0030720001086592674
cuda:0,4,memcpy,memcpy DtoH,memcpy DtoH,0.006304000038653612
cuda:0,16,graph,graph,graph,65.61689758300781
cuda:0,1,kernel,forward kernel zero_scalar_kernel_4488849d,zero_scalar_kernel,0.0030720001086592674
cuda:0,1,kernel,forward kernel zero_scalar_kernel_4488849d,zero_scalar_kernel,0.0030720001086592674
cuda:0,1,kernel,forward kernel head_update_rms_and_snapshot_kernel_557460ec,head_update_rms_and_snapshot_kernel,11.833344459533691
cuda:0,4,memcpy,memcpy DtoH,memcpy DtoH,0.006335999816656113
cuda:0,4,memcpy,memcpy DtoH,memcpy DtoH,0.0058559998869895935
cuda:0,2,builtin,builtin kernel memtile_value_kernel,builtin kernel memtile_value_kernel,0.0029120000544935465
cuda:0,1,kernel,forward kernel zero_scalar_kernel_4488849d,zero_scalar_kernel,0.0038399999029934406
cuda:0,1,kernel,forward kernel compute_residual_kernel_307f3567,compute_residual_kernel,11.836416244506836
cuda:0,1,kernel,forward kernel check_rtr_converged_kernel_0e232b9a,check_rtr_converged_kernel,0.004095999989658594
cuda:0,4,memcpy,memcpy DtoH,memcpy DtoH,0.006335999816656113
cuda:0,16,graph,graph,graph,65.438720703125
cuda:0,1,kernel,forward kernel zero_scalar_kernel_4488849d,zero_scalar_kernel,0.004095999989658594
cuda:0,1,kernel,forward kernel zero_scalar_kernel_4488849d,zero_scalar_kernel,0.0030720001086592674
cuda:0,1,kernel,forward kernel head_update_rms_and_snapshot_kernel_557460ec,head_update_rms_and_snapshot_kernel,11.833344459533691
cuda:0,4,memcpy,memcpy DtoH,memcpy DtoH,0.006399999838322401
cuda:0,4,memcpy,memcpy DtoH,memcpy DtoH,0.005760000087320805
cuda:0,2,builtin,builtin kernel memtile_value_kernel,builtin kernel memtile_value_kernel,0.0030720001086592674
cuda:0,1,kernel,forward kernel zero_scalar_kernel_4488849d,zero_scalar_kernel,0.0023040000814944506
cuda:0,1,kernel,forward kernel compute_residual_kernel_307f3567,compute_residual_kernel,11.837408065795898
cuda:0,1,kernel,forward kernel check_rtr_converged_kernel_0e232b9a,check_rtr_converged_kernel,0.0030720001086592674
cuda:0,4,memcpy,memcpy DtoH,memcpy DtoH,0.006111999973654747
cuda:0,16,graph,graph,graph,65.43974304199219
cuda:0,1,kernel,forward kernel zero_scalar_kernel_4488849d,zero_scalar_kernel,0.004095999989658594
cuda:0,1,kernel,forward kernel zero_scalar_kernel_4488849d,zero_scalar_kernel,0.0030720001086592674
cuda:0,1,kernel,forward kernel head_update_rms_and_snapshot_kernel_557460ec,head_update_rms_and_snapshot_kernel,11.835391998291016
cuda:0,4,memcpy,memcpy DtoH,memcpy DtoH,0.006432000081986189
cuda:0,4,memcpy,memcpy DtoH,memcpy DtoH,0.005696000065654516
cuda:0,2,builtin,builtin kernel memtile_value_kernel,builtin kernel memtile_value_kernel,0.0030720001086592674
cuda:0,1,kernel,forward kernel zero_scalar_kernel_4488849d,zero_scalar_kernel,0.0029440000653266907
cuda:0,1,kernel,forward kernel compute_residual_kernel_307f3567,compute_residual_kernel,11.83743953704834
cuda:0,1,kernel,forward kernel check_rtr_converged_kernel_0e232b9a,check_rtr_converged_kernel,0.0030720001086592674
cuda:0,4,memcpy,memcpy DtoH,memcpy DtoH,0.006335999816656113
cuda:0,16,graph,graph,graph,65.44384002685547
cuda:0,1,kernel,forward kernel zero_scalar_kernel_4488849d,zero_scalar_kernel,0.0030720001086592674
cuda:0,1,kernel,forward kernel zero_scalar_kernel_4488849d,zero_scalar_kernel,0.0030720001086592674
cuda:0,1,kernel,forward kernel head_update_rms_and_snapshot_kernel_557460ec,head_update_rms_and_snapshot_kernel,11.833344459533691
cuda:0,4,memcpy,memcpy DtoH,memcpy DtoH,0.006624000146985054
cuda:0,4,memcpy,memcpy DtoH,memcpy DtoH,0.005760000087320805
cuda:0,2,builtin,builtin kernel memtile_value_kernel,builtin kernel memtile_value_kernel,0.0032319999299943447
cuda:0,1,kernel,forward kernel zero_scalar_kernel_4488849d,zero_scalar_kernel,0.0030720001086592674
cuda:0,1,kernel,forward kernel compute_residual_kernel_307f3567,compute_residual_kernel,11.83743953704834
cuda:0,1,kernel,forward kernel check_rtr_converged_kernel_0e232b9a,check_rtr_converged_kernel,0.0030720001086592674
cuda:0,4,memcpy,memcpy DtoH,memcpy DtoH,0.006560000125318766
cuda:0,16,graph,graph,graph,65.4384994506836
cuda:0,1,kernel,forward kernel zero_scalar_kernel_4488849d,zero_scalar_kernel,0.0030720001086592674
cuda:0,1,kernel,forward kernel zero_scalar_kernel_4488849d,zero_scalar_kernel,0.0030720001086592674
cuda:0,1,kernel,forward kernel head_update_rms_and_snapshot_kernel_557460ec,head_update_rms_and_snapshot_kernel,11.833344459533691
cuda:0,4,memcpy,memcpy DtoH,memcpy DtoH,0.006591999903321266
cuda:0,4,memcpy,memcpy DtoH,memcpy DtoH,0.00595200015231967
cuda:0,2,builtin,builtin kernel memtile_value_kernel,builtin kernel memtile_value_kernel,0.0030720001086592674
cuda:0,1,kernel,forward kernel zero_scalar_kernel_4488849d,zero_scalar_kernel,0.0033599999733269215
cuda:0,1,kernel,forward kernel compute_residual_kernel_307f3567,compute_residual_kernel,11.837120056152344
cuda:0,1,kernel,forward kernel check_rtr_converged_kernel_0e232b9a,check_rtr_converged_kernel,0.0030720001086592674
cuda:0,4,memcpy,memcpy DtoH,memcpy DtoH,0.006399999838322401
cuda:0,16,graph,graph,graph,65.4417953491211
cuda:0,1,kernel,forward kernel zero_scalar_kernel_4488849d,zero_scalar_kernel,0.0030720001086592674
cuda:0,1,kernel,forward kernel zero_scalar_kernel_4488849d,zero_scalar_kernel,0.0030720001086592674
cuda:0,1,kernel,forward kernel head_update_rms_and_snapshot_kernel_557460ec,head_update_rms_and_snapshot_kernel,11.833344459533691
cuda:0,4,memcpy,memcpy DtoH,memcpy DtoH,0.006624000146985054
cuda:0,4,memcpy,memcpy DtoH,memcpy DtoH,0.0055680000223219395
cuda:0,2,builtin,builtin kernel memtile_value_kernel,builtin kernel memtile_value_kernel,0.0030720001086592674
cuda:0,1,kernel,forward kernel zero_scalar_kernel_4488849d,zero_scalar_kernel,0.0029120000544935465
cuda:0,1,kernel,forward kernel compute_residual_kernel_307f3567,compute_residual_kernel,11.837183952331543
cuda:0,1,kernel,forward kernel check_rtr_converged_kernel_0e232b9a,check_rtr_converged_kernel,0.0030720001086592674
cuda:0,4,memcpy,memcpy DtoH,memcpy DtoH,0.0060800001956522465
cuda:0,16,graph,graph,graph,65.44051361083984
cuda:0,1,kernel,forward kernel zero_scalar_kernel_4488849d,zero_scalar_kernel,0.002047999994829297
cuda:0,1,kernel,forward kernel zero_scalar_kernel_4488849d,zero_scalar_kernel,0.004095999989658594
cuda:0,1,kernel,forward kernel head_update_rms_and_snapshot_kernel_557460ec,head_update_rms_and_snapshot_kernel,11.834367752075195
cuda:0,4,memcpy,memcpy DtoH,memcpy DtoH,0.006175999995321035
cuda:0,4,memcpy,memcpy DtoH,memcpy DtoH,0.005727999843657017
cuda:0,2,builtin,builtin kernel memtile_value_kernel,builtin kernel memtile_value_kernel,0.0029440000653266907
cuda:0,1,kernel,forward kernel zero_scalar_kernel_4488849d,zero_scalar_kernel,0.0029120000544935465
cuda:0,1,kernel,forward kernel compute_residual_kernel_307f3567,compute_residual_kernel,11.83846378326416
cuda:0,1,kernel,forward kernel check_rtr_converged_kernel_0e232b9a,check_rtr_converged_kernel,0.004095999989658594
cuda:0,4,memcpy,memcpy DtoH,memcpy DtoH,0.006111999973654747
cuda:0,16,graph,graph,graph,65.44384002685547
cuda:0,1,kernel,forward kernel zero_scalar_kernel_4488849d,zero_scalar_kernel,0.002047999994829297
cuda:0,1,kernel,forward kernel zero_scalar_kernel_4488849d,zero_scalar_kernel,0.0030720001086592674
cuda:0,1,kernel,forward kernel head_update_rms_and_snapshot_kernel_557460ec,head_update_rms_and_snapshot_kernel,11.834367752075195
cuda:0,4,memcpy,memcpy DtoH,memcpy DtoH,0.006560000125318766
cuda:0,4,memcpy,memcpy DtoH,memcpy DtoH,0.005727999843657017
cuda:0,2,builtin,builtin kernel memtile_value_kernel,builtin kernel memtile_value_kernel,0.0030720001086592674
cuda:0,1,kernel,forward kernel zero_scalar_kernel_4488849d,zero_scalar_kernel,0.0030720001086592674
cuda:0,1,kernel,forward kernel compute_residual_kernel_307f3567,compute_residual_kernel,11.836416244506836
cuda:0,1,kernel,forward kernel check_rtr_converged_kernel_0e232b9a,check_rtr_converged_kernel,0.0032319999299943447
cuda:0,4,memcpy,memcpy DtoH,memcpy DtoH,0.006271999794989824
cuda:0,16,graph,graph,graph,65.44351959228516
cuda:0,1,kernel,forward kernel zero_scalar_kernel_4488849d,zero_scalar_kernel,0.0030720001086592674
cuda:0,1,kernel,forward kernel zero_scalar_kernel_4488849d,zero_scalar_kernel,0.0030720001086592674
cuda:0,1,kernel,forward kernel head_update_rms_and_snapshot_kernel_557460ec,head_update_rms_and_snapshot_kernel,11.833344459533691
cuda:0,4,memcpy,memcpy DtoH,memcpy DtoH,0.006047999951988459
cuda:0,4,memcpy,memcpy DtoH,memcpy DtoH,0.005663999821990728
cuda:0,2,builtin,builtin kernel memtile_value_kernel,builtin kernel memtile_value_kernel,0.003008000086992979
cuda:0,1,kernel,forward kernel zero_scalar_kernel_4488849d,zero_scalar_kernel,0.0031679999083280563
cuda:0,1,kernel,forward kernel compute_residual_kernel_307f3567,compute_residual_kernel,11.837408065795898
cuda:0,1,kernel,forward kernel check_rtr_converged_kernel_0e232b9a,check_rtr_converged_kernel,0.0030720001086592674
cuda:0,4,memcpy,memcpy DtoH,memcpy DtoH,0.006047999951988459
cuda:0,16,graph,graph,graph,65.44486236572266
cuda:0,1,kernel,forward kernel zero_scalar_kernel_4488849d,zero_scalar_kernel,0.004095999989658594
cuda:0,1,kernel,forward kernel zero_scalar_kernel_4488849d,zero_scalar_kernel,0.002047999994829297
cuda:0,1,kernel,forward kernel head_update_rms_and_snapshot_kernel_557460ec,head_update_rms_and_snapshot_kernel,11.833344459533691
cuda:0,4,memcpy,memcpy DtoH,memcpy DtoH,0.006111999973654747
cuda:0,4,memcpy,memcpy DtoH,memcpy DtoH,0.00559999980032444
cuda:0,2,builtin,builtin kernel memtile_value_kernel,builtin kernel memtile_value_kernel,0.0030720001086592674
cuda:0,1,kernel,forward kernel zero_scalar_kernel_4488849d,zero_scalar_kernel,0.0030720001086592674
cuda:0,1,kernel,forward kernel compute_residual_kernel_307f3567,compute_residual_kernel,11.836416244506836
cuda:0,1,kernel,forward kernel check_rtr_converged_kernel_0e232b9a,check_rtr_converged_kernel,0.003263999940827489
cuda:0,4,memcpy,memcpy DtoH,memcpy DtoH,0.006175999995321035
cuda:0,16,graph,graph,graph,65.44076538085938
cuda:0,1,kernel,forward kernel zero_scalar_kernel_4488849d,zero_scalar_kernel,0.0030720001086592674
cuda:0,1,kernel,forward kernel zero_scalar_kernel_4488849d,zero_scalar_kernel,0.0030720001086592674
cuda:0,1,kernel,forward kernel head_update_rms_and_snapshot_kernel_557460ec,head_update_rms_and_snapshot_kernel,11.834367752075195
cuda:0,4,memcpy,memcpy DtoH,memcpy DtoH,0.006047999951988459
cuda:0,4,memcpy,memcpy DtoH,memcpy DtoH,0.005696000065654516
cuda:0,2,builtin,builtin kernel memtile_value_kernel,builtin kernel memtile_value_kernel,0.0030720001086592674
cuda:0,1,kernel,forward kernel zero_scalar_kernel_4488849d,zero_scalar_kernel,0.0030720001086592674
cuda:0,1,kernel,forward kernel compute_residual_kernel_307f3567,compute_residual_kernel,11.83743953704834
cuda:0,1,kernel,forward kernel check_rtr_converged_kernel_0e232b9a,check_rtr_converged_kernel,0.0030720001086592674
cuda:0,4,memcpy,memcpy DtoH,memcpy DtoH,0.006175999995321035
cuda:0,16,graph,graph,graph,65.44588470458984
cuda:0,1,kernel,forward kernel zero_scalar_kernel_4488849d,zero_scalar_kernel,0.0030720001086592674
cuda:0,1,kernel,forward kernel zero_scalar_kernel_4488849d,zero_scalar_kernel,0.0030720001086592674
cuda:0,1,kernel,forward kernel head_update_rms_and_snapshot_kernel_557460ec,head_update_rms_and_snapshot_kernel,11.833344459533691
cuda:0,4,memcpy,memcpy DtoH,memcpy DtoH,0.0063680000603199005
cuda:0,4,memcpy,memcpy DtoH,memcpy DtoH,0.005727999843657017
cuda:0,2,builtin,builtin kernel memtile_value_kernel,builtin kernel memtile_value_kernel,0.0031999999191612005
cuda:0,1,kernel,forward kernel zero_scalar_kernel_4488849d,zero_scalar_kernel,0.0030720001086592674
cuda:0,1,kernel,forward kernel compute_residual_kernel_307f3567,compute_residual_kernel,11.83743953704834
cuda:0,1,kernel,forward kernel check_rtr_converged_kernel_0e232b9a,check_rtr_converged_kernel,0.0030720001086592674
cuda:0,4,memcpy,memcpy DtoH,memcpy DtoH,0.006047999951988459
cuda:0,16,graph,graph,graph,65.43974304199219
cuda:0,1,kernel,forward kernel zero_scalar_kernel_4488849d,zero_scalar_kernel,0.0030720001086592674
cuda:0,1,kernel,forward kernel zero_scalar_kernel_4488849d,zero_scalar_kernel,0.0030720001086592674
cuda:0,1,kernel,forward kernel head_update_rms_and_snapshot_kernel_557460ec,head_update_rms_and_snapshot_kernel,11.834367752075195
cuda:0,4,memcpy,memcpy DtoH,memcpy DtoH,0.006335999816656113
cuda:0,4,memcpy,memcpy DtoH,memcpy DtoH,0.00595200015231967
cuda:0,2,builtin,builtin kernel memtile_value_kernel,builtin kernel memtile_value_kernel,0.0030720001086592674
cuda:0,1,kernel,forward kernel zero_scalar_kernel_4488849d,zero_scalar_kernel,0.0030720001086592674
cuda:0,1,kernel,forward kernel compute_residual_kernel_307f3567,compute_residual_kernel,11.838272094726562
cuda:0,1,kernel,forward kernel check_rtr_converged_kernel_0e232b9a,check_rtr_converged_kernel,0.0030720001086592674
cuda:0,4,memcpy,memcpy DtoH,memcpy DtoH,0.006240000016987324
cuda:0,16,graph,graph,graph,65.43644714355469
cuda:0,1,kernel,forward kernel zero_scalar_kernel_4488849d,zero_scalar_kernel,0.0030720001086592674
cuda:0,1,kernel,forward kernel zero_scalar_kernel_4488849d,zero_scalar_kernel,0.0030720001086592674
cuda:0,1,kernel,forward kernel head_update_rms_and_snapshot_kernel_557460ec,head_update_rms_and_snapshot_kernel,11.833344459533691
cuda:0,4,memcpy,memcpy DtoH,memcpy DtoH,0.006432000081986189
cuda:0,4,memcpy,memcpy DtoH,memcpy DtoH,0.00559999980032444
cuda:0,2,builtin,builtin kernel memtile_value_kernel,builtin kernel memtile_value_kernel,0.0030720001086592674
cuda:0,1,kernel,forward kernel zero_scalar_kernel_4488849d,zero_scalar_kernel,0.0030720001086592674
cuda:0,1,kernel,forward kernel compute_residual_kernel_307f3567,compute_residual_kernel,11.837120056152344
cuda:0,1,kernel,forward kernel check_rtr_converged_kernel_0e232b9a,check_rtr_converged_kernel,0.0033279999624937773
cuda:0,4,memcpy,memcpy DtoH,memcpy DtoH,0.006399999838322401
cuda:0,16,graph,graph,graph,65.438720703125
cuda:0,1,kernel,forward kernel zero_scalar_kernel_4488849d,zero_scalar_kernel,0.0030720001086592674
cuda:0,1,kernel,forward kernel zero_scalar_kernel_4488849d,zero_scalar_kernel,0.0030720001086592674
cuda:0,1,kernel,forward kernel head_update_rms_and_snapshot_kernel_557460ec,head_update_rms_and_snapshot_kernel,11.834367752075195
cuda:0,4,memcpy,memcpy DtoH,memcpy DtoH,0.0066559999249875546
cuda:0,4,memcpy,memcpy DtoH,memcpy DtoH,0.005696000065654516
cuda:0,2,builtin,builtin kernel memtile_value_kernel,builtin kernel memtile_value_kernel,0.0030400000978261232
cuda:0,1,kernel,forward kernel zero_scalar_kernel_4488849d,zero_scalar_kernel,0.0030720001086592674
cuda:0,1,kernel,forward kernel compute_residual_kernel_307f3567,compute_residual_kernel,11.83846378326416
cuda:0,1,kernel,forward kernel check_rtr_converged_kernel_0e232b9a,check_rtr_converged_kernel,0.0030720001086592674
cuda:0,4,memcpy,memcpy DtoH,memcpy DtoH,0.006207999773323536
cuda:0,16,graph,graph,graph,65.47046661376953
cuda:0,1,kernel,forward kernel zero_scalar_kernel_4488849d,zero_scalar_kernel,0.0030720001086592674
cuda:0,1,kernel,forward kernel zero_scalar_kernel_4488849d,zero_scalar_kernel,0.002047999994829297
cuda:0,1,kernel,forward kernel head_update_rms_and_snapshot_kernel_557460ec,head_update_rms_and_snapshot_kernel,11.833344459533691
cuda:0,4,memcpy,memcpy DtoH,memcpy DtoH,0.006399999838322401
cuda:0,4,memcpy,memcpy DtoH,memcpy DtoH,0.005824000108987093
cuda:0,2,builtin,builtin kernel memtile_value_kernel,builtin kernel memtile_value_kernel,0.0030720001086592674
cuda:0,1,kernel,forward kernel zero_scalar_kernel_4488849d,zero_scalar_kernel,0.0029440000653266907
cuda:0,1,kernel,forward kernel compute_residual_kernel_307f3567,compute_residual_kernel,11.83743953704834
cuda:0,1,kernel,forward kernel check_rtr_converged_kernel_0e232b9a,check_rtr_converged_kernel,0.0030720001086592674
cuda:0,4,memcpy,memcpy DtoH,memcpy DtoH,0.006271999794989824
cuda:0,16,graph,graph,graph,65.43360137939453
cuda:0,1,kernel,forward kernel zero_scalar_kernel_4488849d,zero_scalar_kernel,0.0030720001086592674
cuda:0,1,kernel,forward kernel zero_scalar_kernel_4488849d,zero_scalar_kernel,0.0030720001086592674
cuda:0,1,kernel,forward kernel head_update_rms_and_snapshot_kernel_557460ec,head_update_rms_and_snapshot_kernel,11.834367752075195
cuda:0,4,memcpy,memcpy DtoH,memcpy DtoH,0.006240000016987324
cuda:0,4,memcpy,memcpy DtoH,memcpy DtoH,0.005888000130653381
cuda:0,2,builtin,builtin kernel memtile_value_kernel,builtin kernel memtile_value_kernel,0.002047999994829297
cuda:0,1,kernel,forward kernel zero_scalar_kernel_4488849d,zero_scalar_kernel,0.0030720001086592674
cuda:0,1,kernel,forward kernel compute_residual_kernel_307f3567,compute_residual_kernel,11.8372802734375
cuda:0,1,kernel,forward kernel check_rtr_converged_kernel_0e232b9a,check_rtr_converged_kernel,0.003263999940827489
cuda:0,4,memcpy,memcpy DtoH,memcpy DtoH,0.006335999816656113
cuda:0,16,graph,graph,graph,65.43462371826172
cuda:0,1,kernel,forward kernel zero_scalar_kernel_4488849d,zero_scalar_kernel,0.0030720001086592674
cuda:0,1,kernel,forward kernel zero_scalar_kernel_4488849d,zero_scalar_kernel,0.0030720001086592674
cuda:0,1,kernel,forward kernel head_update_rms_and_snapshot_kernel_557460ec,head_update_rms_and_snapshot_kernel,11.834367752075195
cuda:0,4,memcpy,memcpy DtoH,memcpy DtoH,0.006271999794989824
cuda:0,4,memcpy,memcpy DtoH,memcpy DtoH,0.005663999821990728
cuda:0,2,builtin,builtin kernel memtile_value_kernel,builtin kernel memtile_value_kernel,0.0030720001086592674
cuda:0,1,kernel,forward kernel zero_scalar_kernel_4488849d,zero_scalar_kernel,0.0030720001086592674
cuda:0,1,kernel,forward kernel compute_residual_kernel_307f3567,compute_residual_kernel,11.836416244506836
cuda:0,1,kernel,forward kernel check_rtr_converged_kernel_0e232b9a,check_rtr_converged_kernel,0.0030720001086592674
cuda:0,4,memcpy,memcpy DtoH,memcpy DtoH,0.006496000103652477
cuda:0,16,graph,graph,graph,65.4366683959961
cuda:0,1,kernel,forward kernel zero_scalar_kernel_4488849d,zero_scalar_kernel,0.002047999994829297
cuda:0,1,kernel,forward kernel zero_scalar_kernel_4488849d,zero_scalar_kernel,0.0030720001086592674
cuda:0,1,kernel,forward kernel head_update_rms_and_snapshot_kernel_557460ec,head_update_rms_and_snapshot_kernel,11.834367752075195
cuda:0,4,memcpy,memcpy DtoH,memcpy DtoH,0.006271999794989824
cuda:0,4,memcpy,memcpy DtoH,memcpy DtoH,0.00595200015231967
cuda:0,2,builtin,builtin kernel memtile_value_kernel,builtin kernel memtile_value_kernel,0.0030720001086592674
cuda:0,1,kernel,forward kernel zero_scalar_kernel_4488849d,zero_scalar_kernel,0.0029120000544935465
cuda:0,1,kernel,forward kernel compute_residual_kernel_307f3567,compute_residual_kernel,11.83743953704834
cuda:0,1,kernel,forward kernel check_rtr_converged_kernel_0e232b9a,check_rtr_converged_kernel,0.003103999886661768
cuda:0,4,memcpy,memcpy DtoH,memcpy DtoH,0.006304000038653612
cuda:0,16,graph,graph,graph,65.4417953491211
cuda:0,1,kernel,forward kernel zero_scalar_kernel_4488849d,zero_scalar_kernel,0.0030720001086592674
cuda:0,1,kernel,forward kernel zero_scalar_kernel_4488849d,zero_scalar_kernel,0.0030720001086592674
cuda:0,1,kernel,forward kernel head_update_rms_and_snapshot_kernel_557460ec,head_update_rms_and_snapshot_kernel,11.833344459533691
cuda:0,4,memcpy,memcpy DtoH,memcpy DtoH,0.006304000038653612
cuda:0,4,memcpy,memcpy DtoH,memcpy DtoH,0.00559999980032444
cuda:0,2,builtin,builtin kernel memtile_value_kernel,builtin kernel memtile_value_kernel,0.0030720001086592674
cuda:0,1,kernel,forward kernel zero_scalar_kernel_4488849d,zero_scalar_kernel,0.0030720001086592674
cuda:0,1,kernel,forward kernel compute_residual_kernel_307f3567,compute_residual_kernel,11.836671829223633
cuda:0,1,kernel,forward kernel check_rtr_converged_kernel_0e232b9a,check_rtr_converged_kernel,0.0033279999624937773
cuda:0,4,memcpy,memcpy DtoH,memcpy DtoH,0.006240000016987324
cuda:0,16,graph,graph,graph,65.43462371826172
cuda:0,1,kernel,forward kernel zero_scalar_kernel_4488849d,zero_scalar_kernel,0.0030720001086592674
cuda:0,1,kernel,forward kernel zero_scalar_kernel_4488849d,zero_scalar_kernel,0.0030720001086592674
cuda:0,1,kernel,forward kernel head_update_rms_and_snapshot_kernel_557460ec,head_update_rms_and_snapshot_kernel,11.834367752075195
cuda:0,4,memcpy,memcpy DtoH,memcpy DtoH,0.0063680000603199005
cuda:0,4,memcpy,memcpy DtoH,memcpy DtoH,0.005760000087320805
cuda:0,2,builtin,builtin kernel memtile_value_kernel,builtin kernel memtile_value_kernel,0.0030720001086592674
cuda:0,1,kernel,forward kernel zero_scalar_kernel_4488849d,zero_scalar_kernel,0.003135999897494912
cuda:0,1,kernel,forward kernel compute_residual_kernel_307f3567,compute_residual_kernel,11.83743953704834
cuda:0,1,kernel,forward kernel check_rtr_converged_kernel_0e232b9a,check_rtr_converged_kernel,0.0030720001086592674
cuda:0,4,memcpy,memcpy DtoH,memcpy DtoH,0.006304000038653612
cuda:0,16,graph,graph,graph,65.44569396972656
cuda:0,1,kernel,forward kernel zero_scalar_kernel_4488849d,zero_scalar_kernel,0.004095999989658594
cuda:0,1,kernel,forward kernel zero_scalar_kernel_4488849d,zero_scalar_kernel,0.002047999994829297
cuda:0,1,kernel,forward kernel head_update_rms_and_snapshot_kernel_557460ec,head_update_rms_and_snapshot_kernel,11.833344459533691
cuda:0,4,memcpy,memcpy DtoH,memcpy DtoH,0.006240000016987324
cuda:0,4,memcpy,memcpy DtoH,memcpy DtoH,0.00559999980032444
cuda:0,2,builtin,builtin kernel memtile_value_kernel,builtin kernel memtile_value_kernel,0.0030720001086592674
cuda:0,1,kernel,forward kernel zero_scalar_kernel_4488849d,zero_scalar_kernel,0.0030720001086592674
cuda:0,1,kernel,forward kernel compute_residual_kernel_307f3567,compute_residual_kernel,11.836416244506836
cuda:0,1,kernel,forward kernel check_rtr_converged_kernel_0e232b9a,check_rtr_converged_kernel,0.003135999897494912
cuda:0,4,memcpy,memcpy DtoH,memcpy DtoH,0.006271999794989824
cuda:0,16,graph,graph,graph,65.42950439453125
cuda:0,1,kernel,forward kernel zero_scalar_kernel_4488849d,zero_scalar_kernel,0.0030720001086592674
cuda:0,1,kernel,forward kernel zero_scalar_kernel_4488849d,zero_scalar_kernel,0.0030720001086592674
cuda:0,1,kernel,forward kernel head_update_rms_and_snapshot_kernel_557460ec,head_update_rms_and_snapshot_kernel,11.834367752075195
cuda:0,4,memcpy,memcpy DtoH,memcpy DtoH,0.006463999859988689
cuda:0,4,memcpy,memcpy DtoH,memcpy DtoH,0.005696000065654516
cuda:0,2,builtin,builtin kernel memtile_value_kernel,builtin kernel memtile_value_kernel,0.002368000103160739
cuda:0,1,kernel,forward kernel zero_scalar_kernel_4488849d,zero_scalar_kernel,0.0030720001086592674
cuda:0,1,kernel,forward kernel compute_residual_kernel_307f3567,compute_residual_kernel,11.838272094726562
cuda:0,1,kernel,forward kernel check_rtr_converged_kernel_0e232b9a,check_rtr_converged_kernel,0.0030720001086592674
cuda:0,4,memcpy,memcpy DtoH,memcpy DtoH,0.006175999995321035
cuda:0,16,graph,graph,graph,65.44585418701172
cuda:0,1,kernel,forward kernel zero_scalar_kernel_4488849d,zero_scalar_kernel,0.0030720001086592674
cuda:0,1,kernel,forward kernel zero_scalar_kernel_4488849d,zero_scalar_kernel,0.0030720001086592674
cuda:0,1,kernel,forward kernel head_update_rms_and_snapshot_kernel_557460ec,head_update_rms_and_snapshot_kernel,11.833344459533691
cuda:0,4,memcpy,memcpy DtoH,memcpy DtoH,0.006240000016987324
cuda:0,4,memcpy,memcpy DtoH,memcpy DtoH,0.005791999865323305
cuda:0,2,builtin,builtin kernel memtile_value_kernel,builtin kernel memtile_value_kernel,0.0030720001086592674
cuda:0,1,kernel,forward kernel zero_scalar_kernel_4488849d,zero_scalar_kernel,0.0030720001086592674
cuda:0,1,kernel,forward kernel compute_residual_kernel_307f3567,compute_residual_kernel,11.837311744689941
cuda:0,1,kernel,forward kernel check_rtr_converged_kernel_0e232b9a,check_rtr_converged_kernel,0.0030720001086592674
cuda:0,4,memcpy,memcpy DtoH,memcpy DtoH,0.006111999973654747
cuda:0,16,graph,graph,graph,65.4405746459961
cuda:0,1,kernel,forward kernel zero_scalar_kernel_4488849d,zero_scalar_kernel,0.0030720001086592674
cuda:0,1,kernel,forward kernel zero_scalar_kernel_4488849d,zero_scalar_kernel,0.0030720001086592674
cuda:0,1,kernel,forward kernel head_update_rms_and_snapshot_kernel_557460ec,head_update_rms_and_snapshot_kernel,11.833344459533691
cuda:0,4,memcpy,memcpy DtoH,memcpy DtoH,0.006175999995321035
cuda:0,4,memcpy,memcpy DtoH,memcpy DtoH,0.0058559998869895935
cuda:0,2,builtin,builtin kernel memtile_value_kernel,builtin kernel memtile_value_kernel,0.0030720001086592674
cuda:0,1,kernel,forward kernel zero_scalar_kernel_4488849d,zero_scalar_kernel,0.0030720001086592674
cuda:0,1,kernel,forward kernel compute_residual_kernel_307f3567,compute_residual_kernel,11.836416244506836
cuda:0,1,kernel,forward kernel check_rtr_converged_kernel_0e232b9a,check_rtr_converged_kernel,0.003135999897494912
cuda:0,4,memcpy,memcpy DtoH,memcpy DtoH,0.006175999995321035
cuda:0,16,graph,graph,graph,65.44767761230469
cuda:0,1,kernel,forward kernel zero_scalar_kernel_4488849d,zero_scalar_kernel,0.0030720001086592674
cuda:0,1,kernel,forward kernel zero_scalar_kernel_4488849d,zero_scalar_kernel,0.0030720001086592674
cuda:0,1,kernel,forward kernel head_update_rms_and_snapshot_kernel_557460ec,head_update_rms_and_snapshot_kernel,11.834367752075195
cuda:0,4,memcpy,memcpy DtoH,memcpy DtoH,0.0066559999249875546
cuda:0,4,memcpy,memcpy DtoH,memcpy DtoH,0.005696000065654516
cuda:0,2,builtin,builtin kernel memtile_value_kernel,builtin kernel memtile_value_kernel,0.0030720001086592674
cuda:0,1,kernel,forward kernel zero_scalar_kernel_4488849d,zero_scalar_kernel,0.0030720001086592674
cuda:0,1,kernel,forward kernel compute_residual_kernel_307f3567,compute_residual_kernel,11.83743953704834
cuda:0,1,kernel,forward kernel check_rtr_converged_kernel_0e232b9a,check_rtr_converged_kernel,0.0030720001086592674
cuda:0,4,memcpy,memcpy DtoH,memcpy DtoH,0.0060800001956522465
cuda:0,16,graph,graph,graph,65.44451141357422
cuda:0,1,kernel,forward kernel zero_scalar_kernel_4488849d,zero_scalar_kernel,0.0030720001086592674
cuda:0,1,kernel,forward kernel zero_scalar_kernel_4488849d,zero_scalar_kernel,0.0030720001086592674
cuda:0,1,kernel,forward kernel head_update_rms_and_snapshot_kernel_557460ec,head_update_rms_and_snapshot_kernel,11.834367752075195
cuda:0,4,memcpy,memcpy DtoH,memcpy DtoH,0.006335999816656113
cuda:0,4,memcpy,memcpy DtoH,memcpy DtoH,0.005727999843657017
cuda:0,2,builtin,builtin kernel memtile_value_kernel,builtin kernel memtile_value_kernel,0.0030720001086592674
cuda:0,1,kernel,forward kernel zero_scalar_kernel_4488849d,zero_scalar_kernel,0.002047999994829297
cuda:0,1,kernel,forward kernel compute_residual_kernel_307f3567,compute_residual_kernel,11.83743953704834
cuda:0,1,kernel,forward kernel check_rtr_converged_kernel_0e232b9a,check_rtr_converged_kernel,0.0030720001086592674
cuda:0,4,memcpy,memcpy DtoH,memcpy DtoH,0.006144000217318535
cuda:0,16,graph,graph,graph,65.45091247558594
cuda:0,1,kernel,forward kernel zero_scalar_kernel_4488849d,zero_scalar_kernel,0.0030720001086592674
cuda:0,1,kernel,forward kernel zero_scalar_kernel_4488849d,zero_scalar_kernel,0.0030720001086592674
cuda:0,1,kernel,forward kernel head_update_rms_and_snapshot_kernel_557460ec,head_update_rms_and_snapshot_kernel,11.834367752075195
cuda:0,4,memcpy,memcpy DtoH,memcpy DtoH,0.006560000125318766
cuda:0,4,memcpy,memcpy DtoH,memcpy DtoH,0.005760000087320805
cuda:0,2,builtin,builtin kernel memtile_value_kernel,builtin kernel memtile_value_kernel,0.004000000189989805
cuda:0,1,kernel,forward kernel zero_scalar_kernel_4488849d,zero_scalar_kernel,0.0030720001086592674
cuda:0,1,kernel,forward kernel compute_residual_kernel_307f3567,compute_residual_kernel,11.83743953704834
cuda:0,1,kernel,forward kernel check_rtr_converged_kernel_0e232b9a,check_rtr_converged_kernel,0.0030720001086592674
cuda:0,4,memcpy,memcpy DtoH,memcpy DtoH,0.006240000016987324
cuda:0,16,graph,graph,graph,65.44073486328125
cuda:0,1,kernel,forward kernel zero_scalar_kernel_4488849d,zero_scalar_kernel,0.0030720001086592674
cuda:0,1,kernel,forward kernel zero_scalar_kernel_4488849d,zero_scalar_kernel,0.0030720001086592674
cuda:0,1,kernel,forward kernel head_update_rms_and_snapshot_kernel_557460ec,head_update_rms_and_snapshot_kernel,11.834367752075195
cuda:0,4,memcpy,memcpy DtoH,memcpy DtoH,0.006496000103652477
cuda:0,4,memcpy,memcpy DtoH,memcpy DtoH,0.0058559998869895935
cuda:0,2,builtin,builtin kernel memtile_value_kernel,builtin kernel memtile_value_kernel,0.0030720001086592674
cuda:0,1,kernel,forward kernel zero_scalar_kernel_4488849d,zero_scalar_kernel,0.0030720001086592674
cuda:0,1,kernel,forward kernel compute_residual_kernel_307f3567,compute_residual_kernel,11.83743953704834
cuda:0,1,kernel,forward kernel check_rtr_converged_kernel_0e232b9a,check_rtr_converged_kernel,0.0030720001086592674
cuda:0,4,memcpy,memcpy DtoH,memcpy DtoH,0.006271999794989824
cuda:0,16,graph,graph,graph,65.44355010986328
cuda:0,1,kernel,forward kernel zero_scalar_kernel_4488849d,zero_scalar_kernel,0.0030720001086592674
cuda:0,1,kernel,forward kernel zero_scalar_kernel_4488849d,zero_scalar_kernel,0.0030720001086592674
cuda:0,1,kernel,forward kernel head_update_rms_and_snapshot_kernel_557460ec,head_update_rms_and_snapshot_kernel,11.833344459533691
cuda:0,4,memcpy,memcpy DtoH,memcpy DtoH,0.006144000217318535
cuda:0,4,memcpy,memcpy DtoH,memcpy DtoH,0.00559999980032444
cuda:0,2,builtin,builtin kernel memtile_value_kernel,builtin kernel memtile_value_kernel,0.0030720001086592674
cuda:0,1,kernel,forward kernel zero_scalar_kernel_4488849d,zero_scalar_kernel,0.0030720001086592674
cuda:0,1,kernel,forward kernel compute_residual_kernel_307f3567,compute_residual_kernel,11.838111877441406
cuda:0,1,kernel,forward kernel check_rtr_converged_kernel_0e232b9a,check_rtr_converged_kernel,0.0030720001086592674
cuda:0,4,memcpy,memcpy DtoH,memcpy DtoH,0.006144000217318535
cuda:0,16,graph,graph,graph,65.45491027832031
cuda:0,1,kernel,forward kernel zero_scalar_kernel_4488849d,zero_scalar_kernel,0.0030720001086592674
cuda:0,1,kernel,forward kernel zero_scalar_kernel_4488849d,zero_scalar_kernel,0.0030720001086592674
cuda:0,1,kernel,forward kernel head_update_rms_and_snapshot_kernel_557460ec,head_update_rms_and_snapshot_kernel,11.833344459533691
cuda:0,4,memcpy,memcpy DtoH,memcpy DtoH,0.006335999816656113
cuda:0,4,memcpy,memcpy DtoH,memcpy DtoH,0.005727999843657017
cuda:0,2,builtin,builtin kernel memtile_value_kernel,builtin kernel memtile_value_kernel,0.0030720001086592674
cuda:0,1,kernel,forward kernel zero_scalar_kernel_4488849d,zero_scalar_kernel,0.003008000086992979
cuda:0,1,kernel,forward kernel compute_residual_kernel_307f3567,compute_residual_kernel,11.83743953704834
cuda:0,1,kernel,forward kernel check_rtr_converged_kernel_0e232b9a,check_rtr_converged_kernel,0.0030720001086592674
cuda:0,4,memcpy,memcpy DtoH,memcpy DtoH,0.005919999908655882
cuda:0,16,graph,graph,graph,65.44998168945312
cuda:0,1,kernel,forward kernel zero_scalar_kernel_4488849d,zero_scalar_kernel,0.0030720001086592674
cuda:0,1,kernel,forward kernel zero_scalar_kernel_4488849d,zero_scalar_kernel,0.0030720001086592674
cuda:0,1,kernel,forward kernel head_update_rms_and_snapshot_kernel_557460ec,head_update_rms_and_snapshot_kernel,11.834367752075195
cuda:0,4,memcpy,memcpy DtoH,memcpy DtoH,0.006496000103652477
cuda:0,4,memcpy,memcpy DtoH,memcpy DtoH,0.005439999978989363
cuda:0,2,builtin,builtin kernel memtile_value_kernel,builtin kernel memtile_value_kernel,0.003903999924659729
cuda:0,1,kernel,forward kernel zero_scalar_kernel_4488849d,zero_scalar_kernel,0.0030720001086592674
cuda:0,1,kernel,forward kernel compute_residual_kernel_307f3567,compute_residual_kernel,11.83743953704834
cuda:0,1,kernel,forward kernel check_rtr_converged_kernel_0e232b9a,check_rtr_converged_kernel,0.0030720001086592674
cuda:0,4,memcpy,memcpy DtoH,memcpy DtoH,0.006047999951988459
cuda:0,16,graph,graph,graph,65.4702377319336
cuda:0,1,kernel,forward kernel zero_scalar_kernel_4488849d,zero_scalar_kernel,0.0030720001086592674
cuda:0,1,kernel,forward kernel zero_scalar_kernel_4488849d,zero_scalar_kernel,0.0030720001086592674
cuda:0,1,kernel,forward kernel head_update_rms_and_snapshot_kernel_557460ec,head_update_rms_and_snapshot_kernel,11.833344459533691
cuda:0,4,memcpy,memcpy DtoH,memcpy DtoH,0.006047999951988459
cuda:0,4,memcpy,memcpy DtoH,memcpy DtoH,0.005888000130653381
cuda:0,2,builtin,builtin kernel memtile_value_kernel,builtin kernel memtile_value_kernel,0.0030720001086592674
cuda:0,1,kernel,forward kernel zero_scalar_kernel_4488849d,zero_scalar_kernel,0.0030720001086592674
cuda:0,1,kernel,forward kernel compute_residual_kernel_307f3567,compute_residual_kernel,11.836416244506836
cuda:0,1,kernel,forward kernel check_rtr_converged_kernel_0e232b9a,check_rtr_converged_kernel,0.0030720001086592674
cuda:0,4,memcpy,memcpy DtoH,memcpy DtoH,0.006111999973654747
cuda:0,16,graph,graph,graph,65.44879913330078
cuda:0,1,kernel,forward kernel zero_scalar_kernel_4488849d,zero_scalar_kernel,0.004095999989658594
cuda:0,1,kernel,forward kernel zero_scalar_kernel_4488849d,zero_scalar_kernel,0.0030720001086592674
cuda:0,1,kernel,forward kernel head_update_rms_and_snapshot_kernel_557460ec,head_update_rms_and_snapshot_kernel,11.833344459533691
cuda:0,4,memcpy,memcpy DtoH,memcpy DtoH,0.006111999973654747
cuda:0,4,memcpy,memcpy DtoH,memcpy DtoH,0.0055680000223219395
cuda:0,2,builtin,builtin kernel memtile_value_kernel,builtin kernel memtile_value_kernel,0.0030720001086592674
cuda:0,1,kernel,forward kernel zero_scalar_kernel_4488849d,zero_scalar_kernel,0.0030720001086592674
cuda:0,1,kernel,forward kernel compute_residual_kernel_307f3567,compute_residual_kernel,11.83846378326416
cuda:0,1,kernel,forward kernel check_rtr_converged_kernel_0e232b9a,check_rtr_converged_kernel,0.0030720001086592674
cuda:0,4,memcpy,memcpy DtoH,memcpy DtoH,0.006111999973654747
cuda:0,16,graph,graph,graph,65.4560317993164
cuda:0,1,kernel,forward kernel zero_scalar_kernel_4488849d,zero_scalar_kernel,0.0030720001086592674
cuda:0,1,kernel,forward kernel zero_scalar_kernel_4488849d,zero_scalar_kernel,0.0030720001086592674
cuda:0,1,kernel,forward kernel head_update_rms_and_snapshot_kernel_557460ec,head_update_rms_and_snapshot_kernel,11.834367752075195
cuda:0,4,memcpy,memcpy DtoH,memcpy DtoH,0.005888000130653381
cuda:0,4,memcpy,memcpy DtoH,memcpy DtoH,0.005727999843657017
cuda:0,2,builtin,builtin kernel memtile_value_kernel,builtin kernel memtile_value_kernel,0.0030720001086592674
cuda:0,1,kernel,forward kernel zero_scalar_kernel_4488849d,zero_scalar_kernel,0.0030720001086592674
cuda:0,1,kernel,forward kernel compute_residual_kernel_307f3567,compute_residual_kernel,11.83846378326416
cuda:0,1,kernel,forward kernel check_rtr_converged_kernel_0e232b9a,check_rtr_converged_kernel,0.0030720001086592674
cuda:0,4,memcpy,memcpy DtoH,memcpy DtoH,0.006111999973654747
cuda:0,16,graph,graph,graph,65.4366683959961
cuda:0,1,kernel,forward kernel zero_scalar_kernel_4488849d,zero_scalar_kernel,0.0030720001086592674
cuda:0,1,kernel,forward kernel zero_scalar_kernel_4488849d,zero_scalar_kernel,0.0030720001086592674
cuda:0,1,kernel,forward kernel head_update_rms_and_snapshot_kernel_557460ec,head_update_rms_and_snapshot_kernel,11.833344459533691
cuda:0,4,memcpy,memcpy DtoH,memcpy DtoH,0.006399999838322401
cuda:0,4,memcpy,memcpy DtoH,memcpy DtoH,0.005727999843657017
cuda:0,2,builtin,builtin kernel memtile_value_kernel,builtin kernel memtile_value_kernel,0.0030720001086592674
cuda:0,1,kernel,forward kernel zero_scalar_kernel_4488849d,zero_scalar_kernel,0.0030720001086592674
cuda:0,1,kernel,forward kernel compute_residual_kernel_307f3567,compute_residual_kernel,11.83743953704834
cuda:0,1,kernel,forward kernel check_rtr_converged_kernel_0e232b9a,check_rtr_converged_kernel,0.0030720001086592674
cuda:0,4,memcpy,memcpy DtoH,memcpy DtoH,0.006240000016987324
cuda:0,16,graph,graph,graph,65.44384002685547
cuda:0,1,kernel,forward kernel zero_scalar_kernel_4488849d,zero_scalar_kernel,0.0030720001086592674
cuda:0,1,kernel,forward kernel zero_scalar_kernel_4488849d,zero_scalar_kernel,0.0030720001086592674
cuda:0,1,kernel,forward kernel head_update_rms_and_snapshot_kernel_557460ec,head_update_rms_and_snapshot_kernel,11.833344459533691
cuda:0,4,memcpy,memcpy DtoH,memcpy DtoH,0.00598399993032217
cuda:0,4,memcpy,memcpy DtoH,memcpy DtoH,0.005919999908655882
cuda:0,2,builtin,builtin kernel memtile_value_kernel,builtin kernel memtile_value_kernel,0.0030720001086592674
cuda:0,1,kernel,forward kernel zero_scalar_kernel_4488849d,zero_scalar_kernel,0.0030720001086592674
cuda:0,1,kernel,forward kernel compute_residual_kernel_307f3567,compute_residual_kernel,11.83743953704834
cuda:0,1,kernel,forward kernel check_rtr_converged_kernel_0e232b9a,check_rtr_converged_kernel,0.0030720001086592674
cuda:0,4,memcpy,memcpy DtoH,memcpy DtoH,0.006271999794989824
cuda:0,16,graph,graph,graph,65.44467163085938
cuda:0,1,kernel,forward kernel zero_scalar_kernel_4488849d,zero_scalar_kernel,0.004095999989658594
cuda:0,1,kernel,forward kernel zero_scalar_kernel_4488849d,zero_scalar_kernel,0.0030720001086592674
cuda:0,1,kernel,forward kernel head_update_rms_and_snapshot_kernel_557460ec,head_update_rms_and_snapshot_kernel,11.833344459533691
cuda:0,4,memcpy,memcpy DtoH,memcpy DtoH,0.006271999794989824
cuda:0,4,memcpy,memcpy DtoH,memcpy DtoH,0.005824000108987093
cuda:0,2,builtin,builtin kernel memtile_value_kernel,builtin kernel memtile_value_kernel,0.0029120000544935465
cuda:0,1,kernel,forward kernel zero_scalar_kernel_4488849d,zero_scalar_kernel,0.002848000032827258
cuda:0,1,kernel,forward kernel compute_residual_kernel_307f3567,compute_residual_kernel,11.8372802734375
cuda:0,1,kernel,forward kernel check_rtr_converged_kernel_0e232b9a,check_rtr_converged_kernel,0.0030720001086592674
cuda:0,4,memcpy,memcpy DtoH,memcpy DtoH,0.006016000173985958
cuda:0,16,graph,graph,graph,65.44477081298828
cuda:0,1,kernel,forward kernel zero_scalar_kernel_4488849d,zero_scalar_kernel,0.0030720001086592674
cuda:0,1,kernel,forward kernel zero_scalar_kernel_4488849d,zero_scalar_kernel,0.0030720001086592674
cuda:0,1,kernel,forward kernel head_update_rms_and_snapshot_kernel_557460ec,head_update_rms_and_snapshot_kernel,11.834367752075195
cuda:0,4,memcpy,memcpy DtoH,memcpy DtoH,0.005919999908655882
cuda:0,4,memcpy,memcpy DtoH,memcpy DtoH,0.005663999821990728
cuda:0,2,builtin,builtin kernel memtile_value_kernel,builtin kernel memtile_value_kernel,0.0030400000978261232
cuda:0,1,kernel,forward kernel zero_scalar_kernel_4488849d,zero_scalar_kernel,0.0030720001086592674
cuda:0,1,kernel,forward kernel compute_residual_kernel_307f3567,compute_residual_kernel,11.838144302368164
cuda:0,1,kernel,forward kernel check_rtr_converged_kernel_0e232b9a,check_rtr_converged_kernel,0.0030720001086592674
cuda:0,4,memcpy,memcpy DtoH,memcpy DtoH,0.00595200015231967
cuda:0,16,graph,graph,graph,65.44384002685547
cuda:0,1,kernel,forward kernel zero_scalar_kernel_4488849d,zero_scalar_kernel,0.0030720001086592674
cuda:0,1,kernel,forward kernel zero_scalar_kernel_4488849d,zero_scalar_kernel,0.0030720001086592674
cuda:0,1,kernel,forward kernel head_update_rms_and_snapshot_kernel_557460ec,head_update_rms_and_snapshot_kernel,11.833344459533691
cuda:0,4,memcpy,memcpy DtoH,memcpy DtoH,0.006304000038653612
cuda:0,4,memcpy,memcpy DtoH,memcpy DtoH,0.005696000065654516
cuda:0,2,builtin,builtin kernel memtile_value_kernel,builtin kernel memtile_value_kernel,0.0030720001086592674
cuda:0,1,kernel,forward kernel zero_scalar_kernel_4488849d,zero_scalar_kernel,0.0030720001086592674
cuda:0,1,kernel,forward kernel compute_residual_kernel_307f3567,compute_residual_kernel,11.836416244506836
cuda:0,1,kernel,forward kernel check_rtr_converged_kernel_0e232b9a,check_rtr_converged_kernel,0.0033279999624937773
cuda:0,4,memcpy,memcpy DtoH,memcpy DtoH,0.006335999816656113
cuda:0,16,graph,graph,graph,65.44998168945312
cuda:0,1,kernel,forward kernel zero_scalar_kernel_4488849d,zero_scalar_kernel,0.0030720001086592674
cuda:0,1,kernel,forward kernel zero_scalar_kernel_4488849d,zero_scalar_kernel,0.0030720001086592674
cuda:0,1,kernel,forward kernel head_update_rms_and_snapshot_kernel_557460ec,head_update_rms_and_snapshot_kernel,11.832320213317871
cuda:0,4,memcpy,memcpy DtoH,memcpy DtoH,0.0063680000603199005
cuda:0,4,memcpy,memcpy DtoH,memcpy DtoH,0.0060800001956522465
cuda:0,2,builtin,builtin kernel memtile_value_kernel,builtin kernel memtile_value_kernel,0.0029440000653266907
cuda:0,1,kernel,forward kernel zero_scalar_kernel_4488849d,zero_scalar_kernel,0.0030720001086592674
cuda:0,1,kernel,forward kernel compute_residual_kernel_307f3567,compute_residual_kernel,11.836480140686035
cuda:0,1,kernel,forward kernel check_rtr_converged_kernel_0e232b9a,check_rtr_converged_kernel,0.003135999897494912
cuda:0,4,memcpy,memcpy DtoH,memcpy DtoH,0.006304000038653612
cuda:0,16,graph,graph,graph,65.4366683959961
cuda:0,1,kernel,forward kernel zero_scalar_kernel_4488849d,zero_scalar_kernel,0.004095999989658594
cuda:0,1,kernel,forward kernel zero_scalar_kernel_4488849d,zero_scalar_kernel,0.004095999989658594
cuda:0,1,kernel,forward kernel head_update_rms_and_snapshot_kernel_557460ec,head_update_rms_and_snapshot_kernel,11.833344459533691
cuda:0,4,memcpy,memcpy DtoH,memcpy DtoH,0.006240000016987324
cuda:0,4,memcpy,memcpy DtoH,memcpy DtoH,0.005791999865323305
cuda:0,2,builtin,builtin kernel memtile_value_kernel,builtin kernel memtile_value_kernel,0.0028800000436604023
cuda:0,1,kernel,forward kernel zero_scalar_kernel_4488849d,zero_scalar_kernel,0.002368000103160739
cuda:0,1,kernel,forward kernel compute_residual_kernel_307f3567,compute_residual_kernel,11.836416244506836
cuda:0,1,kernel,forward kernel check_rtr_converged_kernel_0e232b9a,check_rtr_converged_kernel,0.0030720001086592674
cuda:0,4,memcpy,memcpy DtoH,memcpy DtoH,0.006304000038653612
cuda:0,16,graph,graph,graph,65.43846130371094
cuda:0,1,kernel,forward kernel zero_scalar_kernel_4488849d,zero_scalar_kernel,0.0030720001086592674
cuda:0,1,kernel,forward kernel zero_scalar_kernel_4488849d,zero_scalar_kernel,0.0030720001086592674
cuda:0,1,kernel,forward kernel head_update_rms_and_snapshot_kernel_557460ec,head_update_rms_and_snapshot_kernel,11.834367752075195
cuda:0,4,memcpy,memcpy DtoH,memcpy DtoH,0.006047999951988459
cuda:0,4,memcpy,memcpy DtoH,memcpy DtoH,0.005663999821990728
cuda:0,2,builtin,builtin kernel memtile_value_kernel,builtin kernel memtile_value_kernel,0.0030720001086592674
cuda:0,1,kernel,forward kernel zero_scalar_kernel_4488849d,zero_scalar_kernel,0.002816000021994114
cuda:0,1,kernel,forward kernel compute_residual_kernel_307f3567,compute_residual_kernel,11.83743953704834
cuda:0,1,kernel,forward kernel check_rtr_converged_kernel_0e232b9a,check_rtr_converged_kernel,0.0030720001086592674
cuda:0,4,memcpy,memcpy DtoH,memcpy DtoH,0.006111999973654747
cuda:0,16,graph,graph,graph,65.44486236572266
cuda:0,1,kernel,forward kernel zero_scalar_kernel_4488849d,zero_scalar_kernel,0.0030720001086592674
cuda:0,1,kernel,forward kernel zero_scalar_kernel_4488849d,zero_scalar_kernel,0.0030720001086592674
cuda:0,1,kernel,forward kernel head_update_rms_and_snapshot_kernel_557460ec,head_update_rms_and_snapshot_kernel,11.833344459533691
cuda:0,4,memcpy,memcpy DtoH,memcpy DtoH,0.006463999859988689
cuda:0,4,memcpy,memcpy DtoH,memcpy DtoH,0.0058559998869895935
cuda:0,2,builtin,builtin kernel memtile_value_kernel,builtin kernel memtile_value_kernel,0.003135999897494912
cuda:0,1,kernel,forward kernel zero_scalar_kernel_4488849d,zero_scalar_kernel,0.0030720001086592674
cuda:0,1,kernel,forward kernel compute_residual_kernel_307f3567,compute_residual_kernel,11.836416244506836
cuda:0,1,kernel,forward kernel check_rtr_converged_kernel_0e232b9a,check_rtr_converged_kernel,0.0030720001086592674
cuda:0,4,memcpy,memcpy DtoH,memcpy DtoH,0.008224000222980976
cuda:0,16,graph,graph,graph,65.44364929199219
cuda:0,1,kernel,forward kernel zero_scalar_kernel_4488849d,zero_scalar_kernel,0.0030720001086592674
cuda:0,1,kernel,forward kernel zero_scalar_kernel_4488849d,zero_scalar_kernel,0.0030720001086592674
cuda:0,1,kernel,forward kernel head_update_rms_and_snapshot_kernel_557460ec,head_update_rms_and_snapshot_kernel,11.833344459533691
cuda:0,4,memcpy,memcpy DtoH,memcpy DtoH,0.006304000038653612
cuda:0,4,memcpy,memcpy DtoH,memcpy DtoH,0.005888000130653381
cuda:0,2,builtin,builtin kernel memtile_value_kernel,builtin kernel memtile_value_kernel,0.003008000086992979
cuda:0,1,kernel,forward kernel zero_scalar_kernel_4488849d,zero_scalar_kernel,0.0030720001086592674
cuda:0,1,kernel,forward kernel compute_residual_kernel_307f3567,compute_residual_kernel,11.83743953704834
cuda:0,1,kernel,forward kernel check_rtr_converged_kernel_0e232b9a,check_rtr_converged_kernel,0.0030720001086592674
cuda:0,4,memcpy,memcpy DtoH,memcpy DtoH,0.006016000173985958
cuda:0,16,graph,graph,graph,65.44662475585938
cuda:0,1,kernel,forward kernel zero_scalar_kernel_4488849d,zero_scalar_kernel,0.004095999989658594
cuda:0,1,kernel,forward kernel zero_scalar_kernel_4488849d,zero_scalar_kernel,0.0030720001086592674
cuda:0,1,kernel,forward kernel head_update_rms_and_snapshot_kernel_557460ec,head_update_rms_and_snapshot_kernel,11.833344459533691
cuda:0,4,memcpy,memcpy DtoH,memcpy DtoH,0.006335999816656113
cuda:0,4,memcpy,memcpy DtoH,memcpy DtoH,0.005727999843657017
cuda:0,2,builtin,builtin kernel memtile_value_kernel,builtin kernel memtile_value_kernel,0.0030720001086592674
cuda:0,1,kernel,forward kernel zero_scalar_kernel_4488849d,zero_scalar_kernel,0.0029120000544935465
cuda:0,1,kernel,forward kernel compute_residual_kernel_307f3567,compute_residual_kernel,11.83846378326416
cuda:0,1,kernel,forward kernel check_rtr_converged_kernel_0e232b9a,check_rtr_converged_kernel,0.0030720001086592674
cuda:0,4,memcpy,memcpy DtoH,memcpy DtoH,0.006144000217318535
cuda:0,16,graph,graph,graph,65.45085144042969
cuda:0,1,kernel,forward kernel zero_scalar_kernel_4488849d,zero_scalar_kernel,0.0030720001086592674
cuda:0,1,kernel,forward kernel zero_scalar_kernel_4488849d,zero_scalar_kernel,0.0030720001086592674
cuda:0,1,kernel,forward kernel head_update_rms_and_snapshot_kernel_557460ec,head_update_rms_and_snapshot_kernel,11.833344459533691
cuda:0,4,memcpy,memcpy DtoH,memcpy DtoH,0.006240000016987324
cuda:0,4,memcpy,memcpy DtoH,memcpy DtoH,0.005727999843657017
cuda:0,2,builtin,builtin kernel memtile_value_kernel,builtin kernel memtile_value_kernel,0.0023040000814944506
cuda:0,1,kernel,forward kernel zero_scalar_kernel_4488849d,zero_scalar_kernel,0.0030720001086592674
cuda:0,1,kernel,forward kernel compute_residual_kernel_307f3567,compute_residual_kernel,11.83743953704834
cuda:0,1,kernel,forward kernel check_rtr_converged_kernel_0e232b9a,check_rtr_converged_kernel,0.0030720001086592674
cuda:0,4,memcpy,memcpy DtoH,memcpy DtoH,0.006016000173985958
cuda:0,16,graph,graph,graph,65.60147094726562
cuda:0,1,kernel,forward kernel zero_scalar_kernel_4488849d,zero_scalar_kernel,0.0030720001086592674
cuda:0,1,kernel,forward kernel zero_scalar_kernel_4488849d,zero_scalar_kernel,0.0030720001086592674
cuda:0,1,kernel,forward kernel head_update_rms_and_snapshot_kernel_557460ec,head_update_rms_and_snapshot_kernel,11.833344459533691
cuda:0,4,memcpy,memcpy DtoH,memcpy DtoH,0.006335999816656113
cuda:0,4,memcpy,memcpy DtoH,memcpy DtoH,0.005632000043988228
cuda:0,2,builtin,builtin kernel memtile_value_kernel,builtin kernel memtile_value_kernel,0.0030720001086592674
cuda:0,1,kernel,forward kernel zero_scalar_kernel_4488849d,zero_scalar_kernel,0.0029120000544935465
cuda:0,1,kernel,forward kernel compute_residual_kernel_307f3567,compute_residual_kernel,11.836416244506836
cuda:0,1,kernel,forward kernel check_rtr_converged_kernel_0e232b9a,check_rtr_converged_kernel,0.0030720001086592674
cuda:0,4,memcpy,memcpy DtoH,memcpy DtoH,0.006432000081986189
cuda:0,16,graph,graph,graph,65.45613098144531
cuda:0,1,kernel,forward kernel zero_scalar_kernel_4488849d,zero_scalar_kernel,0.0030720001086592674
cuda:0,1,kernel,forward kernel zero_scalar_kernel_4488849d,zero_scalar_kernel,0.0030720001086592674
cuda:0,1,kernel,forward kernel head_update_rms_and_snapshot_kernel_557460ec,head_update_rms_and_snapshot_kernel,11.833344459533691
cuda:0,4,memcpy,memcpy DtoH,memcpy DtoH,0.006175999995321035
cuda:0,4,memcpy,memcpy DtoH,memcpy DtoH,0.0060800001956522465
cuda:0,2,builtin,builtin kernel memtile_value_kernel,builtin kernel memtile_value_kernel,0.0030400000978261232
cuda:0,1,kernel,forward kernel zero_scalar_kernel_4488849d,zero_scalar_kernel,0.003135999897494912
cuda:0,1,kernel,forward kernel compute_residual_kernel_307f3567,compute_residual_kernel,11.83743953704834
cuda:0,1,kernel,forward kernel check_rtr_converged_kernel_0e232b9a,check_rtr_converged_kernel,0.0030720001086592674
cuda:0,4,memcpy,memcpy DtoH,memcpy DtoH,0.006144000217318535
cuda:0,16,graph,graph,graph,65.43952178955078
cuda:0,1,kernel,forward kernel zero_scalar_kernel_4488849d,zero_scalar_kernel,0.004095999989658594
cuda:0,1,kernel,forward kernel zero_scalar_kernel_4488849d,zero_scalar_kernel,0.0030720001086592674
cuda:0,1,kernel,forward kernel head_update_rms_and_snapshot_kernel_557460ec,head_update_rms_and_snapshot_kernel,11.834367752075195
cuda:0,4,memcpy,memcpy DtoH,memcpy DtoH,0.006271999794989824
cuda:0,4,memcpy,memcpy DtoH,memcpy DtoH,0.005663999821990728
cuda:0,2,builtin,builtin kernel memtile_value_kernel,builtin kernel memtile_value_kernel,0.0030720001086592674
cuda:0,1,kernel,forward kernel zero_scalar_kernel_4488849d,zero_scalar_kernel,0.0030720001086592674
cuda:0,1,kernel,forward kernel compute_residual_kernel_307f3567,compute_residual_kernel,11.83743953704834
cuda:0,1,kernel,forward kernel check_rtr_converged_kernel_0e232b9a,check_rtr_converged_kernel,0.0030720001086592674
cuda:0,4,memcpy,memcpy DtoH,memcpy DtoH,0.006527999881654978
cuda:0,16,graph,graph,graph,65.4458236694336
cuda:0,1,kernel,forward kernel zero_scalar_kernel_4488849d,zero_scalar_kernel,0.0030720001086592674
cuda:0,1,kernel,forward kernel zero_scalar_kernel_4488849d,zero_scalar_kernel,0.0030720001086592674
cuda:0,1,kernel,forward kernel head_update_rms_and_snapshot_kernel_557460ec,head_update_rms_and_snapshot_kernel,11.833344459533691
cuda:0,4,memcpy,memcpy DtoH,memcpy DtoH,0.006207999773323536
cuda:0,4,memcpy,memcpy DtoH,memcpy DtoH,0.00559999980032444
cuda:0,2,builtin,builtin kernel memtile_value_kernel,builtin kernel memtile_value_kernel,0.002848000032827258
cuda:0,1,kernel,forward kernel zero_scalar_kernel_4488849d,zero_scalar_kernel,0.0030720001086592674
cuda:0,1,kernel,forward kernel compute_residual_kernel_307f3567,compute_residual_kernel,11.83743953704834
cuda:0,1,kernel,forward kernel check_rtr_converged_kernel_0e232b9a,check_rtr_converged_kernel,0.0030720001086592674
cuda:0,4,memcpy,memcpy DtoH,memcpy DtoH,0.00595200015231967
cuda:0,16,graph,graph,graph,65.45101165771484
cuda:0,1,kernel,forward kernel zero_scalar_kernel_4488849d,zero_scalar_kernel,0.0030720001086592674
cuda:0,1,kernel,forward kernel zero_scalar_kernel_4488849d,zero_scalar_kernel,0.0030720001086592674
cuda:0,1,kernel,forward kernel head_update_rms_and_snapshot_kernel_557460ec,head_update_rms_and_snapshot_kernel,11.833344459533691
cuda:0,4,memcpy,memcpy DtoH,memcpy DtoH,0.006175999995321035
cuda:0,4,memcpy,memcpy DtoH,memcpy DtoH,0.005632000043988228
cuda:0,2,builtin,builtin kernel memtile_value_kernel,builtin kernel memtile_value_kernel,0.0030720001086592674
cuda:0,1,kernel,forward kernel zero_scalar_kernel_4488849d,zero_scalar_kernel,0.003263999940827489
cuda:0,1,kernel,forward kernel compute_residual_kernel_307f3567,compute_residual_kernel,11.838208198547363
cuda:0,1,kernel,forward kernel check_rtr_converged_kernel_0e232b9a,check_rtr_converged_kernel,0.0030720001086592674
cuda:0,4,memcpy,memcpy DtoH,memcpy DtoH,0.006207999773323536
cuda:0,16,graph,graph,graph,65.4354248046875
cuda:0,1,kernel,forward kernel zero_scalar_kernel_4488849d,zero_scalar_kernel,0.0030720001086592674
cuda:0,1,kernel,forward kernel zero_scalar_kernel_4488849d,zero_scalar_kernel,0.0030720001086592674
cuda:0,1,kernel,forward kernel head_update_rms_and_snapshot_kernel_557460ec,head_update_rms_and_snapshot_kernel,11.833344459533691
cuda:0,4,memcpy,memcpy DtoH,memcpy DtoH,0.006111999973654747
cuda:0,4,memcpy,memcpy DtoH,memcpy DtoH,0.00595200015231967
cuda:0,2,builtin,builtin kernel memtile_value_kernel,builtin kernel memtile_value_kernel,0.0030720001086592674
cuda:0,1,kernel,forward kernel zero_scalar_kernel_4488849d,zero_scalar_kernel,0.0030720001086592674
cuda:0,1,kernel,forward kernel compute_residual_kernel_307f3567,compute_residual_kernel,11.83743953704834
cuda:0,1,kernel,forward kernel check_rtr_converged_kernel_0e232b9a,check_rtr_converged_kernel,0.0030720001086592674
cuda:0,4,memcpy,memcpy DtoH,memcpy DtoH,0.006047999951988459
cuda:0,16,graph,graph,graph,65.44572448730469
cuda:0,1,kernel,forward kernel zero_scalar_kernel_4488849d,zero_scalar_kernel,0.0030720001086592674
cuda:0,1,kernel,forward kernel zero_scalar_kernel_4488849d,zero_scalar_kernel,0.0030720001086592674
cuda:0,1,kernel,forward kernel head_update_rms_and_snapshot_kernel_557460ec,head_update_rms_and_snapshot_kernel,11.833344459533691
cuda:0,4,memcpy,memcpy DtoH,memcpy DtoH,0.006240000016987324
cuda:0,4,memcpy,memcpy DtoH,memcpy DtoH,0.0054720002226531506
cuda:0,2,builtin,builtin kernel memtile_value_kernel,builtin kernel memtile_value_kernel,0.0022720000706613064
cuda:0,1,kernel,forward kernel zero_scalar_kernel_4488849d,zero_scalar_kernel,0.0030400000978261232
cuda:0,1,kernel,forward kernel compute_residual_kernel_307f3567,compute_residual_kernel,11.83743953704834
cuda:0,1,kernel,forward kernel check_rtr_converged_kernel_0e232b9a,check_rtr_converged_kernel,0.004095999989658594
cuda:0,4,memcpy,memcpy DtoH,memcpy DtoH,0.006271999794989824
cuda:0,16,graph,graph,graph,65.45279693603516
cuda:0,1,kernel,forward kernel zero_scalar_kernel_4488849d,zero_scalar_kernel,0.0030720001086592674
cuda:0,1,kernel,forward kernel zero_scalar_kernel_4488849d,zero_scalar_kernel,0.0030720001086592674
cuda:0,1,kernel,forward kernel head_update_rms_and_snapshot_kernel_557460ec,head_update_rms_and_snapshot_kernel,11.833344459533691
cuda:0,4,memcpy,memcpy DtoH,memcpy DtoH,0.006111999973654747
cuda:0,4,memcpy,memcpy DtoH,memcpy DtoH,0.005760000087320805
cuda:0,2,builtin,builtin kernel memtile_value_kernel,builtin kernel memtile_value_kernel,0.0030720001086592674
cuda:0,1,kernel,forward kernel zero_scalar_kernel_4488849d,zero_scalar_kernel,0.0030400000978261232
cuda:0,1,kernel,forward kernel compute_residual_kernel_307f3567,compute_residual_kernel,11.83846378326416
cuda:0,1,kernel,forward kernel check_rtr_converged_kernel_0e232b9a,check_rtr_converged_kernel,0.0030720001086592674
cuda:0,4,memcpy,memcpy DtoH,memcpy DtoH,0.006175999995321035
cuda:0,16,graph,graph,graph,65.44866943359375
cuda:0,1,kernel,forward kernel zero_scalar_kernel_4488849d,zero_scalar_kernel,0.0030720001086592674
cuda:0,1,kernel,forward kernel zero_scalar_kernel_4488849d,zero_scalar_kernel,0.0030720001086592674
cuda:0,1,kernel,forward kernel head_update_rms_and_snapshot_kernel_557460ec,head_update_rms_and_snapshot_kernel,11.832320213317871
cuda:0,4,memcpy,memcpy DtoH,memcpy DtoH,0.0060800001956522465
cuda:0,4,memcpy,memcpy DtoH,memcpy DtoH,0.005632000043988228
cuda:0,2,builtin,builtin kernel memtile_value_kernel,builtin kernel memtile_value_kernel,0.003776000114157796
cuda:0,1,kernel,forward kernel zero_scalar_kernel_4488849d,zero_scalar_kernel,0.002976000076159835
cuda:0,1,kernel,forward kernel compute_residual_kernel_307f3567,compute_residual_kernel,11.836416244506836
cuda:0,1,kernel,forward kernel check_rtr_converged_kernel_0e232b9a,check_rtr_converged_kernel,0.0030720001086592674
cuda:0,4,memcpy,memcpy DtoH,memcpy DtoH,0.006047999951988459
cuda:0,16,graph,graph,graph,65.44172668457031
cuda:0,1,kernel,forward kernel zero_scalar_kernel_4488849d,zero_scalar_kernel,0.0030720001086592674
cuda:0,1,kernel,forward kernel zero_scalar_kernel_4488849d,zero_scalar_kernel,0.0030720001086592674
cuda:0,1,kernel,forward kernel head_update_rms_and_snapshot_kernel_557460ec,head_update_rms_and_snapshot_kernel,11.833344459533691
cuda:0,4,memcpy,memcpy DtoH,memcpy DtoH,0.0060800001956522465
cuda:0,4,memcpy,memcpy DtoH,memcpy DtoH,0.005919999908655882
cuda:0,2,builtin,builtin kernel memtile_value_kernel,builtin kernel memtile_value_kernel,0.0023040000814944506
cuda:0,1,kernel,forward kernel zero_scalar_kernel_4488849d,zero_scalar_kernel,0.0030720001086592674
cuda:0,1,kernel,forward kernel compute_residual_kernel_307f3567,compute_residual_kernel,11.837151527404785
cuda:0,1,kernel,forward kernel check_rtr_converged_kernel_0e232b9a,check_rtr_converged_kernel,0.0030720001086592674
cuda:0,4,memcpy,memcpy DtoH,memcpy DtoH,0.006207999773323536
cuda:0,16,graph,graph,graph,65.45187377929688
cuda:0,1,kernel,forward kernel zero_scalar_kernel_4488849d,zero_scalar_kernel,0.0030720001086592674
cuda:0,1,kernel,forward kernel zero_scalar_kernel_4488849d,zero_scalar_kernel,0.0030720001086592674
cuda:0,1,kernel,forward kernel head_update_rms_and_snapshot_kernel_557460ec,head_update_rms_and_snapshot_kernel,11.833344459533691
cuda:0,4,memcpy,memcpy DtoH,memcpy DtoH,0.006175999995321035
cuda:0,4,memcpy,memcpy DtoH,memcpy DtoH,0.005632000043988228
cuda:0,2,builtin,builtin kernel memtile_value_kernel,builtin kernel memtile_value_kernel,0.0023040000814944506
cuda:0,1,kernel,forward kernel zero_scalar_kernel_4488849d,zero_scalar_kernel,0.0030720001086592674
cuda:0,1,kernel,forward kernel compute_residual_kernel_307f3567,compute_residual_kernel,11.8372163772583
cuda:0,1,kernel,forward kernel check_rtr_converged_kernel_0e232b9a,check_rtr_converged_kernel,0.003135999897494912
cuda:0,4,memcpy,memcpy DtoH,memcpy DtoH,0.006399999838322401
cuda:0,16,graph,graph,graph,65.43257904052734
cuda:0,1,kernel,forward kernel zero_scalar_kernel_4488849d,zero_scalar_kernel,0.0030720001086592674
cuda:0,1,kernel,forward kernel zero_scalar_kernel_4488849d,zero_scalar_kernel,0.0030720001086592674
cuda:0,1,kernel,forward kernel head_update_rms_and_snapshot_kernel_557460ec,head_update_rms_and_snapshot_kernel,11.834367752075195
cuda:0,4,memcpy,memcpy DtoH,memcpy DtoH,0.0063680000603199005
cuda:0,4,memcpy,memcpy DtoH,memcpy DtoH,0.00595200015231967
cuda:0,2,builtin,builtin kernel memtile_value_kernel,builtin kernel memtile_value_kernel,0.0030720001086592674
cuda:0,1,kernel,forward kernel zero_scalar_kernel_4488849d,zero_scalar_kernel,0.002816000021994114
cuda:0,1,kernel,forward kernel compute_residual_kernel_307f3567,compute_residual_kernel,11.838208198547363
cuda:0,1,kernel,forward kernel check_rtr_converged_kernel_0e232b9a,check_rtr_converged_kernel,0.0030720001086592674
cuda:0,4,memcpy,memcpy DtoH,memcpy DtoH,0.006175999995321035
cuda:0,16,graph,graph,graph,65.44662475585938
cuda:0,1,kernel,forward kernel zero_scalar_kernel_4488849d,zero_scalar_kernel,0.0030720001086592674
cuda:0,1,kernel,forward kernel zero_scalar_kernel_4488849d,zero_scalar_kernel,0.0030720001086592674
cuda:0,1,kernel,forward kernel head_update_rms_and_snapshot_kernel_557460ec,head_update_rms_and_snapshot_kernel,11.834367752075195
cuda:0,4,memcpy,memcpy DtoH,memcpy DtoH,0.0060800001956522465
cuda:0,4,memcpy,memcpy DtoH,memcpy DtoH,0.005632000043988228
cuda:0,2,builtin,builtin kernel memtile_value_kernel,builtin kernel memtile_value_kernel,0.0030720001086592674
cuda:0,1,kernel,forward kernel zero_scalar_kernel_4488849d,zero_scalar_kernel,0.002976000076159835
cuda:0,1,kernel,forward kernel compute_residual_kernel_307f3567,compute_residual_kernel,11.8372802734375
cuda:0,1,kernel,forward kernel check_rtr_converged_kernel_0e232b9a,check_rtr_converged_kernel,0.0031999999191612005
cuda:0,4,memcpy,memcpy DtoH,memcpy DtoH,0.006144000217318535
cuda:0,16,graph,graph,graph,65.44985961914062
cuda:0,1,kernel,forward kernel zero_scalar_kernel_4488849d,zero_scalar_kernel,0.0030720001086592674
cuda:0,1,kernel,forward kernel zero_scalar_kernel_4488849d,zero_scalar_kernel,0.0030720001086592674
cuda:0,1,kernel,forward kernel head_update_rms_and_snapshot_kernel_557460ec,head_update_rms_and_snapshot_kernel,11.833344459533691
cuda:0,4,memcpy,memcpy DtoH,memcpy DtoH,0.00598399993032217
cuda:0,4,memcpy,memcpy DtoH,memcpy DtoH,0.005888000130653381
cuda:0,2,builtin,builtin kernel memtile_value_kernel,builtin kernel memtile_value_kernel,0.0030720001086592674
cuda:0,1,kernel,forward kernel zero_scalar_kernel_4488849d,zero_scalar_kernel,0.0033919999841600657
cuda:0,1,kernel,forward kernel compute_residual_kernel_307f3567,compute_residual_kernel,11.83743953704834
cuda:0,1,kernel,forward kernel check_rtr_converged_kernel_0e232b9a,check_rtr_converged_kernel,0.0030720001086592674
cuda:0,4,memcpy,memcpy DtoH,memcpy DtoH,0.006111999973654747
cuda:0,16,graph,graph,graph,65.44976043701172
cuda:0,1,kernel,forward kernel zero_scalar_kernel_4488849d,zero_scalar_kernel,0.004095999989658594
cuda:0,1,kernel,forward kernel zero_scalar_kernel_4488849d,zero_scalar_kernel,0.002047999994829297
cuda:0,1,kernel,forward kernel head_update_rms_and_snapshot_kernel_557460ec,head_update_rms_and_snapshot_kernel,11.834367752075195
cuda:0,4,memcpy,memcpy DtoH,memcpy DtoH,0.006240000016987324
cuda:0,4,memcpy,memcpy DtoH,memcpy DtoH,0.005535999778658152
cuda:0,2,builtin,builtin kernel memtile_value_kernel,builtin kernel memtile_value_kernel,0.0030720001086592674
cuda:0,1,kernel,forward kernel zero_scalar_kernel_4488849d,zero_scalar_kernel,0.0030720001086592674
cuda:0,1,kernel,forward kernel compute_residual_kernel_307f3567,compute_residual_kernel,11.83743953704834
cuda:0,1,kernel,forward kernel check_rtr_converged_kernel_0e232b9a,check_rtr_converged_kernel,0.0030720001086592674
cuda:0,4,memcpy,memcpy DtoH,memcpy DtoH,0.006304000038653612
cuda:0,16,graph,graph,graph,65.44691467285156
cuda:0,1,kernel,forward kernel zero_scalar_kernel_4488849d,zero_scalar_kernel,0.0030720001086592674
cuda:0,1,kernel,forward kernel zero_scalar_kernel_4488849d,zero_scalar_kernel,0.0030720001086592674
cuda:0,1,kernel,forward kernel head_update_rms_and_snapshot_kernel_557460ec,head_update_rms_and_snapshot_kernel,11.834367752075195
cuda:0,4,memcpy,memcpy DtoH,memcpy DtoH,0.006111999973654747
cuda:0,4,memcpy,memcpy DtoH,memcpy DtoH,0.005727999843657017
cuda:0,2,builtin,builtin kernel memtile_value_kernel,builtin kernel memtile_value_kernel,0.0030720001086592674
cuda:0,1,kernel,forward kernel zero_scalar_kernel_4488849d,zero_scalar_kernel,0.0030720001086592674
cuda:0,1,kernel,forward kernel compute_residual_kernel_307f3567,compute_residual_kernel,11.83846378326416
cuda:0,1,kernel,forward kernel check_rtr_converged_kernel_0e232b9a,check_rtr_converged_kernel,0.004095999989658594
cuda:0,4,memcpy,memcpy DtoH,memcpy DtoH,0.006175999995321035
cuda:0,16,graph,graph,graph,65.44483184814453
cuda:0,1,kernel,forward kernel zero_scalar_kernel_4488849d,zero_scalar_kernel,0.0030720001086592674
cuda:0,1,kernel,forward kernel zero_scalar_kernel_4488849d,zero_scalar_kernel,0.0030720001086592674
cuda:0,1,kernel,forward kernel head_update_rms_and_snapshot_kernel_557460ec,head_update_rms_and_snapshot_kernel,11.833344459533691
cuda:0,4,memcpy,memcpy DtoH,memcpy DtoH,0.006271999794989824
cuda:0,4,memcpy,memcpy DtoH,memcpy DtoH,0.00559999980032444
cuda:0,2,builtin,builtin kernel memtile_value_kernel,builtin kernel memtile_value_kernel,0.0030720001086592674
cuda:0,1,kernel,forward kernel zero_scalar_kernel_4488849d,zero_scalar_kernel,0.0030720001086592674
cuda:0,1,kernel,forward kernel compute_residual_kernel_307f3567,compute_residual_kernel,11.837311744689941
cuda:0,1,kernel,forward kernel check_rtr_converged_kernel_0e232b9a,check_rtr_converged_kernel,0.0030720001086592674
cuda:0,4,memcpy,memcpy DtoH,memcpy DtoH,0.006304000038653612
cuda:0,16,graph,graph,graph,65.45590209960938
cuda:0,1,kernel,forward kernel zero_scalar_kernel_4488849d,zero_scalar_kernel,0.0030720001086592674
cuda:0,1,kernel,forward kernel zero_scalar_kernel_4488849d,zero_scalar_kernel,0.0030720001086592674
cuda:0,1,kernel,forward kernel head_update_rms_and_snapshot_kernel_557460ec,head_update_rms_and_snapshot_kernel,11.833344459533691
cuda:0,4,memcpy,memcpy DtoH,memcpy DtoH,0.006175999995321035
cuda:0,4,memcpy,memcpy DtoH,memcpy DtoH,0.00598399993032217
cuda:0,2,builtin,builtin kernel memtile_value_kernel,builtin kernel memtile_value_kernel,0.0030720001086592674
cuda:0,1,kernel,forward kernel zero_scalar_kernel_4488849d,zero_scalar_kernel,0.0030720001086592674
cuda:0,1,kernel,forward kernel compute_residual_kernel_307f3567,compute_residual_kernel,11.838175773620605
cuda:0,1,kernel,forward kernel check_rtr_converged_kernel_0e232b9a,check_rtr_converged_kernel,0.004095999989658594
cuda:0,4,memcpy,memcpy DtoH,memcpy DtoH,0.005919999908655882
cuda:0,16,graph,graph,graph,65.438720703125
cuda:0,1,kernel,forward kernel zero_scalar_kernel_4488849d,zero_scalar_kernel,0.0030720001086592674
cuda:0,1,kernel,forward kernel zero_scalar_kernel_4488849d,zero_scalar_kernel,0.0030720001086592674
cuda:0,1,kernel,forward kernel head_update_rms_and_snapshot_kernel_557460ec,head_update_rms_and_snapshot_kernel,11.833344459533691
cuda:0,4,memcpy,memcpy DtoH,memcpy DtoH,0.006016000173985958
cuda:0,4,memcpy,memcpy DtoH,memcpy DtoH,0.0055680000223219395
cuda:0,2,builtin,builtin kernel memtile_value_kernel,builtin kernel memtile_value_kernel,0.0030400000978261232
cuda:0,1,kernel,forward kernel zero_scalar_kernel_4488849d,zero_scalar_kernel,0.0030400000978261232
cuda:0,1,kernel,forward kernel compute_residual_kernel_307f3567,compute_residual_kernel,11.83743953704834
cuda:0,1,kernel,forward kernel check_rtr_converged_kernel_0e232b9a,check_rtr_converged_kernel,0.0033279999624937773
cuda:0,4,memcpy,memcpy DtoH,memcpy DtoH,0.006144000217318535
cuda:0,16,graph,graph,graph,65.45503997802734
cuda:0,1,kernel,forward kernel zero_scalar_kernel_4488849d,zero_scalar_kernel,0.0030720001086592674
cuda:0,1,kernel,forward kernel zero_scalar_kernel_4488849d,zero_scalar_kernel,0.0030720001086592674
cuda:0,1,kernel,forward kernel head_update_rms_and_snapshot_kernel_557460ec,head_update_rms_and_snapshot_kernel,11.834367752075195
cuda:0,4,memcpy,memcpy DtoH,memcpy DtoH,0.005919999908655882
cuda:0,4,memcpy,memcpy DtoH,memcpy DtoH,0.005696000065654516
cuda:0,2,builtin,builtin kernel memtile_value_kernel,builtin kernel memtile_value_kernel,0.0030720001086592674
cuda:0,1,kernel,forward kernel zero_scalar_kernel_4488849d,zero_scalar_kernel,0.002047999994829297
cuda:0,1,kernel,forward kernel compute_residual_kernel_307f3567,compute_residual_kernel,11.83836841583252
cuda:0,1,kernel,forward kernel check_rtr_converged_kernel_0e232b9a,check_rtr_converged_kernel,0.0030720001086592674
cuda:0,4,memcpy,memcpy DtoH,memcpy DtoH,0.005919999908655882
cuda:0,16,graph,graph,graph,65.44572448730469
cuda:0,1,kernel,forward kernel zero_scalar_kernel_4488849d,zero_scalar_kernel,0.0030720001086592674
cuda:0,1,kernel,forward kernel zero_scalar_kernel_4488849d,zero_scalar_kernel,0.0030720001086592674
cuda:0,1,kernel,forward kernel head_update_rms_and_snapshot_kernel_557460ec,head_update_rms_and_snapshot_kernel,11.833344459533691
cuda:0,4,memcpy,memcpy DtoH,memcpy DtoH,0.0063680000603199005
cuda:0,4,memcpy,memcpy DtoH,memcpy DtoH,0.005535999778658152
cuda:0,2,builtin,builtin kernel memtile_value_kernel,builtin kernel memtile_value_kernel,0.0030720001086592674
cuda:0,1,kernel,forward kernel zero_scalar_kernel_4488849d,zero_scalar_kernel,0.0030720001086592674
cuda:0,1,kernel,forward kernel compute_residual_kernel_307f3567,compute_residual_kernel,11.837120056152344
cuda:0,1,kernel,forward kernel check_rtr_converged_kernel_0e232b9a,check_rtr_converged_kernel,0.0030720001086592674
cuda:0,4,memcpy,memcpy DtoH,memcpy DtoH,0.006047999951988459
cuda:0,16,graph,graph,graph,65.45299530029297
cuda:0,1,kernel,forward kernel zero_scalar_kernel_4488849d,zero_scalar_kernel,0.0030720001086592674
cuda:0,1,kernel,forward kernel zero_scalar_kernel_4488849d,zero_scalar_kernel,0.0030720001086592674
cuda:0,1,kernel,forward kernel head_update_rms_and_snapshot_kernel_557460ec,head_update_rms_and_snapshot_kernel,11.833344459533691
cuda:0,4,memcpy,memcpy DtoH,memcpy DtoH,0.006463999859988689
cuda:0,4,memcpy,memcpy DtoH,memcpy DtoH,0.0058559998869895935
cuda:0,2,builtin,builtin kernel memtile_value_kernel,builtin kernel memtile_value_kernel,0.0028800000436604023
cuda:0,1,kernel,forward kernel zero_scalar_kernel_4488849d,zero_scalar_kernel,0.003776000114157796
cuda:0,1,kernel,forward kernel compute_residual_kernel_307f3567,compute_residual_kernel,11.83743953704834
cuda:0,1,kernel,forward kernel check_rtr_converged_kernel_0e232b9a,check_rtr_converged_kernel,0.0030720001086592674
cuda:0,4,memcpy,memcpy DtoH,memcpy DtoH,0.006111999973654747
cuda:0,16,graph,graph,graph,65.43840026855469
cuda:0,1,kernel,forward kernel zero_scalar_kernel_4488849d,zero_scalar_kernel,0.004095999989658594
cuda:0,1,kernel,forward kernel zero_scalar_kernel_4488849d,zero_scalar_kernel,0.0030720001086592674
cuda:0,1,kernel,forward kernel head_update_rms_and_snapshot_kernel_557460ec,head_update_rms_and_snapshot_kernel,11.834367752075195
cuda:0,4,memcpy,memcpy DtoH,memcpy DtoH,0.006271999794989824
cuda:0,4,memcpy,memcpy DtoH,memcpy DtoH,0.00559999980032444
cuda:0,2,builtin,builtin kernel memtile_value_kernel,builtin kernel memtile_value_kernel,0.0030720001086592674
cuda:0,1,kernel,forward kernel zero_scalar_kernel_4488849d,zero_scalar_kernel,0.0030720001086592674
cuda:0,1,kernel,forward kernel compute_residual_kernel_307f3567,compute_residual_kernel,11.83743953704834
cuda:0,1,kernel,forward kernel check_rtr_converged_kernel_0e232b9a,check_rtr_converged_kernel,0.0030720001086592674
cuda:0,4,memcpy,memcpy DtoH,memcpy DtoH,0.006399999838322401
cuda:0,16,graph,graph,graph,65.4417953491211
cuda:0,1,kernel,forward kernel zero_scalar_kernel_4488849d,zero_scalar_kernel,0.0030720001086592674
cuda:0,1,kernel,forward kernel zero_scalar_kernel_4488849d,zero_scalar_kernel,0.0030720001086592674
cuda:0,1,kernel,forward kernel head_update_rms_and_snapshot_kernel_557460ec,head_update_rms_and_snapshot_kernel,11.834367752075195
cuda:0,4,memcpy,memcpy DtoH,memcpy DtoH,0.006144000217318535
cuda:0,4,memcpy,memcpy DtoH,memcpy DtoH,0.006016000173985958
cuda:0,2,builtin,builtin kernel memtile_value_kernel,builtin kernel memtile_value_kernel,0.002400000113993883
cuda:0,1,kernel,forward kernel zero_scalar_kernel_4488849d,zero_scalar_kernel,0.002400000113993883
cuda:0,1,kernel,forward kernel compute_residual_kernel_307f3567,compute_residual_kernel,11.838432312011719
cuda:0,1,kernel,forward kernel check_rtr_converged_kernel_0e232b9a,check_rtr_converged_kernel,0.0030720001086592674
cuda:0,4,memcpy,memcpy DtoH,memcpy DtoH,0.006016000173985958
cuda:0,16,graph,graph,graph,65.45401763916016
cuda:0,1,kernel,forward kernel zero_scalar_kernel_4488849d,zero_scalar_kernel,0.0030720001086592674
cuda:0,1,kernel,forward kernel zero_scalar_kernel_4488849d,zero_scalar_kernel,0.0030720001086592674
cuda:0,1,kernel,forward kernel head_update_rms_and_snapshot_kernel_557460ec,head_update_rms_and_snapshot_kernel,11.834367752075195
cuda:0,4,memcpy,memcpy DtoH,memcpy DtoH,0.0060800001956522465
cuda:0,4,memcpy,memcpy DtoH,memcpy DtoH,0.005727999843657017
cuda:0,2,builtin,builtin kernel memtile_value_kernel,builtin kernel memtile_value_kernel,0.0030720001086592674
cuda:0,1,kernel,forward kernel zero_scalar_kernel_4488849d,zero_scalar_kernel,0.002047999994829297
cuda:0,1,kernel,forward kernel compute_residual_kernel_307f3567,compute_residual_kernel,11.836480140686035
cuda:0,1,kernel,forward kernel check_rtr_converged_kernel_0e232b9a,check_rtr_converged_kernel,0.003263999940827489
cuda:0,4,memcpy,memcpy DtoH,memcpy DtoH,0.006399999838322401
cuda:0,16,graph,graph,graph,65.438720703125
cuda:0,1,kernel,forward kernel zero_scalar_kernel_4488849d,zero_scalar_kernel,0.0030720001086592674
cuda:0,1,kernel,forward kernel zero_scalar_kernel_4488849d,zero_scalar_kernel,0.0030720001086592674
cuda:0,1,kernel,forward kernel head_update_rms_and_snapshot_kernel_557460ec,head_update_rms_and_snapshot_kernel,11.833344459533691
cuda:0,4,memcpy,memcpy DtoH,memcpy DtoH,0.005888000130653381
cuda:0,4,memcpy,memcpy DtoH,memcpy DtoH,0.006016000173985958
cuda:0,2,builtin,builtin kernel memtile_value_kernel,builtin kernel memtile_value_kernel,0.0030720001086592674
cuda:0,1,kernel,forward kernel zero_scalar_kernel_4488849d,zero_scalar_kernel,0.003776000114157796
cuda:0,1,kernel,forward kernel compute_residual_kernel_307f3567,compute_residual_kernel,11.836416244506836
cuda:0,1,kernel,forward kernel check_rtr_converged_kernel_0e232b9a,check_rtr_converged_kernel,0.004095999989658594
cuda:0,4,memcpy,memcpy DtoH,memcpy DtoH,0.005919999908655882
cuda:0,16,graph,graph,graph,65.438720703125
cuda:0,1,kernel,forward kernel zero_scalar_kernel_4488849d,zero_scalar_kernel,0.004095999989658594
cuda:0,1,kernel,forward kernel zero_scalar_kernel_4488849d,zero_scalar_kernel,0.0030720001086592674
cuda:0,1,kernel,forward kernel head_update_rms_and_snapshot_kernel_557460ec,head_update_rms_and_snapshot_kernel,11.833344459533691
cuda:0,4,memcpy,memcpy DtoH,memcpy DtoH,0.011168000288307667
cuda:0,4,memcpy,memcpy DtoH,memcpy DtoH,0.006175999995321035
cuda:0,2,builtin,builtin kernel memtile_value_kernel,builtin kernel memtile_value_kernel,0.003776000114157796
cuda:0,1,kernel,forward kernel zero_scalar_kernel_4488849d,zero_scalar_kernel,0.0030720001086592674
cuda:0,1,kernel,forward kernel compute_residual_kernel_307f3567,compute_residual_kernel,11.83743953704834
cuda:0,1,kernel,forward kernel check_rtr_converged_kernel_0e232b9a,check_rtr_converged_kernel,0.004095999989658594
cuda:0,4,memcpy,memcpy DtoH,memcpy DtoH,0.006591999903321266
cuda:0,16,graph,graph,graph,65.44364929199219
cuda:0,1,kernel,forward kernel zero_scalar_kernel_4488849d,zero_scalar_kernel,0.0030720001086592674
cuda:0,1,kernel,forward kernel zero_scalar_kernel_4488849d,zero_scalar_kernel,0.0030720001086592674
cuda:0,1,kernel,forward kernel head_update_rms_and_snapshot_kernel_557460ec,head_update_rms_and_snapshot_kernel,11.834367752075195
cuda:0,4,memcpy,memcpy DtoH,memcpy DtoH,0.006016000173985958
cuda:0,4,memcpy,memcpy DtoH,memcpy DtoH,0.005760000087320805
cuda:0,2,builtin,builtin kernel memtile_value_kernel,builtin kernel memtile_value_kernel,0.0030400000978261232
cuda:0,1,kernel,forward kernel zero_scalar_kernel_4488849d,zero_scalar_kernel,0.0030720001086592674
cuda:0,1,kernel,forward kernel compute_residual_kernel_307f3567,compute_residual_kernel,11.83836841583252
cuda:0,1,kernel,forward kernel check_rtr_converged_kernel_0e232b9a,check_rtr_converged_kernel,0.0033599999733269215
cuda:0,4,memcpy,memcpy DtoH,memcpy DtoH,0.00598399993032217
cuda:0,16,graph,graph,graph,65.4345932006836
cuda:0,1,kernel,forward kernel zero_scalar_kernel_4488849d,zero_scalar_kernel,0.0030720001086592674
cuda:0,1,kernel,forward kernel zero_scalar_kernel_4488849d,zero_scalar_kernel,0.0030720001086592674
cuda:0,1,kernel,forward kernel head_update_rms_and_snapshot_kernel_557460ec,head_update_rms_and_snapshot_kernel,11.833344459533691
cuda:0,4,memcpy,memcpy DtoH,memcpy DtoH,0.006335999816656113
cuda:0,4,memcpy,memcpy DtoH,memcpy DtoH,0.005663999821990728
cuda:0,2,builtin,builtin kernel memtile_value_kernel,builtin kernel memtile_value_kernel,0.0030720001086592674
cuda:0,1,kernel,forward kernel zero_scalar_kernel_4488849d,zero_scalar_kernel,0.0030720001086592674
cuda:0,1,kernel,forward kernel compute_residual_kernel_307f3567,compute_residual_kernel,11.836416244506836
cuda:0,1,kernel,forward kernel check_rtr_converged_kernel_0e232b9a,check_rtr_converged_kernel,0.004095999989658594
cuda:0,4,memcpy,memcpy DtoH,memcpy DtoH,0.006175999995321035
cuda:0,16,graph,graph,graph,65.43840026855469
cuda:0,1,kernel,forward kernel zero_scalar_kernel_4488849d,zero_scalar_kernel,0.0030720001086592674
cuda:0,1,kernel,forward kernel zero_scalar_kernel_4488849d,zero_scalar_kernel,0.0030720001086592674
cuda:0,1,kernel,forward kernel head_update_rms_and_snapshot_kernel_557460ec,head_update_rms_and_snapshot_kernel,11.834367752075195
cuda:0,4,memcpy,memcpy DtoH,memcpy DtoH,0.006335999816656113
cuda:0,4,memcpy,memcpy DtoH,memcpy DtoH,0.005791999865323305
cuda:0,2,builtin,builtin kernel memtile_value_kernel,builtin kernel memtile_value_kernel,0.0030720001086592674
cuda:0,1,kernel,forward kernel zero_scalar_kernel_4488849d,zero_scalar_kernel,0.0030720001086592674
cuda:0,1,kernel,forward kernel compute_residual_kernel_307f3567,compute_residual_kernel,11.83743953704834
cuda:0,1,kernel,forward kernel check_rtr_converged_kernel_0e232b9a,check_rtr_converged_kernel,0.0030720001086592674
cuda:0,4,memcpy,memcpy DtoH,memcpy DtoH,0.006240000016987324
cuda:0,16,graph,graph,graph,65.44895935058594
cuda:0,1,kernel,forward kernel zero_scalar_kernel_4488849d,zero_scalar_kernel,0.004095999989658594
cuda:0,1,kernel,forward kernel zero_scalar_kernel_4488849d,zero_scalar_kernel,0.0030720001086592674
cuda:0,1,kernel,forward kernel head_update_rms_and_snapshot_kernel_557460ec,head_update_rms_and_snapshot_kernel,11.833344459533691
cuda:0,4,memcpy,memcpy DtoH,memcpy DtoH,0.006304000038653612
cuda:0,4,memcpy,memcpy DtoH,memcpy DtoH,0.005632000043988228
cuda:0,2,builtin,builtin kernel memtile_value_kernel,builtin kernel memtile_value_kernel,0.0030720001086592674
cuda:0,1,kernel,forward kernel zero_scalar_kernel_4488849d,zero_scalar_kernel,0.0023040000814944506
cuda:0,1,kernel,forward kernel compute_residual_kernel_307f3567,compute_residual_kernel,11.83743953704834
cuda:0,1,kernel,forward kernel check_rtr_converged_kernel_0e232b9a,check_rtr_converged_kernel,0.0030720001086592674
cuda:0,4,memcpy,memcpy DtoH,memcpy DtoH,0.006240000016987324
cuda:0,16,graph,graph,graph,65.44073486328125
cuda:0,1,kernel,forward kernel zero_scalar_kernel_4488849d,zero_scalar_kernel,0.0030720001086592674
cuda:0,1,kernel,forward kernel zero_scalar_kernel_4488849d,zero_scalar_kernel,0.0030720001086592674
cuda:0,1,kernel,forward kernel head_update_rms_and_snapshot_kernel_557460ec,head_update_rms_and_snapshot_kernel,11.834367752075195
cuda:0,4,memcpy,memcpy DtoH,memcpy DtoH,0.006175999995321035
cuda:0,4,memcpy,memcpy DtoH,memcpy DtoH,0.006304000038653612
cuda:0,2,builtin,builtin kernel memtile_value_kernel,builtin kernel memtile_value_kernel,0.0031679999083280563
cuda:0,1,kernel,forward kernel zero_scalar_kernel_4488849d,zero_scalar_kernel,0.0030720001086592674
cuda:0,1,kernel,forward kernel compute_residual_kernel_307f3567,compute_residual_kernel,11.83743953704834
cuda:0,1,kernel,forward kernel check_rtr_converged_kernel_0e232b9a,check_rtr_converged_kernel,0.0030720001086592674
cuda:0,4,memcpy,memcpy DtoH,memcpy DtoH,0.006271999794989824
cuda:0,16,graph,graph,graph,65.4417953491211
cuda:0,1,kernel,forward kernel zero_scalar_kernel_4488849d,zero_scalar_kernel,0.0030720001086592674
cuda:0,1,kernel,forward kernel zero_scalar_kernel_4488849d,zero_scalar_kernel,0.0030720001086592674
cuda:0,1,kernel,forward kernel head_update_rms_and_snapshot_kernel_557460ec,head_update_rms_and_snapshot_kernel,11.833344459533691
cuda:0,4,memcpy,memcpy DtoH,memcpy DtoH,0.0066559999249875546
cuda:0,4,memcpy,memcpy DtoH,memcpy DtoH,0.005696000065654516
cuda:0,2,builtin,builtin kernel memtile_value_kernel,builtin kernel memtile_value_kernel,0.0030720001086592674
cuda:0,1,kernel,forward kernel zero_scalar_kernel_4488849d,zero_scalar_kernel,0.0030720001086592674
cuda:0,1,kernel,forward kernel compute_residual_kernel_307f3567,compute_residual_kernel,11.83737564086914
cuda:0,1,kernel,forward kernel check_rtr_converged_kernel_0e232b9a,check_rtr_converged_kernel,0.0030720001086592674
cuda:0,4,memcpy,memcpy DtoH,memcpy DtoH,0.006047999951988459
cuda:0,16,graph,graph,graph,65.45398712158203
cuda:0,1,kernel,forward kernel zero_scalar_kernel_4488849d,zero_scalar_kernel,0.0030720001086592674
cuda:0,1,kernel,forward kernel zero_scalar_kernel_4488849d,zero_scalar_kernel,0.0030720001086592674
cuda:0,1,kernel,forward kernel head_update_rms_and_snapshot_kernel_557460ec,head_update_rms_and_snapshot_kernel,11.833344459533691
cuda:0,4,memcpy,memcpy DtoH,memcpy DtoH,0.005919999908655882
cuda:0,4,memcpy,memcpy DtoH,memcpy DtoH,0.005824000108987093
cuda:0,2,builtin,builtin kernel memtile_value_kernel,builtin kernel memtile_value_kernel,0.0023040000814944506
cuda:0,1,kernel,forward kernel zero_scalar_kernel_4488849d,zero_scalar_kernel,0.003263999940827489
cuda:0,1,kernel,forward kernel compute_residual_kernel_307f3567,compute_residual_kernel,11.83743953704834
cuda:0,1,kernel,forward kernel check_rtr_converged_kernel_0e232b9a,check_rtr_converged_kernel,0.0031679999083280563
cuda:0,4,memcpy,memcpy DtoH,memcpy DtoH,0.006271999794989824
cuda:0,16,graph,graph,graph,65.44076538085938
cuda:0,1,kernel,forward kernel zero_scalar_kernel_4488849d,zero_scalar_kernel,0.0030720001086592674
cuda:0,1,kernel,forward kernel zero_scalar_kernel_4488849d,zero_scalar_kernel,0.0030720001086592674
cuda:0,1,kernel,forward kernel head_update_rms_and_snapshot_kernel_557460ec,head_update_rms_and_snapshot_kernel,11.833344459533691
cuda:0,4,memcpy,memcpy DtoH,memcpy DtoH,0.00598399993032217
cuda:0,4,memcpy,memcpy DtoH,memcpy DtoH,0.005919999908655882
cuda:0,2,builtin,builtin kernel memtile_value_kernel,builtin kernel memtile_value_kernel,0.0030720001086592674
cuda:0,1,kernel,forward kernel zero_scalar_kernel_4488849d,zero_scalar_kernel,0.002047999994829297
cuda:0,1,kernel,forward kernel compute_residual_kernel_307f3567,compute_residual_kernel,11.837311744689941
cuda:0,1,kernel,forward kernel check_rtr_converged_kernel_0e232b9a,check_rtr_converged_kernel,0.0030720001086592674
cuda:0,4,memcpy,memcpy DtoH,memcpy DtoH,0.00598399993032217
cuda:0,16,graph,graph,graph,65.44044494628906
cuda:0,1,kernel,forward kernel zero_scalar_kernel_4488849d,zero_scalar_kernel,0.0030720001086592674
cuda:0,1,kernel,forward kernel zero_scalar_kernel_4488849d,zero_scalar_kernel,0.0030720001086592674
cuda:0,1,kernel,forward kernel head_update_rms_and_snapshot_kernel_557460ec,head_update_rms_and_snapshot_kernel,11.834367752075195
cuda:0,4,memcpy,memcpy DtoH,memcpy DtoH,0.006463999859988689
cuda:0,4,memcpy,memcpy DtoH,memcpy DtoH,0.00559999980032444
cuda:0,2,builtin,builtin kernel memtile_value_kernel,builtin kernel memtile_value_kernel,0.0030720001086592674
cuda:0,1,kernel,forward kernel zero_scalar_kernel_4488849d,zero_scalar_kernel,0.0028800000436604023
cuda:0,1,kernel,forward kernel compute_residual_kernel_307f3567,compute_residual_kernel,11.83743953704834
cuda:0,1,kernel,forward kernel check_rtr_converged_kernel_0e232b9a,check_rtr_converged_kernel,0.0030720001086592674
cuda:0,4,memcpy,memcpy DtoH,memcpy DtoH,0.0063680000603199005
cuda:0,16,graph,graph,graph,65.4356460571289
cuda:0,1,kernel,forward kernel zero_scalar_kernel_4488849d,zero_scalar_kernel,0.0030720001086592674
cuda:0,1,kernel,forward kernel zero_scalar_kernel_4488849d,zero_scalar_kernel,0.0030720001086592674
cuda:0,1,kernel,forward kernel head_update_rms_and_snapshot_kernel_557460ec,head_update_rms_and_snapshot_kernel,11.833344459533691
cuda:0,4,memcpy,memcpy DtoH,memcpy DtoH,0.006463999859988689
cuda:0,4,memcpy,memcpy DtoH,memcpy DtoH,0.005919999908655882
cuda:0,2,builtin,builtin kernel memtile_value_kernel,builtin kernel memtile_value_kernel,0.0031999999191612005
cuda:0,1,kernel,forward kernel zero_scalar_kernel_4488849d,zero_scalar_kernel,0.0030720001086592674
cuda:0,1,kernel,forward kernel compute_residual_kernel_307f3567,compute_residual_kernel,11.836416244506836
cuda:0,1,kernel,forward kernel check_rtr_converged_kernel_0e232b9a,check_rtr_converged_kernel,0.0032319999299943447
cuda:0,4,memcpy,memcpy DtoH,memcpy DtoH,0.006144000217318535
cuda:0,16,graph,graph,graph,65.44976043701172
cuda:0,1,kernel,forward kernel zero_scalar_kernel_4488849d,zero_scalar_kernel,0.0030720001086592674
cuda:0,1,kernel,forward kernel zero_scalar_kernel_4488849d,zero_scalar_kernel,0.0030720001086592674
cuda:0,1,kernel,forward kernel head_update_rms_and_snapshot_kernel_557460ec,head_update_rms_and_snapshot_kernel,11.833344459533691
cuda:0,4,memcpy,memcpy DtoH,memcpy DtoH,0.006016000173985958
cuda:0,4,memcpy,memcpy DtoH,memcpy DtoH,0.0058559998869895935
cuda:0,2,builtin,builtin kernel memtile_value_kernel,builtin kernel memtile_value_kernel,0.003008000086992979
cuda:0,1,kernel,forward kernel zero_scalar_kernel_4488849d,zero_scalar_kernel,0.0030720001086592674
cuda:0,1,kernel,forward kernel compute_residual_kernel_307f3567,compute_residual_kernel,11.83743953704834
cuda:0,1,kernel,forward kernel check_rtr_converged_kernel_0e232b9a,check_rtr_converged_kernel,0.0030720001086592674
cuda:0,4,memcpy,memcpy DtoH,memcpy DtoH,0.006240000016987324
cuda:0,16,graph,graph,graph,65.43971252441406
cuda:0,1,kernel,forward kernel zero_scalar_kernel_4488849d,zero_scalar_kernel,0.0030720001086592674
cuda:0,1,kernel,forward kernel zero_scalar_kernel_4488849d,zero_scalar_kernel,0.0030720001086592674
cuda:0,1,kernel,forward kernel head_update_rms_and_snapshot_kernel_557460ec,head_update_rms_and_snapshot_kernel,11.833344459533691
cuda:0,4,memcpy,memcpy DtoH,memcpy DtoH,0.006144000217318535
cuda:0,4,memcpy,memcpy DtoH,memcpy DtoH,0.005824000108987093
cuda:0,2,builtin,builtin kernel memtile_value_kernel,builtin kernel memtile_value_kernel,0.0022720000706613064
cuda:0,1,kernel,forward kernel zero_scalar_kernel_4488849d,zero_scalar_kernel,0.002047999994829297
cuda:0,1,kernel,forward kernel compute_residual_kernel_307f3567,compute_residual_kernel,11.8372802734375
cuda:0,1,kernel,forward kernel check_rtr_converged_kernel_0e232b9a,check_rtr_converged_kernel,0.0030720001086592674
cuda:0,4,memcpy,memcpy DtoH,memcpy DtoH,0.006111999973654747
cuda:0,16,graph,graph,graph,65.44588470458984
cuda:0,1,kernel,forward kernel zero_scalar_kernel_4488849d,zero_scalar_kernel,0.0030720001086592674
cuda:0,1,kernel,forward kernel zero_scalar_kernel_4488849d,zero_scalar_kernel,0.0030720001086592674
cuda:0,1,kernel,forward kernel head_update_rms_and_snapshot_kernel_557460ec,head_update_rms_and_snapshot_kernel,11.834367752075195
cuda:0,4,memcpy,memcpy DtoH,memcpy DtoH,0.006304000038653612
cuda:0,4,memcpy,memcpy DtoH,memcpy DtoH,0.005727999843657017
cuda:0,2,builtin,builtin kernel memtile_value_kernel,builtin kernel memtile_value_kernel,0.0029440000653266907
cuda:0,1,kernel,forward kernel zero_scalar_kernel_4488849d,zero_scalar_kernel,0.0030720001086592674
cuda:0,1,kernel,forward kernel compute_residual_kernel_307f3567,compute_residual_kernel,11.838208198547363
cuda:0,1,kernel,forward kernel check_rtr_converged_kernel_0e232b9a,check_rtr_converged_kernel,0.0030720001086592674
cuda:0,4,memcpy,memcpy DtoH,memcpy DtoH,0.006399999838322401
cuda:0,16,graph,graph,graph,65.43769836425781
cuda:0,1,kernel,forward kernel zero_scalar_kernel_4488849d,zero_scalar_kernel,0.0030720001086592674
cuda:0,1,kernel,forward kernel zero_scalar_kernel_4488849d,zero_scalar_kernel,0.0030720001086592674
cuda:0,1,kernel,forward kernel head_update_rms_and_snapshot_kernel_557460ec,head_update_rms_and_snapshot_kernel,11.833344459533691
cuda:0,4,memcpy,memcpy DtoH,memcpy DtoH,0.006047999951988459
cuda:0,4,memcpy,memcpy DtoH,memcpy DtoH,0.005791999865323305
cuda:0,2,builtin,builtin kernel memtile_value_kernel,builtin kernel memtile_value_kernel,0.003936000168323517
cuda:0,1,kernel,forward kernel zero_scalar_kernel_4488849d,zero_scalar_kernel,0.0030720001086592674
cuda:0,1,kernel,forward kernel compute_residual_kernel_307f3567,compute_residual_kernel,11.836416244506836
cuda:0,1,kernel,forward kernel check_rtr_converged_kernel_0e232b9a,check_rtr_converged_kernel,0.0030720001086592674
cuda:0,4,memcpy,memcpy DtoH,memcpy DtoH,0.006175999995321035
cuda:0,16,graph,graph,graph,65.44163513183594
cuda:0,1,kernel,forward kernel zero_scalar_kernel_4488849d,zero_scalar_kernel,0.0030720001086592674
cuda:0,1,kernel,forward kernel zero_scalar_kernel_4488849d,zero_scalar_kernel,0.0030720001086592674
cuda:0,1,kernel,forward kernel head_update_rms_and_snapshot_kernel_557460ec,head_update_rms_and_snapshot_kernel,11.833344459533691
cuda:0,4,memcpy,memcpy DtoH,memcpy DtoH,0.006111999973654747
cuda:0,4,memcpy,memcpy DtoH,memcpy DtoH,0.005760000087320805
cuda:0,2,builtin,builtin kernel memtile_value_kernel,builtin kernel memtile_value_kernel,0.002816000021994114
cuda:0,1,kernel,forward kernel zero_scalar_kernel_4488849d,zero_scalar_kernel,0.0038399999029934406
cuda:0,1,kernel,forward kernel compute_residual_kernel_307f3567,compute_residual_kernel,11.83743953704834
cuda:0,1,kernel,forward kernel check_rtr_converged_kernel_0e232b9a,check_rtr_converged_kernel,0.0030720001086592674
cuda:0,4,memcpy,memcpy DtoH,memcpy DtoH,0.006175999995321035
cuda:0,16,graph,graph,graph,65.44486236572266
cuda:0,1,kernel,forward kernel zero_scalar_kernel_4488849d,zero_scalar_kernel,0.0030720001086592674
cuda:0,1,kernel,forward kernel zero_scalar_kernel_4488849d,zero_scalar_kernel,0.0030720001086592674
cuda:0,1,kernel,forward kernel head_update_rms_and_snapshot_kernel_557460ec,head_update_rms_and_snapshot_kernel,11.834367752075195
cuda:0,4,memcpy,memcpy DtoH,memcpy DtoH,0.007552000228315592
cuda:0,4,memcpy,memcpy DtoH,memcpy DtoH,0.006240000016987324
cuda:0,2,builtin,builtin kernel memtile_value_kernel,builtin kernel memtile_value_kernel,0.002368000103160739
cuda:0,1,kernel,forward kernel zero_scalar_kernel_4488849d,zero_scalar_kernel,0.0030720001086592674
cuda:0,1,kernel,forward kernel compute_residual_kernel_307f3567,compute_residual_kernel,11.836640357971191
cuda:0,1,kernel,forward kernel check_rtr_converged_kernel_0e232b9a,check_rtr_converged_kernel,0.003295999951660633
cuda:0,4,memcpy,memcpy DtoH,memcpy DtoH,0.006304000038653612
cuda:0,16,graph,graph,graph,65.44678497314453
cuda:0,1,kernel,forward kernel zero_scalar_kernel_4488849d,zero_scalar_kernel,0.0030720001086592674
cuda:0,1,kernel,forward kernel zero_scalar_kernel_4488849d,zero_scalar_kernel,0.0030720001086592674
cuda:0,1,kernel,forward kernel head_update_rms_and_snapshot_kernel_557460ec,head_update_rms_and_snapshot_kernel,11.834367752075195
cuda:0,4,memcpy,memcpy DtoH,memcpy DtoH,0.006144000217318535
cuda:0,4,memcpy,memcpy DtoH,memcpy DtoH,0.005888000130653381
cuda:0,2,builtin,builtin kernel memtile_value_kernel,builtin kernel memtile_value_kernel,0.0029120000544935465
cuda:0,1,kernel,forward kernel zero_scalar_kernel_4488849d,zero_scalar_kernel,0.0027520000003278255
cuda:0,1,kernel,forward kernel compute_residual_kernel_307f3567,compute_residual_kernel,11.838111877441406
cuda:0,1,kernel,forward kernel check_rtr_converged_kernel_0e232b9a,check_rtr_converged_kernel,0.0030720001086592674
cuda:0,4,memcpy,memcpy DtoH,memcpy DtoH,0.006304000038653612
cuda:0,16,graph,graph,graph,65.43769836425781
cuda:0,1,kernel,forward kernel zero_scalar_kernel_4488849d,zero_scalar_kernel,0.0030720001086592674
cuda:0,1,kernel,forward kernel zero_scalar_kernel_4488849d,zero_scalar_kernel,0.0030720001086592674
cuda:0,1,kernel,forward kernel head_update_rms_and_snapshot_kernel_557460ec,head_update_rms_and_snapshot_kernel,11.833344459533691
cuda:0,4,memcpy,memcpy DtoH,memcpy DtoH,0.006047999951988459
cuda:0,4,memcpy,memcpy DtoH,memcpy DtoH,0.005632000043988228
cuda:0,2,builtin,builtin kernel memtile_value_kernel,builtin kernel memtile_value_kernel,0.0030720001086592674
cuda:0,1,kernel,forward kernel zero_scalar_kernel_4488849d,zero_scalar_kernel,0.0030720001086592674
cuda:0,1,kernel,forward kernel compute_residual_kernel_307f3567,compute_residual_kernel,11.837120056152344
cuda:0,1,kernel,forward kernel check_rtr_converged_kernel_0e232b9a,check_rtr_converged_kernel,0.0030720001086592674
cuda:0,4,memcpy,memcpy DtoH,memcpy DtoH,0.006271999794989824
cuda:0,16,graph,graph,graph,65.45101165771484
cuda:0,1,kernel,forward kernel zero_scalar_kernel_4488849d,zero_scalar_kernel,0.0030720001086592674
cuda:0,1,kernel,forward kernel zero_scalar_kernel_4488849d,zero_scalar_kernel,0.0030720001086592674
cuda:0,1,kernel,forward kernel head_update_rms_and_snapshot_kernel_557460ec,head_update_rms_and_snapshot_kernel,11.834367752075195
cuda:0,4,memcpy,memcpy DtoH,memcpy DtoH,0.006335999816656113
cuda:0,4,memcpy,memcpy DtoH,memcpy DtoH,0.005760000087320805
cuda:0,2,builtin,builtin kernel memtile_value_kernel,builtin kernel memtile_value_kernel,0.0029120000544935465
cuda:0,1,kernel,forward kernel zero_scalar_kernel_4488849d,zero_scalar_kernel,0.0030720001086592674
cuda:0,1,kernel,forward kernel compute_residual_kernel_307f3567,compute_residual_kernel,11.83743953704834
cuda:0,1,kernel,forward kernel check_rtr_converged_kernel_0e232b9a,check_rtr_converged_kernel,0.0030720001086592674
cuda:0,4,memcpy,memcpy DtoH,memcpy DtoH,0.006175999995321035
cuda:0,16,graph,graph,graph,65.44863891601562
cuda:0,1,kernel,forward kernel zero_scalar_kernel_4488849d,zero_scalar_kernel,0.004095999989658594
cuda:0,1,kernel,forward kernel zero_scalar_kernel_4488849d,zero_scalar_kernel,0.0030720001086592674
cuda:0,1,kernel,forward kernel head_update_rms_and_snapshot_kernel_557460ec,head_update_rms_and_snapshot_kernel,11.834367752075195
cuda:0,4,memcpy,memcpy DtoH,memcpy DtoH,0.006207999773323536
cuda:0,4,memcpy,memcpy DtoH,memcpy DtoH,0.005919999908655882
cuda:0,2,builtin,builtin kernel memtile_value_kernel,builtin kernel memtile_value_kernel,0.0029120000544935465
cuda:0,1,kernel,forward kernel zero_scalar_kernel_4488849d,zero_scalar_kernel,0.0030720001086592674
cuda:0,1,kernel,forward kernel compute_residual_kernel_307f3567,compute_residual_kernel,11.83743953704834
cuda:0,1,kernel,forward kernel check_rtr_converged_kernel_0e232b9a,check_rtr_converged_kernel,0.0030720001086592674
cuda:0,4,memcpy,memcpy DtoH,memcpy DtoH,0.0060800001956522465
cuda:0,16,graph,graph,graph,65.45817565917969
cuda:0,1,kernel,forward kernel zero_scalar_kernel_4488849d,zero_scalar_kernel,0.0030720001086592674
cuda:0,1,kernel,forward kernel zero_scalar_kernel_4488849d,zero_scalar_kernel,0.0030720001086592674
cuda:0,1,kernel,forward kernel head_update_rms_and_snapshot_kernel_557460ec,head_update_rms_and_snapshot_kernel,11.834367752075195
cuda:0,4,memcpy,memcpy DtoH,memcpy DtoH,0.006207999773323536
cuda:0,4,memcpy,memcpy DtoH,memcpy DtoH,0.005727999843657017
cuda:0,2,builtin,builtin kernel memtile_value_kernel,builtin kernel memtile_value_kernel,0.0030720001086592674
cuda:0,1,kernel,forward kernel zero_scalar_kernel_4488849d,zero_scalar_kernel,0.0030720001086592674
cuda:0,1,kernel,forward kernel compute_residual_kernel_307f3567,compute_residual_kernel,11.83743953704834
cuda:0,1,kernel,forward kernel check_rtr_converged_kernel_0e232b9a,check_rtr_converged_kernel,0.003103999886661768
cuda:0,4,memcpy,memcpy DtoH,memcpy DtoH,0.006111999973654747
cuda:0,4,memcpy,memcpy DtoH,memcpy DtoH,23.47884750366211
cuda:0,1,kernel,forward kernel zero_scalar_kernel_4488849d,zero_scalar_kernel,0.004095999989658594
cuda:0,1,kernel,forward kernel compute_residual_kernel_307f3567,compute_residual_kernel,11.836416244506836
cuda:0,4,memcpy,memcpy DtoH,memcpy DtoH,0.006624000146985054
cuda:0,1,kernel,forward kernel zero_scalar_kernel_4488849d,zero_scalar_kernel,0.002047999994829297
cuda:0,1,kernel,forward kernel compute_head_residual_kernel_c5d0b280,compute_head_residual_kernel,11.83743953704834
cuda:0,4,memcpy,memcpy DtoH,memcpy DtoH,0.006432000081986189
cuda:0,4,memcpy,memcpy HtoD,memcpy HtoD,4.995584011077881
cuda:0,4,memcpy,memcpy HtoD,memcpy HtoD,4.691199779510498
cuda:0,1,kernel,forward kernel copy_field_kernel_1c334626,copy_field_kernel,0.20662400126457214
cuda:0,2,builtin,builtin kernel memtile_value_kernel,builtin kernel memtile_value_kernel,0.02252800017595291
cuda:0,2,builtin,builtin kernel memtile_value_kernel,builtin kernel memtile_value_kernel,0.026623999699950218
cuda:0,2,builtin,builtin kernel memtile_value_kernel,builtin kernel memtile_value_kernel,0.026623999699950218
cuda:0,2,builtin,builtin kernel memtile_value_kernel,builtin kernel memtile_value_kernel,0.026623999699950218
cuda:0,2,builtin,builtin kernel memtile_value_kernel,builtin kernel memtile_value_kernel,0.026623999699950218
cuda:0,2,builtin,builtin kernel memtile_value_kernel,builtin kernel memtile_value_kernel,0.02969600073993206
cuda:0,2,builtin,builtin kernel memtile_value_kernel,builtin kernel memtile_value_kernel,0.026623999699950218
cuda:0,2,builtin,builtin kernel memtile_value_kernel,builtin kernel memtile_value_kernel,0.025599999353289604
cuda:0,2,builtin,builtin kernel memtile_value_kernel,builtin kernel memtile_value_kernel,0.0030720001086592674
cuda:0,2,builtin,builtin kernel memtile_value_kernel,builtin kernel memtile_value_kernel,0.0030720001086592674
cuda:0,2,builtin,builtin kernel memtile_value_kernel,builtin kernel memtile_value_kernel,0.0030720001086592674
cuda:0,2,builtin,builtin kernel memtile_value_kernel,builtin kernel memtile_value_kernel,0.0030720001086592674
cuda:0,2,builtin,builtin kernel memtile_value_kernel,builtin kernel memtile_value_kernel,0.0030720001086592674
cuda:0,2,builtin,builtin kernel memtile_value_kernel,builtin kernel memtile_value_kernel,0.002240000059828162
cuda:0,2,builtin,builtin kernel memtile_value_kernel,builtin kernel memtile_value_kernel,0.0030720001086592674
cuda:0,2,builtin,builtin kernel memtile_value_kernel,builtin kernel memtile_value_kernel,0.0030720001086592674
cuda:0,2,builtin,builtin kernel memtile_value_kernel,builtin kernel memtile_value_kernel,0.026623999699950218
cuda:0,2,builtin,builtin kernel memtile_value_kernel,builtin kernel memtile_value_kernel,0.006144000217318535
cuda:0,2,builtin,builtin kernel memtile_value_kernel,builtin kernel memtile_value_kernel,0.006175999995321035
cuda:0,2,builtin,builtin kernel memtile_value_kernel,builtin kernel memtile_value_kernel,0.006144000217318535
cuda:0,2,builtin,builtin kernel memtile_value_kernel,builtin kernel memtile_value_kernel,0.006144000217318535
cuda:0,2,builtin,builtin kernel memtile_value_kernel,builtin kernel memtile_value_kernel,0.0071680000983178616
cuda:0,2,builtin,builtin kernel memtile_value_kernel,builtin kernel memtile_value_kernel,0.006144000217318535
cuda:0,2,builtin,builtin kernel memtile_value_kernel,builtin kernel memtile_value_kernel,0.006144000217318535
cuda:0,2,builtin,builtin kernel memtile_value_kernel,builtin kernel memtile_value_kernel,0.006144000217318535
cuda:0,2,builtin,builtin kernel memtile_value_kernel,builtin kernel memtile_value_kernel,0.004095999989658594
cuda:0,2,builtin,builtin kernel memtile_value_kernel,builtin kernel memtile_value_kernel,0.0030720001086592674
cuda:0,2,builtin,builtin kernel memtile_value_kernel,builtin kernel memtile_value_kernel,0.0030720001086592674
cuda:0,2,builtin,builtin kernel memtile_value_kernel,builtin kernel memtile_value_kernel,0.0030720001086592674
cuda:0,2,builtin,builtin kernel memtile_value_kernel,builtin kernel memtile_value_kernel,0.0030720001086592674
cuda:0,2,builtin,builtin kernel memtile_value_kernel,builtin kernel memtile_value_kernel,0.0030720001086592674
cuda:0,2,builtin,builtin kernel memtile_value_kernel,builtin kernel memtile_value_kernel,0.0030720001086592674
cuda:0,2,builtin,builtin kernel memtile_value_kernel,builtin kernel memtile_value_kernel,0.0030720001086592674
cuda:0,2,builtin,builtin kernel memtile_value_kernel,builtin kernel memtile_value_kernel,0.006144000217318535
cuda:0,2,builtin,builtin kernel memtile_value_kernel,builtin kernel memtile_value_kernel,0.004095999989658594
cuda:0,2,builtin,builtin kernel memtile_value_kernel,builtin kernel memtile_value_kernel,0.004095999989658594
cuda:0,2,builtin,builtin kernel memtile_value_kernel,builtin kernel memtile_value_kernel,0.0030720001086592674
cuda:0,2,builtin,builtin kernel memtile_value_kernel,builtin kernel memtile_value_kernel,0.004095999989658594
cuda:0,2,builtin,builtin kernel memtile_value_kernel,builtin kernel memtile_value_kernel,0.004095999989658594
cuda:0,2,builtin,builtin kernel memtile_value_kernel,builtin kernel memtile_value_kernel,0.0030720001086592674
cuda:0,2,builtin,builtin kernel memtile_value_kernel,builtin kernel memtile_value_kernel,0.004095999989658594
cuda:0,2,builtin,builtin kernel memtile_value_kernel,builtin kernel memtile_value_kernel,0.004095999989658594
cuda:0,2,builtin,builtin kernel memtile_value_kernel,builtin kernel memtile_value_kernel,0.0030720001086592674
cuda:0,2,builtin,builtin kernel memtile_value_kernel,builtin kernel memtile_value_kernel,0.0030720001086592674
cuda:0,2,builtin,builtin kernel memtile_value_kernel,builtin kernel memtile_value_kernel,0.0030720001086592674
cuda:0,2,builtin,builtin kernel memtile_value_kernel,builtin kernel memtile_value_kernel,0.002047999994829297
cuda:0,2,builtin,builtin kernel memtile_value_kernel,builtin kernel memtile_value_kernel,0.004095999989658594
cuda:0,2,builtin,builtin kernel memtile_value_kernel,builtin kernel memtile_value_kernel,0.0030720001086592674
cuda:0,2,builtin,builtin kernel memtile_value_kernel,builtin kernel memtile_value_kernel,0.0021440000273287296
cuda:0,2,builtin,builtin kernel memtile_value_kernel,builtin kernel memtile_value_kernel,0.0021440000273287296
cuda:0,2,builtin,builtin kernel memtile_value_kernel,builtin kernel memtile_value_kernel,0.004095999989658594
cuda:0,2,builtin,builtin kernel memtile_value_kernel,builtin kernel memtile_value_kernel,0.0030720001086592674
cuda:0,2,builtin,builtin kernel memtile_value_kernel,builtin kernel memtile_value_kernel,0.0030720001086592674
cuda:0,2,builtin,builtin kernel memtile_value_kernel,builtin kernel memtile_value_kernel,0.004095999989658594
cuda:0,2,builtin,builtin kernel memtile_value_kernel,builtin kernel memtile_value_kernel,0.0030720001086592674
cuda:0,2,builtin,builtin kernel memtile_value_kernel,builtin kernel memtile_value_kernel,0.004095999989658594
cuda:0,2,builtin,builtin kernel memtile_value_kernel,builtin kernel memtile_value_kernel,0.0030720001086592674
cuda:0,2,builtin,builtin kernel memtile_value_kernel,builtin kernel memtile_value_kernel,0.0030720001086592674
cuda:0,2,builtin,builtin kernel memtile_value_kernel,builtin kernel memtile_value_kernel,0.004095999989658594
cuda:0,2,builtin,builtin kernel memtile_value_kernel,builtin kernel memtile_value_kernel,0.002047999994829297
cuda:0,2,builtin,builtin kernel memtile_value_kernel,builtin kernel memtile_value_kernel,0.0030720001086592674
cuda:0,2,builtin,builtin kernel memtile_value_kernel,builtin kernel memtile_value_kernel,0.0030720001086592674
cuda:0,2,builtin,builtin kernel memtile_value_kernel,builtin kernel memtile_value_kernel,0.0030720001086592674
cuda:0,2,builtin,builtin kernel memtile_value_kernel,builtin kernel memtile_value_kernel,0.0030720001086592674
cuda:0,2,builtin,builtin kernel memtile_value_kernel,builtin kernel memtile_value_kernel,0.0030720001086592674
cuda:0,2,builtin,builtin kernel memtile_value_kernel,builtin kernel memtile_value_kernel,0.0030720001086592674
cuda:0,2,builtin,builtin kernel memtile_value_kernel,builtin kernel memtile_value_kernel,0.0030720001086592674
cuda:0,2,builtin,builtin kernel memtile_value_kernel,builtin kernel memtile_value_kernel,0.0030720001086592674
cuda:0,2,builtin,builtin kernel memtile_value_kernel,builtin kernel memtile_value_kernel,0.0030720001086592674
cuda:0,2,builtin,builtin kernel memtile_value_kernel,builtin kernel memtile_value_kernel,0.0030720001086592674
cuda:0,2,builtin,builtin kernel memtile_value_kernel,builtin kernel memtile_value_kernel,0.0030720001086592674
cuda:0,2,builtin,builtin kernel memtile_value_kernel,builtin kernel memtile_value_kernel,0.0030720001086592674
cuda:0,2,builtin,builtin kernel memtile_value_kernel,builtin kernel memtile_value_kernel,0.0030720001086592674
cuda:0,2,builtin,builtin kernel memtile_value_kernel,builtin kernel memtile_value_kernel,0.0030720001086592674
cuda:0,2,builtin,builtin kernel memtile_value_kernel,builtin kernel memtile_value_kernel,0.0030720001086592674
cuda:0,2,builtin,builtin kernel memtile_value_kernel,builtin kernel memtile_value_kernel,0.0030720001086592674
cuda:0,2,builtin,builtin kernel memtile_value_kernel,builtin kernel memtile_value_kernel,0.0030720001086592674
cuda:0,2,builtin,builtin kernel memtile_value_kernel,builtin kernel memtile_value_kernel,0.0030720001086592674
cuda:0,2,builtin,builtin kernel memtile_value_kernel,builtin kernel memtile_value_kernel,0.0030720001086592674
cuda:0,2,builtin,builtin kernel memtile_value_kernel,builtin kernel memtile_value_kernel,0.002047999994829297
cuda:0,2,builtin,builtin kernel memtile_value_kernel,builtin kernel memtile_value_kernel,0.002368000103160739
cuda:0,2,builtin,builtin kernel memtile_value_kernel,builtin kernel memtile_value_kernel,0.002047999994829297
cuda:0,2,builtin,builtin kernel memtile_value_kernel,builtin kernel memtile_value_kernel,0.0030720001086592674
cuda:0,2,builtin,builtin kernel memtile_value_kernel,builtin kernel memtile_value_kernel,0.0030720001086592674
cuda:0,2,builtin,builtin kernel memtile_value_kernel,builtin kernel memtile_value_kernel,0.0030720001086592674
cuda:0,1,kernel,forward kernel zero_scalar_kernel_4488849d,zero_scalar_kernel,0.005119999870657921
cuda:0,1,kernel,forward kernel compute_residual_kernel_307f3567,compute_residual_kernel,11.838208198547363
cuda:0,4,memcpy,memcpy DtoH,memcpy DtoH,0.007135999854654074
cuda:0,16,graph,graph,graph,68.28543853759766
cuda:0,1,kernel,forward kernel zero_scalar_kernel_4488849d,zero_scalar_kernel,0.0030720001086592674
cuda:0,1,kernel,forward kernel zero_scalar_kernel_4488849d,zero_scalar_kernel,0.0030720001086592674
cuda:0,1,kernel,forward kernel head_update_rms_and_snapshot_kernel_557460ec,head_update_rms_and_snapshot_kernel,11.833344459533691
cuda:0,4,memcpy,memcpy DtoH,memcpy DtoH,0.00687999976798892
cuda:0,4,memcpy,memcpy DtoH,memcpy DtoH,0.006943999789655209
cuda:0,2,builtin,builtin kernel memtile_value_kernel,builtin kernel memtile_value_kernel,0.005311999935656786
cuda:0,1,kernel,forward kernel zero_scalar_kernel_4488849d,zero_scalar_kernel,0.002816000021994114
cuda:0,1,kernel,forward kernel compute_residual_kernel_307f3567,compute_residual_kernel,11.83743953704834
cuda:0,1,kernel,forward kernel check_rtr_converged_kernel_0e232b9a,check_rtr_converged_kernel,0.0030720001086592674
cuda:0,4,memcpy,memcpy DtoH,memcpy DtoH,0.006175999995321035
cuda:0,16,graph,graph,graph,65.4417953491211
cuda:0,1,kernel,forward kernel zero_scalar_kernel_4488849d,zero_scalar_kernel,0.0030720001086592674
cuda:0,1,kernel,forward kernel zero_scalar_kernel_4488849d,zero_scalar_kernel,0.0030720001086592674
cuda:0,1,kernel,forward kernel head_update_rms_and_snapshot_kernel_557460ec,head_update_rms_and_snapshot_kernel,11.833344459533691
cuda:0,4,memcpy,memcpy DtoH,memcpy DtoH,0.006816000211983919
cuda:0,4,memcpy,memcpy DtoH,memcpy DtoH,0.0058559998869895935
cuda:0,2,builtin,builtin kernel memtile_value_kernel,builtin kernel memtile_value_kernel,0.0030720001086592674
cuda:0,1,kernel,forward kernel zero_scalar_kernel_4488849d,zero_scalar_kernel,0.003103999886661768
cuda:0,1,kernel,forward kernel compute_residual_kernel_307f3567,compute_residual_kernel,11.836576461791992
cuda:0,1,kernel,forward kernel check_rtr_converged_kernel_0e232b9a,check_rtr_converged_kernel,0.004095999989658594
cuda:0,4,memcpy,memcpy DtoH,memcpy DtoH,0.006175999995321035
cuda:0,16,graph,graph,graph,65.44384002685547
cuda:0,1,kernel,forward kernel zero_scalar_kernel_4488849d,zero_scalar_kernel,0.0030720001086592674
cuda:0,1,kernel,forward kernel zero_scalar_kernel_4488849d,zero_scalar_kernel,0.0030720001086592674
cuda:0,1,kernel,forward kernel head_update_rms_and_snapshot_kernel_557460ec,head_update_rms_and_snapshot_kernel,11.833344459533691
cuda:0,4,memcpy,memcpy DtoH,memcpy DtoH,0.006144000217318535
cuda:0,4,memcpy,memcpy DtoH,memcpy DtoH,0.005760000087320805
cuda:0,2,builtin,builtin kernel memtile_value_kernel,builtin kernel memtile_value_kernel,0.0030720001086592674
cuda:0,1,kernel,forward kernel zero_scalar_kernel_4488849d,zero_scalar_kernel,0.0030720001086592674
cuda:0,1,kernel,forward kernel compute_residual_kernel_307f3567,compute_residual_kernel,11.83737564086914
cuda:0,1,kernel,forward kernel check_rtr_converged_kernel_0e232b9a,check_rtr_converged_kernel,0.0030720001086592674
cuda:0,4,memcpy,memcpy DtoH,memcpy DtoH,0.006144000217318535
cuda:0,16,graph,graph,graph,65.43974304199219
cuda:0,1,kernel,forward kernel zero_scalar_kernel_4488849d,zero_scalar_kernel,0.0030720001086592674
cuda:0,1,kernel,forward kernel zero_scalar_kernel_4488849d,zero_scalar_kernel,0.0030720001086592674
cuda:0,1,kernel,forward kernel head_update_rms_and_snapshot_kernel_557460ec,head_update_rms_and_snapshot_kernel,11.833344459533691
cuda:0,4,memcpy,memcpy DtoH,memcpy DtoH,0.0077760000713169575
cuda:0,4,memcpy,memcpy DtoH,memcpy DtoH,0.005791999865323305
cuda:0,2,builtin,builtin kernel memtile_value_kernel,builtin kernel memtile_value_kernel,0.003008000086992979
cuda:0,1,kernel,forward kernel zero_scalar_kernel_4488849d,zero_scalar_kernel,0.0023040000814944506
cuda:0,1,kernel,forward kernel compute_residual_kernel_307f3567,compute_residual_kernel,11.83743953704834
cuda:0,1,kernel,forward kernel check_rtr_converged_kernel_0e232b9a,check_rtr_converged_kernel,0.0030720001086592674
cuda:0,4,memcpy,memcpy DtoH,memcpy DtoH,0.006304000038653612
cuda:0,16,graph,graph,graph,80.04905700683594
cuda:0,1,kernel,forward kernel zero_scalar_kernel_4488849d,zero_scalar_kernel,0.0030720001086592674
cuda:0,1,kernel,forward kernel zero_scalar_kernel_4488849d,zero_scalar_kernel,0.002047999994829297
cuda:0,1,kernel,forward kernel head_update_rms_and_snapshot_kernel_557460ec,head_update_rms_and_snapshot_kernel,11.833344459533691
cuda:0,4,memcpy,memcpy DtoH,memcpy DtoH,0.007455999962985516
cuda:0,4,memcpy,memcpy DtoH,memcpy DtoH,0.005696000065654516
cuda:0,2,builtin,builtin kernel memtile_value_kernel,builtin kernel memtile_value_kernel,0.004095999989658594
cuda:0,1,kernel,forward kernel zero_scalar_kernel_4488849d,zero_scalar_kernel,0.0030720001086592674
cuda:0,1,kernel,forward kernel compute_residual_kernel_307f3567,compute_residual_kernel,11.837408065795898
cuda:0,1,kernel,forward kernel check_rtr_converged_kernel_0e232b9a,check_rtr_converged_kernel,0.0030720001086592674
cuda:0,4,memcpy,memcpy DtoH,memcpy DtoH,0.0063680000603199005
cuda:0,16,graph,graph,graph,66.12652587890625
cuda:0,1,kernel,forward kernel zero_scalar_kernel_4488849d,zero_scalar_kernel,0.0030720001086592674
cuda:0,1,kernel,forward kernel zero_scalar_kernel_4488849d,zero_scalar_kernel,0.002047999994829297
cuda:0,1,kernel,forward kernel head_update_rms_and_snapshot_kernel_557460ec,head_update_rms_and_snapshot_kernel,11.834367752075195
cuda:0,4,memcpy,memcpy DtoH,memcpy DtoH,0.006591999903321266
cuda:0,4,memcpy,memcpy DtoH,memcpy DtoH,0.00595200015231967
cuda:0,2,builtin,builtin kernel memtile_value_kernel,builtin kernel memtile_value_kernel,0.0030720001086592674
cuda:0,1,kernel,forward kernel zero_scalar_kernel_4488849d,zero_scalar_kernel,0.0030720001086592674
cuda:0,1,kernel,forward kernel compute_residual_kernel_307f3567,compute_residual_kernel,11.83743953704834
cuda:0,1,kernel,forward kernel check_rtr_converged_kernel_0e232b9a,check_rtr_converged_kernel,0.0030720001086592674
cuda:0,4,memcpy,memcpy DtoH,memcpy DtoH,0.006688000168651342
cuda:0,16,graph,graph,graph,65.4540786743164
cuda:0,1,kernel,forward kernel zero_scalar_kernel_4488849d,zero_scalar_kernel,0.0030720001086592674
cuda:0,1,kernel,forward kernel zero_scalar_kernel_4488849d,zero_scalar_kernel,0.0030720001086592674
cuda:0,1,kernel,forward kernel head_update_rms_and_snapshot_kernel_557460ec,head_update_rms_and_snapshot_kernel,11.833344459533691
cuda:0,4,memcpy,memcpy DtoH,memcpy DtoH,0.006335999816656113
cuda:0,4,memcpy,memcpy DtoH,memcpy DtoH,0.005791999865323305
cuda:0,2,builtin,builtin kernel memtile_value_kernel,builtin kernel memtile_value_kernel,0.0030720001086592674
cuda:0,1,kernel,forward kernel zero_scalar_kernel_4488849d,zero_scalar_kernel,0.0030720001086592674
cuda:0,1,kernel,forward kernel compute_residual_kernel_307f3567,compute_residual_kernel,11.836511611938477
cuda:0,1,kernel,forward kernel check_rtr_converged_kernel_0e232b9a,check_rtr_converged_kernel,0.003135999897494912
cuda:0,4,memcpy,memcpy DtoH,memcpy DtoH,0.006432000081986189
cuda:0,16,graph,graph,graph,68.85763549804688
cuda:0,1,kernel,forward kernel zero_scalar_kernel_4488849d,zero_scalar_kernel,0.0030720001086592674
cuda:0,1,kernel,forward kernel zero_scalar_kernel_4488849d,zero_scalar_kernel,0.0030720001086592674
cuda:0,1,kernel,forward kernel head_update_rms_and_snapshot_kernel_557460ec,head_update_rms_and_snapshot_kernel,11.833344459533691
cuda:0,4,memcpy,memcpy DtoH,memcpy DtoH,0.007199999876320362
cuda:0,4,memcpy,memcpy DtoH,memcpy DtoH,0.005760000087320805
cuda:0,2,builtin,builtin kernel memtile_value_kernel,builtin kernel memtile_value_kernel,0.0030720001086592674
cuda:0,1,kernel,forward kernel zero_scalar_kernel_4488849d,zero_scalar_kernel,0.0030720001086592674
cuda:0,1,kernel,forward kernel compute_residual_kernel_307f3567,compute_residual_kernel,11.838272094726562
cuda:0,1,kernel,forward kernel check_rtr_converged_kernel_0e232b9a,check_rtr_converged_kernel,0.0030720001086592674
cuda:0,4,memcpy,memcpy DtoH,memcpy DtoH,0.006144000217318535
cuda:0,16,graph,graph,graph,65.6148452758789
cuda:0,1,kernel,forward kernel zero_scalar_kernel_4488849d,zero_scalar_kernel,0.0030720001086592674
cuda:0,1,kernel,forward kernel zero_scalar_kernel_4488849d,zero_scalar_kernel,0.0030720001086592674
cuda:0,1,kernel,forward kernel head_update_rms_and_snapshot_kernel_557460ec,head_update_rms_and_snapshot_kernel,11.834367752075195
cuda:0,4,memcpy,memcpy DtoH,memcpy DtoH,0.006976000033318996
cuda:0,4,memcpy,memcpy DtoH,memcpy DtoH,0.005696000065654516
cuda:0,2,builtin,builtin kernel memtile_value_kernel,builtin kernel memtile_value_kernel,0.003776000114157796
cuda:0,1,kernel,forward kernel zero_scalar_kernel_4488849d,zero_scalar_kernel,0.0030400000978261232
cuda:0,1,kernel,forward kernel compute_residual_kernel_307f3567,compute_residual_kernel,11.837311744689941
cuda:0,1,kernel,forward kernel check_rtr_converged_kernel_0e232b9a,check_rtr_converged_kernel,0.0030720001086592674
cuda:0,4,memcpy,memcpy DtoH,memcpy DtoH,0.006175999995321035
cuda:0,16,graph,graph,graph,65.44588470458984
cuda:0,1,kernel,forward kernel zero_scalar_kernel_4488849d,zero_scalar_kernel,0.0030720001086592674
cuda:0,1,kernel,forward kernel zero_scalar_kernel_4488849d,zero_scalar_kernel,0.0030720001086592674
cuda:0,1,kernel,forward kernel head_update_rms_and_snapshot_kernel_557460ec,head_update_rms_and_snapshot_kernel,11.833344459533691
cuda:0,4,memcpy,memcpy DtoH,memcpy DtoH,0.007648000027984381
cuda:0,4,memcpy,memcpy DtoH,memcpy DtoH,0.0060800001956522465
cuda:0,2,builtin,builtin kernel memtile_value_kernel,builtin kernel memtile_value_kernel,0.0030720001086592674
cuda:0,1,kernel,forward kernel zero_scalar_kernel_4488849d,zero_scalar_kernel,0.0030720001086592674
cuda:0,1,kernel,forward kernel compute_residual_kernel_307f3567,compute_residual_kernel,11.83743953704834
cuda:0,1,kernel,forward kernel check_rtr_converged_kernel_0e232b9a,check_rtr_converged_kernel,0.0030720001086592674
cuda:0,4,memcpy,memcpy DtoH,memcpy DtoH,0.006304000038653612
cuda:0,16,graph,graph,graph,65.4417953491211
cuda:0,1,kernel,forward kernel zero_scalar_kernel_4488849d,zero_scalar_kernel,0.0030720001086592674
cuda:0,1,kernel,forward kernel zero_scalar_kernel_4488849d,zero_scalar_kernel,0.0030720001086592674
cuda:0,1,kernel,forward kernel head_update_rms_and_snapshot_kernel_557460ec,head_update_rms_and_snapshot_kernel,11.833344459533691
cuda:0,4,memcpy,memcpy DtoH,memcpy DtoH,0.006207999773323536
cuda:0,4,memcpy,memcpy DtoH,memcpy DtoH,0.00598399993032217
cuda:0,2,builtin,builtin kernel memtile_value_kernel,builtin kernel memtile_value_kernel,0.0030400000978261232
cuda:0,1,kernel,forward kernel zero_scalar_kernel_4488849d,zero_scalar_kernel,0.0030720001086592674
cuda:0,1,kernel,forward kernel compute_residual_kernel_307f3567,compute_residual_kernel,11.83737564086914
cuda:0,1,kernel,forward kernel check_rtr_converged_kernel_0e232b9a,check_rtr_converged_kernel,0.0030720001086592674
cuda:0,4,memcpy,memcpy DtoH,memcpy DtoH,0.006240000016987324
cuda:0,16,graph,graph,graph,66.40201568603516
cuda:0,1,kernel,forward kernel zero_scalar_kernel_4488849d,zero_scalar_kernel,0.0030720001086592674
cuda:0,1,kernel,forward kernel zero_scalar_kernel_4488849d,zero_scalar_kernel,0.0030720001086592674
cuda:0,1,kernel,forward kernel head_update_rms_and_snapshot_kernel_557460ec,head_update_rms_and_snapshot_kernel,11.834367752075195
cuda:0,4,memcpy,memcpy DtoH,memcpy DtoH,0.006399999838322401
cuda:0,4,memcpy,memcpy DtoH,memcpy DtoH,0.00559999980032444
cuda:0,2,builtin,builtin kernel memtile_value_kernel,builtin kernel memtile_value_kernel,0.0030720001086592674
cuda:0,1,kernel,forward kernel zero_scalar_kernel_4488849d,zero_scalar_kernel,0.0030720001086592674
cuda:0,1,kernel,forward kernel compute_residual_kernel_307f3567,compute_residual_kernel,11.83743953704834
cuda:0,1,kernel,forward kernel check_rtr_converged_kernel_0e232b9a,check_rtr_converged_kernel,0.0033279999624937773
cuda:0,4,memcpy,memcpy DtoH,memcpy DtoH,0.006144000217318535
cuda:0,16,graph,graph,graph,65.44691467285156
cuda:0,1,kernel,forward kernel zero_scalar_kernel_4488849d,zero_scalar_kernel,0.0030720001086592674
cuda:0,1,kernel,forward kernel zero_scalar_kernel_4488849d,zero_scalar_kernel,0.0030720001086592674
cuda:0,1,kernel,forward kernel head_update_rms_and_snapshot_kernel_557460ec,head_update_rms_and_snapshot_kernel,11.833344459533691
cuda:0,4,memcpy,memcpy DtoH,memcpy DtoH,0.006175999995321035
cuda:0,4,memcpy,memcpy DtoH,memcpy DtoH,0.005696000065654516
cuda:0,2,builtin,builtin kernel memtile_value_kernel,builtin kernel memtile_value_kernel,0.004000000189989805
cuda:0,1,kernel,forward kernel zero_scalar_kernel_4488849d,zero_scalar_kernel,0.0030720001086592674
cuda:0,1,kernel,forward kernel compute_residual_kernel_307f3567,compute_residual_kernel,11.83743953704834
cuda:0,1,kernel,forward kernel check_rtr_converged_kernel_0e232b9a,check_rtr_converged_kernel,0.0030720001086592674
cuda:0,4,memcpy,memcpy DtoH,memcpy DtoH,0.006207999773323536
cuda:0,16,graph,graph,graph,65.6025619506836
cuda:0,1,kernel,forward kernel zero_scalar_kernel_4488849d,zero_scalar_kernel,0.0030720001086592674
cuda:0,1,kernel,forward kernel zero_scalar_kernel_4488849d,zero_scalar_kernel,0.002047999994829297
cuda:0,1,kernel,forward kernel head_update_rms_and_snapshot_kernel_557460ec,head_update_rms_and_snapshot_kernel,11.833344459533691
cuda:0,4,memcpy,memcpy DtoH,memcpy DtoH,0.010239999741315842
cuda:0,4,memcpy,memcpy DtoH,memcpy DtoH,0.010304000228643417
cuda:0,2,builtin,builtin kernel memtile_value_kernel,builtin kernel memtile_value_kernel,0.0071680000983178616
cuda:0,1,kernel,forward kernel zero_scalar_kernel_4488849d,zero_scalar_kernel,0.004095999989658594
cuda:0,1,kernel,forward kernel compute_residual_kernel_307f3567,compute_residual_kernel,11.837056159973145
cuda:0,1,kernel,forward kernel check_rtr_converged_kernel_0e232b9a,check_rtr_converged_kernel,0.0030720001086592674
cuda:0,4,memcpy,memcpy DtoH,memcpy DtoH,0.006335999816656113
cuda:0,16,graph,graph,graph,65.46636962890625
cuda:0,1,kernel,forward kernel zero_scalar_kernel_4488849d,zero_scalar_kernel,0.004095999989658594
cuda:0,1,kernel,forward kernel zero_scalar_kernel_4488849d,zero_scalar_kernel,0.0030720001086592674
cuda:0,1,kernel,forward kernel head_update_rms_and_snapshot_kernel_557460ec,head_update_rms_and_snapshot_kernel,11.833344459533691
cuda:0,4,memcpy,memcpy DtoH,memcpy DtoH,0.006399999838322401
cuda:0,4,memcpy,memcpy DtoH,memcpy DtoH,0.005727999843657017
cuda:0,2,builtin,builtin kernel memtile_value_kernel,builtin kernel memtile_value_kernel,0.0030720001086592674
cuda:0,1,kernel,forward kernel zero_scalar_kernel_4488849d,zero_scalar_kernel,0.0030720001086592674
cuda:0,1,kernel,forward kernel compute_residual_kernel_307f3567,compute_residual_kernel,11.836416244506836
cuda:0,1,kernel,forward kernel check_rtr_converged_kernel_0e232b9a,check_rtr_converged_kernel,0.0030720001086592674
cuda:0,4,memcpy,memcpy DtoH,memcpy DtoH,0.006240000016987324
cuda:0,16,graph,graph,graph,65.4417953491211
cuda:0,1,kernel,forward kernel zero_scalar_kernel_4488849d,zero_scalar_kernel,0.0030720001086592674
cuda:0,1,kernel,forward kernel zero_scalar_kernel_4488849d,zero_scalar_kernel,0.0030720001086592674
cuda:0,1,kernel,forward kernel head_update_rms_and_snapshot_kernel_557460ec,head_update_rms_and_snapshot_kernel,11.834367752075195
cuda:0,4,memcpy,memcpy DtoH,memcpy DtoH,0.0060800001956522465
cuda:0,4,memcpy,memcpy DtoH,memcpy DtoH,0.005632000043988228
cuda:0,2,builtin,builtin kernel memtile_value_kernel,builtin kernel memtile_value_kernel,0.0030720001086592674
cuda:0,1,kernel,forward kernel zero_scalar_kernel_4488849d,zero_scalar_kernel,0.002368000103160739
cuda:0,1,kernel,forward kernel compute_residual_kernel_307f3567,compute_residual_kernel,11.838111877441406
cuda:0,1,kernel,forward kernel check_rtr_converged_kernel_0e232b9a,check_rtr_converged_kernel,0.004095999989658594
cuda:0,4,memcpy,memcpy DtoH,memcpy DtoH,0.006399999838322401
cuda:0,16,graph,graph,graph,65.44879913330078
cuda:0,1,kernel,forward kernel zero_scalar_kernel_4488849d,zero_scalar_kernel,0.0030720001086592674
cuda:0,1,kernel,forward kernel zero_scalar_kernel_4488849d,zero_scalar_kernel,0.0030720001086592674
cuda:0,1,kernel,forward kernel head_update_rms_and_snapshot_kernel_557460ec,head_update_rms_and_snapshot_kernel,11.833344459533691
cuda:0,4,memcpy,memcpy DtoH,memcpy DtoH,0.006240000016987324
cuda:0,4,memcpy,memcpy DtoH,memcpy DtoH,0.005727999843657017
cuda:0,2,builtin,builtin kernel memtile_value_kernel,builtin kernel memtile_value_kernel,0.0033279999624937773
cuda:0,1,kernel,forward kernel zero_scalar_kernel_4488849d,zero_scalar_kernel,0.0030720001086592674
cuda:0,1,kernel,forward kernel compute_residual_kernel_307f3567,compute_residual_kernel,11.836511611938477
cuda:0,1,kernel,forward kernel check_rtr_converged_kernel_0e232b9a,check_rtr_converged_kernel,0.004095999989658594
cuda:0,4,memcpy,memcpy DtoH,memcpy DtoH,0.006207999773323536
cuda:0,16,graph,graph,graph,65.43635559082031
cuda:0,1,kernel,forward kernel zero_scalar_kernel_4488849d,zero_scalar_kernel,0.0030720001086592674
cuda:0,1,kernel,forward kernel zero_scalar_kernel_4488849d,zero_scalar_kernel,0.0030720001086592674
cuda:0,1,kernel,forward kernel head_update_rms_and_snapshot_kernel_557460ec,head_update_rms_and_snapshot_kernel,11.833344459533691
cuda:0,4,memcpy,memcpy DtoH,memcpy DtoH,0.006144000217318535
cuda:0,4,memcpy,memcpy DtoH,memcpy DtoH,0.00598399993032217
cuda:0,2,builtin,builtin kernel memtile_value_kernel,builtin kernel memtile_value_kernel,0.002368000103160739
cuda:0,1,kernel,forward kernel zero_scalar_kernel_4488849d,zero_scalar_kernel,0.003103999886661768
cuda:0,1,kernel,forward kernel compute_residual_kernel_307f3567,compute_residual_kernel,11.836480140686035
cuda:0,1,kernel,forward kernel check_rtr_converged_kernel_0e232b9a,check_rtr_converged_kernel,0.0030720001086592674
cuda:0,4,memcpy,memcpy DtoH,memcpy DtoH,0.006175999995321035
cuda:0,16,graph,graph,graph,65.438720703125
cuda:0,1,kernel,forward kernel zero_scalar_kernel_4488849d,zero_scalar_kernel,0.0030720001086592674
cuda:0,1,kernel,forward kernel zero_scalar_kernel_4488849d,zero_scalar_kernel,0.0030720001086592674
cuda:0,1,kernel,forward kernel head_update_rms_and_snapshot_kernel_557460ec,head_update_rms_and_snapshot_kernel,11.833344459533691
cuda:0,4,memcpy,memcpy DtoH,memcpy DtoH,0.005888000130653381
cuda:0,4,memcpy,memcpy DtoH,memcpy DtoH,0.005504000000655651
cuda:0,2,builtin,builtin kernel memtile_value_kernel,builtin kernel memtile_value_kernel,0.0030400000978261232
cuda:0,1,kernel,forward kernel zero_scalar_kernel_4488849d,zero_scalar_kernel,0.0029440000653266907
cuda:0,1,kernel,forward kernel compute_residual_kernel_307f3567,compute_residual_kernel,11.836416244506836
cuda:0,1,kernel,forward kernel check_rtr_converged_kernel_0e232b9a,check_rtr_converged_kernel,0.004095999989658594
cuda:0,4,memcpy,memcpy DtoH,memcpy DtoH,0.006175999995321035
cuda:0,16,graph,graph,graph,65.44588470458984
cuda:0,1,kernel,forward kernel zero_scalar_kernel_4488849d,zero_scalar_kernel,0.0030720001086592674
cuda:0,1,kernel,forward kernel zero_scalar_kernel_4488849d,zero_scalar_kernel,0.0030720001086592674
cuda:0,1,kernel,forward kernel head_update_rms_and_snapshot_kernel_557460ec,head_update_rms_and_snapshot_kernel,11.834367752075195
cuda:0,4,memcpy,memcpy DtoH,memcpy DtoH,0.006111999973654747
cuda:0,4,memcpy,memcpy DtoH,memcpy DtoH,0.005760000087320805
cuda:0,2,builtin,builtin kernel memtile_value_kernel,builtin kernel memtile_value_kernel,0.0030720001086592674
cuda:0,1,kernel,forward kernel zero_scalar_kernel_4488849d,zero_scalar_kernel,0.003008000086992979
cuda:0,1,kernel,forward kernel compute_residual_kernel_307f3567,compute_residual_kernel,11.83743953704834
cuda:0,1,kernel,forward kernel check_rtr_converged_kernel_0e232b9a,check_rtr_converged_kernel,0.0030720001086592674
cuda:0,4,memcpy,memcpy DtoH,memcpy DtoH,0.006463999859988689
cuda:0,16,graph,graph,graph,65.44281768798828
cuda:0,1,kernel,forward kernel zero_scalar_kernel_4488849d,zero_scalar_kernel,0.0030720001086592674
cuda:0,1,kernel,forward kernel zero_scalar_kernel_4488849d,zero_scalar_kernel,0.0030720001086592674
cuda:0,1,kernel,forward kernel head_update_rms_and_snapshot_kernel_557460ec,head_update_rms_and_snapshot_kernel,11.833344459533691
cuda:0,4,memcpy,memcpy DtoH,memcpy DtoH,0.006016000173985958
cuda:0,4,memcpy,memcpy DtoH,memcpy DtoH,0.00595200015231967
cuda:0,2,builtin,builtin kernel memtile_value_kernel,builtin kernel memtile_value_kernel,0.0030720001086592674
cuda:0,1,kernel,forward kernel zero_scalar_kernel_4488849d,zero_scalar_kernel,0.0029120000544935465
cuda:0,1,kernel,forward kernel compute_residual_kernel_307f3567,compute_residual_kernel,11.837087631225586
cuda:0,1,kernel,forward kernel check_rtr_converged_kernel_0e232b9a,check_rtr_converged_kernel,0.0033919999841600657
cuda:0,4,memcpy,memcpy DtoH,memcpy DtoH,0.006175999995321035
cuda:0,16,graph,graph,graph,65.44895935058594
cuda:0,1,kernel,forward kernel zero_scalar_kernel_4488849d,zero_scalar_kernel,0.0030720001086592674
cuda:0,1,kernel,forward kernel zero_scalar_kernel_4488849d,zero_scalar_kernel,0.0030720001086592674
cuda:0,1,kernel,forward kernel head_update_rms_and_snapshot_kernel_557460ec,head_update_rms_and_snapshot_kernel,11.833344459533691
cuda:0,4,memcpy,memcpy DtoH,memcpy DtoH,0.006335999816656113
cuda:0,4,memcpy,memcpy DtoH,memcpy DtoH,0.005888000130653381
cuda:0,2,builtin,builtin kernel memtile_value_kernel,builtin kernel memtile_value_kernel,0.003008000086992979
cuda:0,1,kernel,forward kernel zero_scalar_kernel_4488849d,zero_scalar_kernel,0.003903999924659729
cuda:0,1,kernel,forward kernel compute_residual_kernel_307f3567,compute_residual_kernel,11.83743953704834
cuda:0,1,kernel,forward kernel check_rtr_converged_kernel_0e232b9a,check_rtr_converged_kernel,0.0030720001086592674
cuda:0,4,memcpy,memcpy DtoH,memcpy DtoH,0.006240000016987324
cuda:0,16,graph,graph,graph,65.4551010131836
cuda:0,1,kernel,forward kernel zero_scalar_kernel_4488849d,zero_scalar_kernel,0.0030720001086592674
cuda:0,1,kernel,forward kernel zero_scalar_kernel_4488849d,zero_scalar_kernel,0.0030720001086592674
cuda:0,1,kernel,forward kernel head_update_rms_and_snapshot_kernel_557460ec,head_update_rms_and_snapshot_kernel,11.832320213317871
cuda:0,4,memcpy,memcpy DtoH,memcpy DtoH,0.007135999854654074
cuda:0,4,memcpy,memcpy DtoH,memcpy DtoH,0.006144000217318535
cuda:0,2,builtin,builtin kernel memtile_value_kernel,builtin kernel memtile_value_kernel,0.002368000103160739
cuda:0,1,kernel,forward kernel zero_scalar_kernel_4488849d,zero_scalar_kernel,0.0030720001086592674
cuda:0,1,kernel,forward kernel compute_residual_kernel_307f3567,compute_residual_kernel,11.83743953704834
cuda:0,1,kernel,forward kernel check_rtr_converged_kernel_0e232b9a,check_rtr_converged_kernel,0.004095999989658594
cuda:0,4,memcpy,memcpy DtoH,memcpy DtoH,0.006144000217318535
cuda:0,16,graph,graph,graph,65.46022033691406
cuda:0,1,kernel,forward kernel zero_scalar_kernel_4488849d,zero_scalar_kernel,0.0030720001086592674
cuda:0,1,kernel,forward kernel zero_scalar_kernel_4488849d,zero_scalar_kernel,0.0030720001086592674
cuda:0,1,kernel,forward kernel head_update_rms_and_snapshot_kernel_557460ec,head_update_rms_and_snapshot_kernel,11.833344459533691
cuda:0,4,memcpy,memcpy DtoH,memcpy DtoH,0.007872000336647034
cuda:0,4,memcpy,memcpy DtoH,memcpy DtoH,0.005791999865323305
cuda:0,2,builtin,builtin kernel memtile_value_kernel,builtin kernel memtile_value_kernel,0.0030720001086592674
cuda:0,1,kernel,forward kernel zero_scalar_kernel_4488849d,zero_scalar_kernel,0.0030720001086592674
cuda:0,1,kernel,forward kernel compute_residual_kernel_307f3567,compute_residual_kernel,11.83743953704834
cuda:0,1,kernel,forward kernel check_rtr_converged_kernel_0e232b9a,check_rtr_converged_kernel,0.0030720001086592674
cuda:0,4,memcpy,memcpy DtoH,memcpy DtoH,0.006719999946653843
cuda:0,16,graph,graph,graph,65.43154907226562
cuda:0,1,kernel,forward kernel zero_scalar_kernel_4488849d,zero_scalar_kernel,0.0030720001086592674
cuda:0,1,kernel,forward kernel zero_scalar_kernel_4488849d,zero_scalar_kernel,0.0030720001086592674
cuda:0,1,kernel,forward kernel head_update_rms_and_snapshot_kernel_557460ec,head_update_rms_and_snapshot_kernel,11.833344459533691
cuda:0,4,memcpy,memcpy DtoH,memcpy DtoH,0.006527999881654978
cuda:0,4,memcpy,memcpy DtoH,memcpy DtoH,0.0058559998869895935
cuda:0,2,builtin,builtin kernel memtile_value_kernel,builtin kernel memtile_value_kernel,0.004031999967992306
cuda:0,1,kernel,forward kernel zero_scalar_kernel_4488849d,zero_scalar_kernel,0.0030720001086592674
cuda:0,1,kernel,forward kernel compute_residual_kernel_307f3567,compute_residual_kernel,11.83737564086914
cuda:0,1,kernel,forward kernel check_rtr_converged_kernel_0e232b9a,check_rtr_converged_kernel,0.0030720001086592674
cuda:0,4,memcpy,memcpy DtoH,memcpy DtoH,0.006463999859988689
cuda:0,16,graph,graph,graph,65.43443298339844
cuda:0,1,kernel,forward kernel zero_scalar_kernel_4488849d,zero_scalar_kernel,0.0030720001086592674
cuda:0,1,kernel,forward kernel zero_scalar_kernel_4488849d,zero_scalar_kernel,0.002047999994829297
cuda:0,1,kernel,forward kernel head_update_rms_and_snapshot_kernel_557460ec,head_update_rms_and_snapshot_kernel,11.833344459533691
cuda:0,4,memcpy,memcpy DtoH,memcpy DtoH,0.006527999881654978
cuda:0,4,memcpy,memcpy DtoH,memcpy DtoH,0.005888000130653381
cuda:0,2,builtin,builtin kernel memtile_value_kernel,builtin kernel memtile_value_kernel,0.0030720001086592674
cuda:0,1,kernel,forward kernel zero_scalar_kernel_4488849d,zero_scalar_kernel,0.003103999886661768
cuda:0,1,kernel,forward kernel compute_residual_kernel_307f3567,compute_residual_kernel,11.83743953704834
cuda:0,1,kernel,forward kernel check_rtr_converged_kernel_0e232b9a,check_rtr_converged_kernel,0.0030720001086592674
cuda:0,4,memcpy,memcpy DtoH,memcpy DtoH,0.007391999941319227
cuda:0,16,graph,graph,graph,65.43769836425781
cuda:0,1,kernel,forward kernel zero_scalar_kernel_4488849d,zero_scalar_kernel,0.004095999989658594
cuda:0,1,kernel,forward kernel zero_scalar_kernel_4488849d,zero_scalar_kernel,0.0030720001086592674
cuda:0,1,kernel,forward kernel head_update_rms_and_snapshot_kernel_557460ec,head_update_rms_and_snapshot_kernel,11.832320213317871
cuda:0,4,memcpy,memcpy DtoH,memcpy DtoH,0.006335999816656113
cuda:0,4,memcpy,memcpy DtoH,memcpy DtoH,0.005824000108987093
cuda:0,2,builtin,builtin kernel memtile_value_kernel,builtin kernel memtile_value_kernel,0.0030720001086592674
cuda:0,1,kernel,forward kernel zero_scalar_kernel_4488849d,zero_scalar_kernel,0.0029440000653266907
cuda:0,1,kernel,forward kernel compute_residual_kernel_307f3567,compute_residual_kernel,11.837408065795898
cuda:0,1,kernel,forward kernel check_rtr_converged_kernel_0e232b9a,check_rtr_converged_kernel,0.0030720001086592674
cuda:0,4,memcpy,memcpy DtoH,memcpy DtoH,0.006816000211983919
cuda:0,16,graph,graph,graph,65.44076538085938
cuda:0,1,kernel,forward kernel zero_scalar_kernel_4488849d,zero_scalar_kernel,0.0030720001086592674
cuda:0,1,kernel,forward kernel zero_scalar_kernel_4488849d,zero_scalar_kernel,0.0030720001086592674
cuda:0,1,kernel,forward kernel head_update_rms_and_snapshot_kernel_557460ec,head_update_rms_and_snapshot_kernel,11.834367752075195
cuda:0,4,memcpy,memcpy DtoH,memcpy DtoH,0.006943999789655209
cuda:0,4,memcpy,memcpy DtoH,memcpy DtoH,0.006016000173985958
cuda:0,2,builtin,builtin kernel memtile_value_kernel,builtin kernel memtile_value_kernel,0.0030720001086592674
cuda:0,1,kernel,forward kernel zero_scalar_kernel_4488849d,zero_scalar_kernel,0.0030720001086592674
cuda:0,1,kernel,forward kernel compute_residual_kernel_307f3567,compute_residual_kernel,11.83743953704834
cuda:0,1,kernel,forward kernel check_rtr_converged_kernel_0e232b9a,check_rtr_converged_kernel,0.0030720001086592674
cuda:0,4,memcpy,memcpy DtoH,memcpy DtoH,0.006304000038653612
cuda:0,16,graph,graph,graph,65.44384002685547
cuda:0,1,kernel,forward kernel zero_scalar_kernel_4488849d,zero_scalar_kernel,0.0030720001086592674
cuda:0,1,kernel,forward kernel zero_scalar_kernel_4488849d,zero_scalar_kernel,0.0030720001086592674
cuda:0,1,kernel,forward kernel head_update_rms_and_snapshot_kernel_557460ec,head_update_rms_and_snapshot_kernel,11.833344459533691
cuda:0,4,memcpy,memcpy DtoH,memcpy DtoH,0.007199999876320362
cuda:0,4,memcpy,memcpy DtoH,memcpy DtoH,0.005791999865323305
cuda:0,2,builtin,builtin kernel memtile_value_kernel,builtin kernel memtile_value_kernel,0.0033279999624937773
cuda:0,1,kernel,forward kernel zero_scalar_kernel_4488849d,zero_scalar_kernel,0.0027199999894946814
cuda:0,1,kernel,forward kernel compute_residual_kernel_307f3567,compute_residual_kernel,11.83743953704834
cuda:0,1,kernel,forward kernel check_rtr_converged_kernel_0e232b9a,check_rtr_converged_kernel,0.003103999886661768
cuda:0,4,memcpy,memcpy DtoH,memcpy DtoH,0.006240000016987324
cuda:0,16,graph,graph,graph,65.44281768798828
cuda:0,1,kernel,forward kernel zero_scalar_kernel_4488849d,zero_scalar_kernel,0.002047999994829297
cuda:0,1,kernel,forward kernel zero_scalar_kernel_4488849d,zero_scalar_kernel,0.0030720001086592674
cuda:0,1,kernel,forward kernel head_update_rms_and_snapshot_kernel_557460ec,head_update_rms_and_snapshot_kernel,11.834367752075195
cuda:0,4,memcpy,memcpy DtoH,memcpy DtoH,0.006496000103652477
cuda:0,4,memcpy,memcpy DtoH,memcpy DtoH,0.006111999973654747
cuda:0,2,builtin,builtin kernel memtile_value_kernel,builtin kernel memtile_value_kernel,0.0031999999191612005
cuda:0,1,kernel,forward kernel zero_scalar_kernel_4488849d,zero_scalar_kernel,0.0030720001086592674
cuda:0,1,kernel,forward kernel compute_residual_kernel_307f3567,compute_residual_kernel,11.836416244506836
cuda:0,1,kernel,forward kernel check_rtr_converged_kernel_0e232b9a,check_rtr_converged_kernel,0.0030720001086592674
cuda:0,4,memcpy,memcpy DtoH,memcpy DtoH,0.006175999995321035
cuda:0,16,graph,graph,graph,65.43974304199219
cuda:0,1,kernel,forward kernel zero_scalar_kernel_4488849d,zero_scalar_kernel,0.0030720001086592674
cuda:0,1,kernel,forward kernel zero_scalar_kernel_4488849d,zero_scalar_kernel,0.0030720001086592674
cuda:0,1,kernel,forward kernel head_update_rms_and_snapshot_kernel_557460ec,head_update_rms_and_snapshot_kernel,11.833344459533691
cuda:0,4,memcpy,memcpy DtoH,memcpy DtoH,0.007360000163316727
cuda:0,4,memcpy,memcpy DtoH,memcpy DtoH,0.005919999908655882
cuda:0,2,builtin,builtin kernel memtile_value_kernel,builtin kernel memtile_value_kernel,0.003008000086992979
cuda:0,1,kernel,forward kernel zero_scalar_kernel_4488849d,zero_scalar_kernel,0.0058559998869895935
cuda:0,1,kernel,forward kernel compute_residual_kernel_307f3567,compute_residual_kernel,11.83743953704834
cuda:0,1,kernel,forward kernel check_rtr_converged_kernel_0e232b9a,check_rtr_converged_kernel,0.0030720001086592674
cuda:0,4,memcpy,memcpy DtoH,memcpy DtoH,0.006240000016987324
cuda:0,16,graph,graph,graph,65.4486083984375
cuda:0,1,kernel,forward kernel zero_scalar_kernel_4488849d,zero_scalar_kernel,0.0030720001086592674
cuda:0,1,kernel,forward kernel zero_scalar_kernel_4488849d,zero_scalar_kernel,0.0030720001086592674
cuda:0,1,kernel,forward kernel head_update_rms_and_snapshot_kernel_557460ec,head_update_rms_and_snapshot_kernel,11.834367752075195
cuda:0,4,memcpy,memcpy DtoH,memcpy DtoH,0.007391999941319227
cuda:0,4,memcpy,memcpy DtoH,memcpy DtoH,0.006016000173985958
cuda:0,2,builtin,builtin kernel memtile_value_kernel,builtin kernel memtile_value_kernel,0.0030720001086592674
cuda:0,1,kernel,forward kernel zero_scalar_kernel_4488849d,zero_scalar_kernel,0.0030720001086592674
cuda:0,1,kernel,forward kernel compute_residual_kernel_307f3567,compute_residual_kernel,11.8372802734375
cuda:0,1,kernel,forward kernel check_rtr_converged_kernel_0e232b9a,check_rtr_converged_kernel,0.004095999989658594
cuda:0,4,memcpy,memcpy DtoH,memcpy DtoH,0.006111999973654747
cuda:0,16,graph,graph,graph,65.44793701171875
cuda:0,1,kernel,forward kernel zero_scalar_kernel_4488849d,zero_scalar_kernel,0.0030720001086592674
cuda:0,1,kernel,forward kernel zero_scalar_kernel_4488849d,zero_scalar_kernel,0.0030720001086592674
cuda:0,1,kernel,forward kernel head_update_rms_and_snapshot_kernel_557460ec,head_update_rms_and_snapshot_kernel,11.833344459533691
cuda:0,4,memcpy,memcpy DtoH,memcpy DtoH,0.006271999794989824
cuda:0,4,memcpy,memcpy DtoH,memcpy DtoH,0.006047999951988459
cuda:0,2,builtin,builtin kernel memtile_value_kernel,builtin kernel memtile_value_kernel,0.003295999951660633
cuda:0,1,kernel,forward kernel zero_scalar_kernel_4488849d,zero_scalar_kernel,0.0029440000653266907
cuda:0,1,kernel,forward kernel compute_residual_kernel_307f3567,compute_residual_kernel,11.83743953704834
cuda:0,1,kernel,forward kernel check_rtr_converged_kernel_0e232b9a,check_rtr_converged_kernel,0.0030720001086592674
cuda:0,4,memcpy,memcpy DtoH,memcpy DtoH,0.006047999951988459
cuda:0,16,graph,graph,graph,65.43769836425781
cuda:0,1,kernel,forward kernel zero_scalar_kernel_4488849d,zero_scalar_kernel,0.004095999989658594
cuda:0,1,kernel,forward kernel zero_scalar_kernel_4488849d,zero_scalar_kernel,0.0030720001086592674
cuda:0,1,kernel,forward kernel head_update_rms_and_snapshot_kernel_557460ec,head_update_rms_and_snapshot_kernel,11.833344459533691
cuda:0,4,memcpy,memcpy DtoH,memcpy DtoH,0.006335999816656113
cuda:0,4,memcpy,memcpy DtoH,memcpy DtoH,0.00595200015231967
cuda:0,2,builtin,builtin kernel memtile_value_kernel,builtin kernel memtile_value_kernel,0.0029120000544935465
cuda:0,1,kernel,forward kernel zero_scalar_kernel_4488849d,zero_scalar_kernel,0.003135999897494912
cuda:0,1,kernel,forward kernel compute_residual_kernel_307f3567,compute_residual_kernel,11.837151527404785
cuda:0,1,kernel,forward kernel check_rtr_converged_kernel_0e232b9a,check_rtr_converged_kernel,0.0030720001086592674
cuda:0,4,memcpy,memcpy DtoH,memcpy DtoH,0.006304000038653612
cuda:0,16,graph,graph,graph,65.4540786743164
cuda:0,1,kernel,forward kernel zero_scalar_kernel_4488849d,zero_scalar_kernel,0.004095999989658594
cuda:0,1,kernel,forward kernel zero_scalar_kernel_4488849d,zero_scalar_kernel,0.0030720001086592674
cuda:0,1,kernel,forward kernel head_update_rms_and_snapshot_kernel_557460ec,head_update_rms_and_snapshot_kernel,11.833344459533691
cuda:0,4,memcpy,memcpy DtoH,memcpy DtoH,0.006399999838322401
cuda:0,4,memcpy,memcpy DtoH,memcpy DtoH,0.00598399993032217
cuda:0,2,builtin,builtin kernel memtile_value_kernel,builtin kernel memtile_value_kernel,0.002047999994829297
cuda:0,1,kernel,forward kernel zero_scalar_kernel_4488849d,zero_scalar_kernel,0.0030720001086592674
cuda:0,1,kernel,forward kernel compute_residual_kernel_307f3567,compute_residual_kernel,11.83743953704834
cuda:0,1,kernel,forward kernel check_rtr_converged_kernel_0e232b9a,check_rtr_converged_kernel,0.0030720001086592674
cuda:0,4,memcpy,memcpy DtoH,memcpy DtoH,0.006047999951988459
cuda:0,16,graph,graph,graph,65.44793701171875
cuda:0,1,kernel,forward kernel zero_scalar_kernel_4488849d,zero_scalar_kernel,0.0030720001086592674
cuda:0,1,kernel,forward kernel zero_scalar_kernel_4488849d,zero_scalar_kernel,0.0030720001086592674
cuda:0,1,kernel,forward kernel head_update_rms_and_snapshot_kernel_557460ec,head_update_rms_and_snapshot_kernel,11.834367752075195
cuda:0,4,memcpy,memcpy DtoH,memcpy DtoH,0.006527999881654978
cuda:0,4,memcpy,memcpy DtoH,memcpy DtoH,0.005663999821990728
cuda:0,2,builtin,builtin kernel memtile_value_kernel,builtin kernel memtile_value_kernel,0.002976000076159835
cuda:0,1,kernel,forward kernel zero_scalar_kernel_4488849d,zero_scalar_kernel,0.0030720001086592674
cuda:0,1,kernel,forward kernel compute_residual_kernel_307f3567,compute_residual_kernel,11.83846378326416
cuda:0,1,kernel,forward kernel check_rtr_converged_kernel_0e232b9a,check_rtr_converged_kernel,0.0030720001086592674
cuda:0,4,memcpy,memcpy DtoH,memcpy DtoH,0.006304000038653612
cuda:0,16,graph,graph,graph,65.45101165771484
cuda:0,1,kernel,forward kernel zero_scalar_kernel_4488849d,zero_scalar_kernel,0.0030720001086592674
cuda:0,1,kernel,forward kernel zero_scalar_kernel_4488849d,zero_scalar_kernel,0.0030720001086592674
cuda:0,1,kernel,forward kernel head_update_rms_and_snapshot_kernel_557460ec,head_update_rms_and_snapshot_kernel,11.833344459533691
cuda:0,4,memcpy,memcpy DtoH,memcpy DtoH,0.0060800001956522465
cuda:0,4,memcpy,memcpy DtoH,memcpy DtoH,0.005760000087320805
cuda:0,2,builtin,builtin kernel memtile_value_kernel,builtin kernel memtile_value_kernel,0.004095999989658594
cuda:0,1,kernel,forward kernel zero_scalar_kernel_4488849d,zero_scalar_kernel,0.0030400000978261232
cuda:0,1,kernel,forward kernel compute_residual_kernel_307f3567,compute_residual_kernel,11.836416244506836
cuda:0,1,kernel,forward kernel check_rtr_converged_kernel_0e232b9a,check_rtr_converged_kernel,0.0030720001086592674
cuda:0,4,memcpy,memcpy DtoH,memcpy DtoH,0.006144000217318535
cuda:0,16,graph,graph,graph,65.44486236572266
cuda:0,1,kernel,forward kernel zero_scalar_kernel_4488849d,zero_scalar_kernel,0.0030720001086592674
cuda:0,1,kernel,forward kernel zero_scalar_kernel_4488849d,zero_scalar_kernel,0.0030720001086592674
cuda:0,1,kernel,forward kernel head_update_rms_and_snapshot_kernel_557460ec,head_update_rms_and_snapshot_kernel,11.833344459533691
cuda:0,4,memcpy,memcpy DtoH,memcpy DtoH,0.006207999773323536
cuda:0,4,memcpy,memcpy DtoH,memcpy DtoH,0.0058559998869895935
cuda:0,2,builtin,builtin kernel memtile_value_kernel,builtin kernel memtile_value_kernel,0.0030720001086592674
cuda:0,1,kernel,forward kernel zero_scalar_kernel_4488849d,zero_scalar_kernel,0.003103999886661768
cuda:0,1,kernel,forward kernel compute_residual_kernel_307f3567,compute_residual_kernel,11.836416244506836
cuda:0,1,kernel,forward kernel check_rtr_converged_kernel_0e232b9a,check_rtr_converged_kernel,0.0033599999733269215
cuda:0,4,memcpy,memcpy DtoH,memcpy DtoH,0.006527999881654978
cuda:0,16,graph,graph,graph,65.44895935058594
cuda:0,1,kernel,forward kernel zero_scalar_kernel_4488849d,zero_scalar_kernel,0.004095999989658594
cuda:0,1,kernel,forward kernel zero_scalar_kernel_4488849d,zero_scalar_kernel,0.002047999994829297
cuda:0,1,kernel,forward kernel head_update_rms_and_snapshot_kernel_557460ec,head_update_rms_and_snapshot_kernel,11.833344459533691
cuda:0,4,memcpy,memcpy DtoH,memcpy DtoH,0.006016000173985958
cuda:0,4,memcpy,memcpy DtoH,memcpy DtoH,0.00598399993032217
cuda:0,2,builtin,builtin kernel memtile_value_kernel,builtin kernel memtile_value_kernel,0.002976000076159835
cuda:0,1,kernel,forward kernel zero_scalar_kernel_4488849d,zero_scalar_kernel,0.002816000021994114
cuda:0,1,kernel,forward kernel compute_residual_kernel_307f3567,compute_residual_kernel,11.83743953704834
cuda:0,1,kernel,forward kernel check_rtr_converged_kernel_0e232b9a,check_rtr_converged_kernel,0.004095999989658594
cuda:0,4,memcpy,memcpy DtoH,memcpy DtoH,0.006144000217318535
cuda:0,16,graph,graph,graph,65.46604919433594
cuda:0,1,kernel,forward kernel zero_scalar_kernel_4488849d,zero_scalar_kernel,0.0030720001086592674
cuda:0,1,kernel,forward kernel zero_scalar_kernel_4488849d,zero_scalar_kernel,0.0030720001086592674
cuda:0,1,kernel,forward kernel head_update_rms_and_snapshot_kernel_557460ec,head_update_rms_and_snapshot_kernel,11.834367752075195
cuda:0,4,memcpy,memcpy DtoH,memcpy DtoH,0.006335999816656113
cuda:0,4,memcpy,memcpy DtoH,memcpy DtoH,0.005663999821990728
cuda:0,2,builtin,builtin kernel memtile_value_kernel,builtin kernel memtile_value_kernel,0.0030720001086592674
cuda:0,1,kernel,forward kernel zero_scalar_kernel_4488849d,zero_scalar_kernel,0.0030720001086592674
cuda:0,1,kernel,forward kernel compute_residual_kernel_307f3567,compute_residual_kernel,11.838303565979004
cuda:0,1,kernel,forward kernel check_rtr_converged_kernel_0e232b9a,check_rtr_converged_kernel,0.0030720001086592674
cuda:0,4,memcpy,memcpy DtoH,memcpy DtoH,0.006591999903321266
cuda:0,16,graph,graph,graph,65.4551010131836
cuda:0,1,kernel,forward kernel zero_scalar_kernel_4488849d,zero_scalar_kernel,0.0030720001086592674
cuda:0,1,kernel,forward kernel zero_scalar_kernel_4488849d,zero_scalar_kernel,0.0030720001086592674
cuda:0,1,kernel,forward kernel head_update_rms_and_snapshot_kernel_557460ec,head_update_rms_and_snapshot_kernel,11.834367752075195
cuda:0,4,memcpy,memcpy DtoH,memcpy DtoH,0.006207999773323536
cuda:0,4,memcpy,memcpy DtoH,memcpy DtoH,0.005919999908655882
cuda:0,2,builtin,builtin kernel memtile_value_kernel,builtin kernel memtile_value_kernel,0.0030720001086592674
cuda:0,1,kernel,forward kernel zero_scalar_kernel_4488849d,zero_scalar_kernel,0.002976000076159835
cuda:0,1,kernel,forward kernel compute_residual_kernel_307f3567,compute_residual_kernel,11.837696075439453
cuda:0,1,kernel,forward kernel check_rtr_converged_kernel_0e232b9a,check_rtr_converged_kernel,0.0033279999624937773
cuda:0,4,memcpy,memcpy DtoH,memcpy DtoH,0.006527999881654978
cuda:0,16,graph,graph,graph,65.44486236572266
cuda:0,1,kernel,forward kernel zero_scalar_kernel_4488849d,zero_scalar_kernel,0.0030720001086592674
cuda:0,1,kernel,forward kernel zero_scalar_kernel_4488849d,zero_scalar_kernel,0.0030720001086592674
cuda:0,1,kernel,forward kernel head_update_rms_and_snapshot_kernel_557460ec,head_update_rms_and_snapshot_kernel,11.833344459533691
cuda:0,4,memcpy,memcpy DtoH,memcpy DtoH,0.006207999773323536
cuda:0,4,memcpy,memcpy DtoH,memcpy DtoH,0.006111999973654747
cuda:0,2,builtin,builtin kernel memtile_value_kernel,builtin kernel memtile_value_kernel,0.0029120000544935465
cuda:0,1,kernel,forward kernel zero_scalar_kernel_4488849d,zero_scalar_kernel,0.003295999951660633
cuda:0,1,kernel,forward kernel compute_residual_kernel_307f3567,compute_residual_kernel,11.837247848510742
cuda:0,1,kernel,forward kernel check_rtr_converged_kernel_0e232b9a,check_rtr_converged_kernel,0.0030720001086592674
cuda:0,4,memcpy,memcpy DtoH,memcpy DtoH,0.006207999773323536
cuda:0,16,graph,graph,graph,65.43843078613281
cuda:0,1,kernel,forward kernel zero_scalar_kernel_4488849d,zero_scalar_kernel,0.0030720001086592674
cuda:0,1,kernel,forward kernel zero_scalar_kernel_4488849d,zero_scalar_kernel,0.0030720001086592674
cuda:0,1,kernel,forward kernel head_update_rms_and_snapshot_kernel_557460ec,head_update_rms_and_snapshot_kernel,11.833344459533691
cuda:0,4,memcpy,memcpy DtoH,memcpy DtoH,0.006144000217318535
cuda:0,4,memcpy,memcpy DtoH,memcpy DtoH,0.005919999908655882
cuda:0,2,builtin,builtin kernel memtile_value_kernel,builtin kernel memtile_value_kernel,0.0030720001086592674
cuda:0,1,kernel,forward kernel zero_scalar_kernel_4488849d,zero_scalar_kernel,0.003008000086992979
cuda:0,1,kernel,forward kernel compute_residual_kernel_307f3567,compute_residual_kernel,11.83737564086914
cuda:0,1,kernel,forward kernel check_rtr_converged_kernel_0e232b9a,check_rtr_converged_kernel,0.0030720001086592674
cuda:0,4,memcpy,memcpy DtoH,memcpy DtoH,0.006016000173985958
cuda:0,16,graph,graph,graph,65.43769836425781
cuda:0,1,kernel,forward kernel zero_scalar_kernel_4488849d,zero_scalar_kernel,0.0030720001086592674
cuda:0,1,kernel,forward kernel zero_scalar_kernel_4488849d,zero_scalar_kernel,0.0030720001086592674
cuda:0,1,kernel,forward kernel head_update_rms_and_snapshot_kernel_557460ec,head_update_rms_and_snapshot_kernel,11.834367752075195
cuda:0,4,memcpy,memcpy DtoH,memcpy DtoH,0.0066559999249875546
cuda:0,4,memcpy,memcpy DtoH,memcpy DtoH,0.0058559998869895935
cuda:0,2,builtin,builtin kernel memtile_value_kernel,builtin kernel memtile_value_kernel,0.0030720001086592674
cuda:0,1,kernel,forward kernel zero_scalar_kernel_4488849d,zero_scalar_kernel,0.002047999994829297
cuda:0,1,kernel,forward kernel compute_residual_kernel_307f3567,compute_residual_kernel,11.83743953704834
cuda:0,1,kernel,forward kernel check_rtr_converged_kernel_0e232b9a,check_rtr_converged_kernel,0.0030720001086592674
cuda:0,4,memcpy,memcpy DtoH,memcpy DtoH,0.006591999903321266
cuda:0,16,graph,graph,graph,65.44764709472656
cuda:0,1,kernel,forward kernel zero_scalar_kernel_4488849d,zero_scalar_kernel,0.0030720001086592674
cuda:0,1,kernel,forward kernel zero_scalar_kernel_4488849d,zero_scalar_kernel,0.0030720001086592674
cuda:0,1,kernel,forward kernel head_update_rms_and_snapshot_kernel_557460ec,head_update_rms_and_snapshot_kernel,11.834367752075195
cuda:0,4,memcpy,memcpy DtoH,memcpy DtoH,0.006335999816656113
cuda:0,4,memcpy,memcpy DtoH,memcpy DtoH,0.006016000173985958
cuda:0,2,builtin,builtin kernel memtile_value_kernel,builtin kernel memtile_value_kernel,0.0033279999624937773
cuda:0,1,kernel,forward kernel zero_scalar_kernel_4488849d,zero_scalar_kernel,0.0030720001086592674
cuda:0,1,kernel,forward kernel compute_residual_kernel_307f3567,compute_residual_kernel,11.8372802734375
cuda:0,1,kernel,forward kernel check_rtr_converged_kernel_0e232b9a,check_rtr_converged_kernel,0.0030720001086592674
cuda:0,4,memcpy,memcpy DtoH,memcpy DtoH,0.006144000217318535
cuda:0,16,graph,graph,graph,65.4417953491211
cuda:0,1,kernel,forward kernel zero_scalar_kernel_4488849d,zero_scalar_kernel,0.0030720001086592674
cuda:0,1,kernel,forward kernel zero_scalar_kernel_4488849d,zero_scalar_kernel,0.0030720001086592674
cuda:0,1,kernel,forward kernel head_update_rms_and_snapshot_kernel_557460ec,head_update_rms_and_snapshot_kernel,11.834367752075195
cuda:0,4,memcpy,memcpy DtoH,memcpy DtoH,0.00723200011998415
cuda:0,4,memcpy,memcpy DtoH,memcpy DtoH,0.00595200015231967
cuda:0,2,builtin,builtin kernel memtile_value_kernel,builtin kernel memtile_value_kernel,0.0030400000978261232
cuda:0,1,kernel,forward kernel zero_scalar_kernel_4488849d,zero_scalar_kernel,0.0030720001086592674
cuda:0,1,kernel,forward kernel compute_residual_kernel_307f3567,compute_residual_kernel,11.83670425415039
cuda:0,1,kernel,forward kernel check_rtr_converged_kernel_0e232b9a,check_rtr_converged_kernel,0.0030720001086592674
cuda:0,4,memcpy,memcpy DtoH,memcpy DtoH,0.006335999816656113
cuda:0,16,graph,graph,graph,65.4507827758789
cuda:0,1,kernel,forward kernel zero_scalar_kernel_4488849d,zero_scalar_kernel,0.004095999989658594
cuda:0,1,kernel,forward kernel zero_scalar_kernel_4488849d,zero_scalar_kernel,0.002047999994829297
cuda:0,1,kernel,forward kernel head_update_rms_and_snapshot_kernel_557460ec,head_update_rms_and_snapshot_kernel,11.833344459533691
cuda:0,4,memcpy,memcpy DtoH,memcpy DtoH,0.006304000038653612
cuda:0,4,memcpy,memcpy DtoH,memcpy DtoH,0.005760000087320805
cuda:0,2,builtin,builtin kernel memtile_value_kernel,builtin kernel memtile_value_kernel,0.0030720001086592674
cuda:0,1,kernel,forward kernel zero_scalar_kernel_4488849d,zero_scalar_kernel,0.0030720001086592674
cuda:0,1,kernel,forward kernel compute_residual_kernel_307f3567,compute_residual_kernel,11.83743953704834
cuda:0,1,kernel,forward kernel check_rtr_converged_kernel_0e232b9a,check_rtr_converged_kernel,0.0030720001086592674
cuda:0,4,memcpy,memcpy DtoH,memcpy DtoH,0.006016000173985958
cuda:0,16,graph,graph,graph,65.4417953491211
cuda:0,1,kernel,forward kernel zero_scalar_kernel_4488849d,zero_scalar_kernel,0.0030720001086592674
cuda:0,1,kernel,forward kernel zero_scalar_kernel_4488849d,zero_scalar_kernel,0.0030720001086592674
cuda:0,1,kernel,forward kernel head_update_rms_and_snapshot_kernel_557460ec,head_update_rms_and_snapshot_kernel,11.834367752075195
cuda:0,4,memcpy,memcpy DtoH,memcpy DtoH,0.006271999794989824
cuda:0,4,memcpy,memcpy DtoH,memcpy DtoH,0.005663999821990728
cuda:0,2,builtin,builtin kernel memtile_value_kernel,builtin kernel memtile_value_kernel,0.0030720001086592674
cuda:0,1,kernel,forward kernel zero_scalar_kernel_4488849d,zero_scalar_kernel,0.0029440000653266907
cuda:0,1,kernel,forward kernel compute_residual_kernel_307f3567,compute_residual_kernel,11.83743953704834
cuda:0,1,kernel,forward kernel check_rtr_converged_kernel_0e232b9a,check_rtr_converged_kernel,0.004095999989658594
cuda:0,4,memcpy,memcpy DtoH,memcpy DtoH,0.006047999951988459
cuda:0,16,graph,graph,graph,65.4333724975586
cuda:0,1,kernel,forward kernel zero_scalar_kernel_4488849d,zero_scalar_kernel,0.0030720001086592674
cuda:0,1,kernel,forward kernel zero_scalar_kernel_4488849d,zero_scalar_kernel,0.0030720001086592674
cuda:0,1,kernel,forward kernel head_update_rms_and_snapshot_kernel_557460ec,head_update_rms_and_snapshot_kernel,11.833344459533691
cuda:0,4,memcpy,memcpy DtoH,memcpy DtoH,0.006111999973654747
cuda:0,4,memcpy,memcpy DtoH,memcpy DtoH,0.00598399993032217
cuda:0,2,builtin,builtin kernel memtile_value_kernel,builtin kernel memtile_value_kernel,0.003776000114157796
cuda:0,1,kernel,forward kernel zero_scalar_kernel_4488849d,zero_scalar_kernel,0.0023040000814944506
cuda:0,1,kernel,forward kernel compute_residual_kernel_307f3567,compute_residual_kernel,11.83743953704834
cuda:0,1,kernel,forward kernel check_rtr_converged_kernel_0e232b9a,check_rtr_converged_kernel,0.0030720001086592674
cuda:0,4,memcpy,memcpy DtoH,memcpy DtoH,0.006175999995321035
cuda:0,16,graph,graph,graph,65.44588470458984
cuda:0,1,kernel,forward kernel zero_scalar_kernel_4488849d,zero_scalar_kernel,0.0030720001086592674
cuda:0,1,kernel,forward kernel zero_scalar_kernel_4488849d,zero_scalar_kernel,0.0030720001086592674
cuda:0,1,kernel,forward kernel head_update_rms_and_snapshot_kernel_557460ec,head_update_rms_and_snapshot_kernel,11.833344459533691
cuda:0,4,memcpy,memcpy DtoH,memcpy DtoH,0.006335999816656113
cuda:0,4,memcpy,memcpy DtoH,memcpy DtoH,0.006943999789655209
cuda:0,2,builtin,builtin kernel memtile_value_kernel,builtin kernel memtile_value_kernel,0.0030720001086592674
cuda:0,1,kernel,forward kernel zero_scalar_kernel_4488849d,zero_scalar_kernel,0.0030720001086592674
cuda:0,1,kernel,forward kernel compute_residual_kernel_307f3567,compute_residual_kernel,11.83743953704834
cuda:0,1,kernel,forward kernel check_rtr_converged_kernel_0e232b9a,check_rtr_converged_kernel,0.0030720001086592674
cuda:0,4,memcpy,memcpy DtoH,memcpy DtoH,0.006463999859988689
cuda:0,16,graph,graph,graph,65.44486236572266
cuda:0,1,kernel,forward kernel zero_scalar_kernel_4488849d,zero_scalar_kernel,0.004095999989658594
cuda:0,1,kernel,forward kernel zero_scalar_kernel_4488849d,zero_scalar_kernel,0.0030720001086592674
cuda:0,1,kernel,forward kernel head_update_rms_and_snapshot_kernel_557460ec,head_update_rms_and_snapshot_kernel,11.834367752075195
cuda:0,4,memcpy,memcpy DtoH,memcpy DtoH,0.006304000038653612
cuda:0,4,memcpy,memcpy DtoH,memcpy DtoH,0.005696000065654516
cuda:0,2,builtin,builtin kernel memtile_value_kernel,builtin kernel memtile_value_kernel,0.0023040000814944506
cuda:0,1,kernel,forward kernel zero_scalar_kernel_4488849d,zero_scalar_kernel,0.0023360000923275948
cuda:0,1,kernel,forward kernel compute_residual_kernel_307f3567,compute_residual_kernel,11.83743953704834
cuda:0,1,kernel,forward kernel check_rtr_converged_kernel_0e232b9a,check_rtr_converged_kernel,0.004095999989658594
cuda:0,4,memcpy,memcpy DtoH,memcpy DtoH,0.006111999973654747
cuda:0,16,graph,graph,graph,65.44793701171875
cuda:0,1,kernel,forward kernel zero_scalar_kernel_4488849d,zero_scalar_kernel,0.0030720001086592674
cuda:0,1,kernel,forward kernel zero_scalar_kernel_4488849d,zero_scalar_kernel,0.0030720001086592674
cuda:0,1,kernel,forward kernel head_update_rms_and_snapshot_kernel_557460ec,head_update_rms_and_snapshot_kernel,11.834367752075195
cuda:0,4,memcpy,memcpy DtoH,memcpy DtoH,0.006207999773323536
cuda:0,4,memcpy,memcpy DtoH,memcpy DtoH,0.005791999865323305
cuda:0,2,builtin,builtin kernel memtile_value_kernel,builtin kernel memtile_value_kernel,0.0030720001086592674
cuda:0,1,kernel,forward kernel zero_scalar_kernel_4488849d,zero_scalar_kernel,0.0030720001086592674
cuda:0,1,kernel,forward kernel compute_residual_kernel_307f3567,compute_residual_kernel,11.838208198547363
cuda:0,1,kernel,forward kernel check_rtr_converged_kernel_0e232b9a,check_rtr_converged_kernel,0.0030720001086592674
cuda:0,4,memcpy,memcpy DtoH,memcpy DtoH,0.005632000043988228
cuda:0,16,graph,graph,graph,65.438720703125
cuda:0,1,kernel,forward kernel zero_scalar_kernel_4488849d,zero_scalar_kernel,0.0030720001086592674
cuda:0,1,kernel,forward kernel zero_scalar_kernel_4488849d,zero_scalar_kernel,0.0030720001086592674
cuda:0,1,kernel,forward kernel head_update_rms_and_snapshot_kernel_557460ec,head_update_rms_and_snapshot_kernel,11.834367752075195
cuda:0,4,memcpy,memcpy DtoH,memcpy DtoH,0.006175999995321035
cuda:0,4,memcpy,memcpy DtoH,memcpy DtoH,0.005760000087320805
cuda:0,2,builtin,builtin kernel memtile_value_kernel,builtin kernel memtile_value_kernel,0.0030720001086592674
cuda:0,1,kernel,forward kernel zero_scalar_kernel_4488849d,zero_scalar_kernel,0.002047999994829297
cuda:0,1,kernel,forward kernel compute_residual_kernel_307f3567,compute_residual_kernel,11.8373441696167
cuda:0,1,kernel,forward kernel check_rtr_converged_kernel_0e232b9a,check_rtr_converged_kernel,0.003263999940827489
cuda:0,4,memcpy,memcpy DtoH,memcpy DtoH,0.006144000217318535
cuda:0,16,graph,graph,graph,65.44384002685547
cuda:0,1,kernel,forward kernel zero_scalar_kernel_4488849d,zero_scalar_kernel,0.0030720001086592674
cuda:0,1,kernel,forward kernel zero_scalar_kernel_4488849d,zero_scalar_kernel,0.004095999989658594
cuda:0,1,kernel,forward kernel head_update_rms_and_snapshot_kernel_557460ec,head_update_rms_and_snapshot_kernel,11.833344459533691
cuda:0,4,memcpy,memcpy DtoH,memcpy DtoH,0.006527999881654978
cuda:0,4,memcpy,memcpy DtoH,memcpy DtoH,0.0058559998869895935
cuda:0,2,builtin,builtin kernel memtile_value_kernel,builtin kernel memtile_value_kernel,0.0028800000436604023
cuda:0,1,kernel,forward kernel zero_scalar_kernel_4488849d,zero_scalar_kernel,0.0032319999299943447
cuda:0,1,kernel,forward kernel compute_residual_kernel_307f3567,compute_residual_kernel,11.8372802734375
cuda:0,1,kernel,forward kernel check_rtr_converged_kernel_0e232b9a,check_rtr_converged_kernel,0.0030720001086592674
cuda:0,4,memcpy,memcpy DtoH,memcpy DtoH,0.006111999973654747
cuda:0,16,graph,graph,graph,65.44588470458984
cuda:0,1,kernel,forward kernel zero_scalar_kernel_4488849d,zero_scalar_kernel,0.004095999989658594
cuda:0,1,kernel,forward kernel zero_scalar_kernel_4488849d,zero_scalar_kernel,0.0030720001086592674
cuda:0,1,kernel,forward kernel head_update_rms_and_snapshot_kernel_557460ec,head_update_rms_and_snapshot_kernel,11.833344459533691
cuda:0,4,memcpy,memcpy DtoH,memcpy DtoH,0.006304000038653612
cuda:0,4,memcpy,memcpy DtoH,memcpy DtoH,0.005824000108987093
cuda:0,2,builtin,builtin kernel memtile_value_kernel,builtin kernel memtile_value_kernel,0.003008000086992979
cuda:0,1,kernel,forward kernel zero_scalar_kernel_4488849d,zero_scalar_kernel,0.0030720001086592674
cuda:0,1,kernel,forward kernel compute_residual_kernel_307f3567,compute_residual_kernel,11.837311744689941
cuda:0,1,kernel,forward kernel check_rtr_converged_kernel_0e232b9a,check_rtr_converged_kernel,0.0030720001086592674
cuda:0,4,memcpy,memcpy DtoH,memcpy DtoH,0.006304000038653612
cuda:0,16,graph,graph,graph,65.44691467285156
cuda:0,1,kernel,forward kernel zero_scalar_kernel_4488849d,zero_scalar_kernel,0.0030720001086592674
cuda:0,1,kernel,forward kernel zero_scalar_kernel_4488849d,zero_scalar_kernel,0.0030720001086592674
cuda:0,1,kernel,forward kernel head_update_rms_and_snapshot_kernel_557460ec,head_update_rms_and_snapshot_kernel,11.834367752075195
cuda:0,4,memcpy,memcpy DtoH,memcpy DtoH,0.006271999794989824
cuda:0,4,memcpy,memcpy DtoH,memcpy DtoH,0.0058559998869895935
cuda:0,2,builtin,builtin kernel memtile_value_kernel,builtin kernel memtile_value_kernel,0.0030720001086592674
cuda:0,1,kernel,forward kernel zero_scalar_kernel_4488849d,zero_scalar_kernel,0.0030720001086592674
cuda:0,1,kernel,forward kernel compute_residual_kernel_307f3567,compute_residual_kernel,11.838175773620605
cuda:0,1,kernel,forward kernel check_rtr_converged_kernel_0e232b9a,check_rtr_converged_kernel,0.0030720001086592674
cuda:0,4,memcpy,memcpy DtoH,memcpy DtoH,0.006271999794989824
cuda:0,16,graph,graph,graph,65.45613098144531
cuda:0,1,kernel,forward kernel zero_scalar_kernel_4488849d,zero_scalar_kernel,0.0030720001086592674
cuda:0,1,kernel,forward kernel zero_scalar_kernel_4488849d,zero_scalar_kernel,0.0030720001086592674
cuda:0,1,kernel,forward kernel head_update_rms_and_snapshot_kernel_557460ec,head_update_rms_and_snapshot_kernel,11.833344459533691
cuda:0,4,memcpy,memcpy DtoH,memcpy DtoH,0.006304000038653612
cuda:0,4,memcpy,memcpy DtoH,memcpy DtoH,0.005824000108987093
cuda:0,2,builtin,builtin kernel memtile_value_kernel,builtin kernel memtile_value_kernel,0.0031999999191612005
cuda:0,1,kernel,forward kernel zero_scalar_kernel_4488849d,zero_scalar_kernel,0.0022720000706613064
cuda:0,1,kernel,forward kernel compute_residual_kernel_307f3567,compute_residual_kernel,11.83743953704834
cuda:0,1,kernel,forward kernel check_rtr_converged_kernel_0e232b9a,check_rtr_converged_kernel,0.0030720001086592674
cuda:0,4,memcpy,memcpy DtoH,memcpy DtoH,0.0063680000603199005
cuda:0,16,graph,graph,graph,65.44895935058594
cuda:0,1,kernel,forward kernel zero_scalar_kernel_4488849d,zero_scalar_kernel,0.0030720001086592674
cuda:0,1,kernel,forward kernel zero_scalar_kernel_4488849d,zero_scalar_kernel,0.0030720001086592674
cuda:0,1,kernel,forward kernel head_update_rms_and_snapshot_kernel_557460ec,head_update_rms_and_snapshot_kernel,11.833344459533691
cuda:0,4,memcpy,memcpy DtoH,memcpy DtoH,0.006591999903321266
cuda:0,4,memcpy,memcpy DtoH,memcpy DtoH,0.005888000130653381
cuda:0,2,builtin,builtin kernel memtile_value_kernel,builtin kernel memtile_value_kernel,0.003008000086992979
cuda:0,1,kernel,forward kernel zero_scalar_kernel_4488849d,zero_scalar_kernel,0.003776000114157796
cuda:0,1,kernel,forward kernel compute_residual_kernel_307f3567,compute_residual_kernel,11.83846378326416
cuda:0,1,kernel,forward kernel check_rtr_converged_kernel_0e232b9a,check_rtr_converged_kernel,0.0030720001086592674
cuda:0,4,memcpy,memcpy DtoH,memcpy DtoH,0.006240000016987324
cuda:0,16,graph,graph,graph,65.44895935058594
cuda:0,1,kernel,forward kernel zero_scalar_kernel_4488849d,zero_scalar_kernel,0.0030720001086592674
cuda:0,1,kernel,forward kernel zero_scalar_kernel_4488849d,zero_scalar_kernel,0.0030720001086592674
cuda:0,1,kernel,forward kernel head_update_rms_and_snapshot_kernel_557460ec,head_update_rms_and_snapshot_kernel,11.834367752075195
cuda:0,4,memcpy,memcpy DtoH,memcpy DtoH,0.006335999816656113
cuda:0,4,memcpy,memcpy DtoH,memcpy DtoH,0.005888000130653381
cuda:0,2,builtin,builtin kernel memtile_value_kernel,builtin kernel memtile_value_kernel,0.0030720001086592674
cuda:0,1,kernel,forward kernel zero_scalar_kernel_4488849d,zero_scalar_kernel,0.0030720001086592674
cuda:0,1,kernel,forward kernel compute_residual_kernel_307f3567,compute_residual_kernel,11.83743953704834
cuda:0,1,kernel,forward kernel check_rtr_converged_kernel_0e232b9a,check_rtr_converged_kernel,0.0030720001086592674
cuda:0,4,memcpy,memcpy DtoH,memcpy DtoH,0.006016000173985958
cuda:0,16,graph,graph,graph,65.44588470458984
cuda:0,1,kernel,forward kernel zero_scalar_kernel_4488849d,zero_scalar_kernel,0.002047999994829297
cuda:0,1,kernel,forward kernel zero_scalar_kernel_4488849d,zero_scalar_kernel,0.0030720001086592674
cuda:0,1,kernel,forward kernel head_update_rms_and_snapshot_kernel_557460ec,head_update_rms_and_snapshot_kernel,11.833344459533691
cuda:0,4,memcpy,memcpy DtoH,memcpy DtoH,0.006271999794989824
cuda:0,4,memcpy,memcpy DtoH,memcpy DtoH,0.0060800001956522465
cuda:0,2,builtin,builtin kernel memtile_value_kernel,builtin kernel memtile_value_kernel,0.0022720000706613064
cuda:0,1,kernel,forward kernel zero_scalar_kernel_4488849d,zero_scalar_kernel,0.0030720001086592674
cuda:0,1,kernel,forward kernel compute_residual_kernel_307f3567,compute_residual_kernel,11.838303565979004
cuda:0,1,kernel,forward kernel check_rtr_converged_kernel_0e232b9a,check_rtr_converged_kernel,0.0030720001086592674
cuda:0,4,memcpy,memcpy DtoH,memcpy DtoH,0.006335999816656113
cuda:0,16,graph,graph,graph,65.43974304199219
cuda:0,1,kernel,forward kernel zero_scalar_kernel_4488849d,zero_scalar_kernel,0.0030720001086592674
cuda:0,1,kernel,forward kernel zero_scalar_kernel_4488849d,zero_scalar_kernel,0.0030720001086592674
cuda:0,1,kernel,forward kernel head_update_rms_and_snapshot_kernel_557460ec,head_update_rms_and_snapshot_kernel,11.834367752075195
cuda:0,4,memcpy,memcpy DtoH,memcpy DtoH,0.006207999773323536
cuda:0,4,memcpy,memcpy DtoH,memcpy DtoH,0.005888000130653381
cuda:0,2,builtin,builtin kernel memtile_value_kernel,builtin kernel memtile_value_kernel,0.004095999989658594
cuda:0,1,kernel,forward kernel zero_scalar_kernel_4488849d,zero_scalar_kernel,0.002976000076159835
cuda:0,1,kernel,forward kernel compute_residual_kernel_307f3567,compute_residual_kernel,11.83737564086914
cuda:0,1,kernel,forward kernel check_rtr_converged_kernel_0e232b9a,check_rtr_converged_kernel,0.0033919999841600657
cuda:0,4,memcpy,memcpy DtoH,memcpy DtoH,0.006144000217318535
cuda:0,16,graph,graph,graph,65.45305633544922
cuda:0,1,kernel,forward kernel zero_scalar_kernel_4488849d,zero_scalar_kernel,0.0030720001086592674
cuda:0,1,kernel,forward kernel zero_scalar_kernel_4488849d,zero_scalar_kernel,0.0030720001086592674
cuda:0,1,kernel,forward kernel head_update_rms_and_snapshot_kernel_557460ec,head_update_rms_and_snapshot_kernel,11.832320213317871
cuda:0,4,memcpy,memcpy DtoH,memcpy DtoH,0.006399999838322401
cuda:0,4,memcpy,memcpy DtoH,memcpy DtoH,0.00595200015231967
cuda:0,2,builtin,builtin kernel memtile_value_kernel,builtin kernel memtile_value_kernel,0.0030400000978261232
cuda:0,1,kernel,forward kernel zero_scalar_kernel_4488849d,zero_scalar_kernel,0.0033599999733269215
cuda:0,1,kernel,forward kernel compute_residual_kernel_307f3567,compute_residual_kernel,11.83743953704834
cuda:0,1,kernel,forward kernel check_rtr_converged_kernel_0e232b9a,check_rtr_converged_kernel,0.0030720001086592674
cuda:0,4,memcpy,memcpy DtoH,memcpy DtoH,0.0063680000603199005
cuda:0,16,graph,graph,graph,65.43974304199219
cuda:0,1,kernel,forward kernel zero_scalar_kernel_4488849d,zero_scalar_kernel,0.004095999989658594
cuda:0,1,kernel,forward kernel zero_scalar_kernel_4488849d,zero_scalar_kernel,0.0030720001086592674
cuda:0,1,kernel,forward kernel head_update_rms_and_snapshot_kernel_557460ec,head_update_rms_and_snapshot_kernel,11.834367752075195
cuda:0,4,memcpy,memcpy DtoH,memcpy DtoH,0.0063680000603199005
cuda:0,4,memcpy,memcpy DtoH,memcpy DtoH,0.005696000065654516
cuda:0,2,builtin,builtin kernel memtile_value_kernel,builtin kernel memtile_value_kernel,0.003776000114157796
cuda:0,1,kernel,forward kernel zero_scalar_kernel_4488849d,zero_scalar_kernel,0.0030720001086592674
cuda:0,1,kernel,forward kernel compute_residual_kernel_307f3567,compute_residual_kernel,11.83743953704834
cuda:0,1,kernel,forward kernel check_rtr_converged_kernel_0e232b9a,check_rtr_converged_kernel,0.0030720001086592674
cuda:0,4,memcpy,memcpy DtoH,memcpy DtoH,0.0060800001956522465
cuda:0,16,graph,graph,graph,65.44384002685547
cuda:0,1,kernel,forward kernel zero_scalar_kernel_4488849d,zero_scalar_kernel,0.0030720001086592674
cuda:0,1,kernel,forward kernel zero_scalar_kernel_4488849d,zero_scalar_kernel,0.0030720001086592674
cuda:0,1,kernel,forward kernel head_update_rms_and_snapshot_kernel_557460ec,head_update_rms_and_snapshot_kernel,11.834367752075195
cuda:0,4,memcpy,memcpy DtoH,memcpy DtoH,0.006271999794989824
cuda:0,4,memcpy,memcpy DtoH,memcpy DtoH,0.005760000087320805
cuda:0,2,builtin,builtin kernel memtile_value_kernel,builtin kernel memtile_value_kernel,0.003008000086992979
cuda:0,1,kernel,forward kernel zero_scalar_kernel_4488849d,zero_scalar_kernel,0.0029440000653266907
cuda:0,1,kernel,forward kernel compute_residual_kernel_307f3567,compute_residual_kernel,11.83743953704834
cuda:0,1,kernel,forward kernel check_rtr_converged_kernel_0e232b9a,check_rtr_converged_kernel,0.0030720001086592674
cuda:0,4,memcpy,memcpy DtoH,memcpy DtoH,0.006111999973654747
cuda:0,16,graph,graph,graph,65.44486236572266
cuda:0,1,kernel,forward kernel zero_scalar_kernel_4488849d,zero_scalar_kernel,0.0030720001086592674
cuda:0,1,kernel,forward kernel zero_scalar_kernel_4488849d,zero_scalar_kernel,0.0030720001086592674
cuda:0,1,kernel,forward kernel head_update_rms_and_snapshot_kernel_557460ec,head_update_rms_and_snapshot_kernel,11.834367752075195
cuda:0,4,memcpy,memcpy DtoH,memcpy DtoH,0.006399999838322401
cuda:0,4,memcpy,memcpy DtoH,memcpy DtoH,0.005791999865323305
cuda:0,2,builtin,builtin kernel memtile_value_kernel,builtin kernel memtile_value_kernel,0.0030720001086592674
cuda:0,1,kernel,forward kernel zero_scalar_kernel_4488849d,zero_scalar_kernel,0.0030720001086592674
cuda:0,1,kernel,forward kernel compute_residual_kernel_307f3567,compute_residual_kernel,11.836416244506836
cuda:0,1,kernel,forward kernel check_rtr_converged_kernel_0e232b9a,check_rtr_converged_kernel,0.003135999897494912
cuda:0,4,memcpy,memcpy DtoH,memcpy DtoH,0.0060800001956522465
cuda:0,16,graph,graph,graph,65.44384002685547
cuda:0,1,kernel,forward kernel zero_scalar_kernel_4488849d,zero_scalar_kernel,0.0030720001086592674
cuda:0,1,kernel,forward kernel zero_scalar_kernel_4488849d,zero_scalar_kernel,0.0030720001086592674
cuda:0,1,kernel,forward kernel head_update_rms_and_snapshot_kernel_557460ec,head_update_rms_and_snapshot_kernel,11.833344459533691
cuda:0,4,memcpy,memcpy DtoH,memcpy DtoH,0.006399999838322401
cuda:0,4,memcpy,memcpy DtoH,memcpy DtoH,0.00595200015231967
cuda:0,2,builtin,builtin kernel memtile_value_kernel,builtin kernel memtile_value_kernel,0.0030720001086592674
cuda:0,1,kernel,forward kernel zero_scalar_kernel_4488849d,zero_scalar_kernel,0.003135999897494912
cuda:0,1,kernel,forward kernel compute_residual_kernel_307f3567,compute_residual_kernel,11.837247848510742
cuda:0,1,kernel,forward kernel check_rtr_converged_kernel_0e232b9a,check_rtr_converged_kernel,0.0031679999083280563
cuda:0,4,memcpy,memcpy DtoH,memcpy DtoH,0.006399999838322401
cuda:0,16,graph,graph,graph,65.44486236572266
cuda:0,1,kernel,forward kernel zero_scalar_kernel_4488849d,zero_scalar_kernel,0.004095999989658594
cuda:0,1,kernel,forward kernel zero_scalar_kernel_4488849d,zero_scalar_kernel,0.0030720001086592674
cuda:0,1,kernel,forward kernel head_update_rms_and_snapshot_kernel_557460ec,head_update_rms_and_snapshot_kernel,11.833344459533691
cuda:0,4,memcpy,memcpy DtoH,memcpy DtoH,0.006432000081986189
cuda:0,4,memcpy,memcpy DtoH,memcpy DtoH,0.005760000087320805
cuda:0,2,builtin,builtin kernel memtile_value_kernel,builtin kernel memtile_value_kernel,0.0029120000544935465
cuda:0,1,kernel,forward kernel zero_scalar_kernel_4488849d,zero_scalar_kernel,0.0030400000978261232
cuda:0,1,kernel,forward kernel compute_residual_kernel_307f3567,compute_residual_kernel,11.83743953704834
cuda:0,1,kernel,forward kernel check_rtr_converged_kernel_0e232b9a,check_rtr_converged_kernel,0.0030720001086592674
cuda:0,4,memcpy,memcpy DtoH,memcpy DtoH,0.006304000038653612
cuda:0,16,graph,graph,graph,65.438720703125
cuda:0,1,kernel,forward kernel zero_scalar_kernel_4488849d,zero_scalar_kernel,0.0030720001086592674
cuda:0,1,kernel,forward kernel zero_scalar_kernel_4488849d,zero_scalar_kernel,0.0030720001086592674
cuda:0,1,kernel,forward kernel head_update_rms_and_snapshot_kernel_557460ec,head_update_rms_and_snapshot_kernel,11.834367752075195
cuda:0,4,memcpy,memcpy DtoH,memcpy DtoH,0.006624000146985054
cuda:0,4,memcpy,memcpy DtoH,memcpy DtoH,0.005760000087320805
cuda:0,2,builtin,builtin kernel memtile_value_kernel,builtin kernel memtile_value_kernel,0.002047999994829297
cuda:0,1,kernel,forward kernel zero_scalar_kernel_4488849d,zero_scalar_kernel,0.003103999886661768
cuda:0,1,kernel,forward kernel compute_residual_kernel_307f3567,compute_residual_kernel,11.838272094726562
cuda:0,1,kernel,forward kernel check_rtr_converged_kernel_0e232b9a,check_rtr_converged_kernel,0.0030720001086592674
cuda:0,4,memcpy,memcpy DtoH,memcpy DtoH,0.03497600182890892
cuda:0,16,graph,graph,graph,65.44076538085938
cuda:0,1,kernel,forward kernel zero_scalar_kernel_4488849d,zero_scalar_kernel,0.0030720001086592674
cuda:0,1,kernel,forward kernel zero_scalar_kernel_4488849d,zero_scalar_kernel,0.0030720001086592674
cuda:0,1,kernel,forward kernel head_update_rms_and_snapshot_kernel_557460ec,head_update_rms_and_snapshot_kernel,11.834367752075195
cuda:0,4,memcpy,memcpy DtoH,memcpy DtoH,0.006111999973654747
cuda:0,4,memcpy,memcpy DtoH,memcpy DtoH,0.005696000065654516
cuda:0,2,builtin,builtin kernel memtile_value_kernel,builtin kernel memtile_value_kernel,0.004095999989658594
cuda:0,1,kernel,forward kernel zero_scalar_kernel_4488849d,zero_scalar_kernel,0.0030720001086592674
cuda:0,1,kernel,forward kernel compute_residual_kernel_307f3567,compute_residual_kernel,11.836735725402832
cuda:0,1,kernel,forward kernel check_rtr_converged_kernel_0e232b9a,check_rtr_converged_kernel,0.004095999989658594
cuda:0,4,memcpy,memcpy DtoH,memcpy DtoH,0.006175999995321035
cuda:0,16,graph,graph,graph,65.44576263427734
cuda:0,1,kernel,forward kernel zero_scalar_kernel_4488849d,zero_scalar_kernel,0.0030720001086592674
cuda:0,1,kernel,forward kernel zero_scalar_kernel_4488849d,zero_scalar_kernel,0.0030720001086592674
cuda:0,1,kernel,forward kernel head_update_rms_and_snapshot_kernel_557460ec,head_update_rms_and_snapshot_kernel,11.833344459533691
cuda:0,4,memcpy,memcpy DtoH,memcpy DtoH,0.006240000016987324
cuda:0,4,memcpy,memcpy DtoH,memcpy DtoH,0.0058559998869895935
cuda:0,2,builtin,builtin kernel memtile_value_kernel,builtin kernel memtile_value_kernel,0.0030720001086592674
cuda:0,1,kernel,forward kernel zero_scalar_kernel_4488849d,zero_scalar_kernel,0.0031999999191612005
cuda:0,1,kernel,forward kernel compute_residual_kernel_307f3567,compute_residual_kernel,11.838399887084961
cuda:0,1,kernel,forward kernel check_rtr_converged_kernel_0e232b9a,check_rtr_converged_kernel,0.0030720001086592674
cuda:0,4,memcpy,memcpy DtoH,memcpy DtoH,0.006432000081986189
cuda:0,16,graph,graph,graph,65.44691467285156
cuda:0,1,kernel,forward kernel zero_scalar_kernel_4488849d,zero_scalar_kernel,0.0030720001086592674
cuda:0,1,kernel,forward kernel zero_scalar_kernel_4488849d,zero_scalar_kernel,0.0030720001086592674
cuda:0,1,kernel,forward kernel head_update_rms_and_snapshot_kernel_557460ec,head_update_rms_and_snapshot_kernel,11.833344459533691
cuda:0,4,memcpy,memcpy DtoH,memcpy DtoH,0.006271999794989824
cuda:0,4,memcpy,memcpy DtoH,memcpy DtoH,0.005727999843657017
cuda:0,2,builtin,builtin kernel memtile_value_kernel,builtin kernel memtile_value_kernel,0.0027520000003278255
cuda:0,1,kernel,forward kernel zero_scalar_kernel_4488849d,zero_scalar_kernel,0.002400000113993883
cuda:0,1,kernel,forward kernel compute_residual_kernel_307f3567,compute_residual_kernel,11.837408065795898
cuda:0,1,kernel,forward kernel check_rtr_converged_kernel_0e232b9a,check_rtr_converged_kernel,0.0030720001086592674
cuda:0,4,memcpy,memcpy DtoH,memcpy DtoH,0.0060800001956522465
cuda:0,16,graph,graph,graph,65.43756866455078
cuda:0,1,kernel,forward kernel zero_scalar_kernel_4488849d,zero_scalar_kernel,0.0030720001086592674
cuda:0,1,kernel,forward kernel zero_scalar_kernel_4488849d,zero_scalar_kernel,0.0030720001086592674
cuda:0,1,kernel,forward kernel head_update_rms_and_snapshot_kernel_557460ec,head_update_rms_and_snapshot_kernel,11.833344459533691
cuda:0,4,memcpy,memcpy DtoH,memcpy DtoH,0.006399999838322401
cuda:0,4,memcpy,memcpy DtoH,memcpy DtoH,0.005663999821990728
cuda:0,2,builtin,builtin kernel memtile_value_kernel,builtin kernel memtile_value_kernel,0.0030720001086592674
cuda:0,1,kernel,forward kernel zero_scalar_kernel_4488849d,zero_scalar_kernel,0.0030720001086592674
cuda:0,1,kernel,forward kernel compute_residual_kernel_307f3567,compute_residual_kernel,11.83846378326416
cuda:0,1,kernel,forward kernel check_rtr_converged_kernel_0e232b9a,check_rtr_converged_kernel,0.0030720001086592674
cuda:0,4,memcpy,memcpy DtoH,memcpy DtoH,0.006304000038653612
cuda:0,16,graph,graph,graph,65.44076538085938
cuda:0,1,kernel,forward kernel zero_scalar_kernel_4488849d,zero_scalar_kernel,0.002047999994829297
cuda:0,1,kernel,forward kernel zero_scalar_kernel_4488849d,zero_scalar_kernel,0.002047999994829297
cuda:0,1,kernel,forward kernel head_update_rms_and_snapshot_kernel_557460ec,head_update_rms_and_snapshot_kernel,11.834367752075195
cuda:0,4,memcpy,memcpy DtoH,memcpy DtoH,0.006271999794989824
cuda:0,4,memcpy,memcpy DtoH,memcpy DtoH,0.005824000108987093
cuda:0,2,builtin,builtin kernel memtile_value_kernel,builtin kernel memtile_value_kernel,0.0030720001086592674
cuda:0,1,kernel,forward kernel zero_scalar_kernel_4488849d,zero_scalar_kernel,0.0030720001086592674
cuda:0,1,kernel,forward kernel compute_residual_kernel_307f3567,compute_residual_kernel,11.83743953704834
cuda:0,1,kernel,forward kernel check_rtr_converged_kernel_0e232b9a,check_rtr_converged_kernel,0.0030720001086592674
cuda:0,4,memcpy,memcpy DtoH,memcpy DtoH,0.0060800001956522465
cuda:0,16,graph,graph,graph,65.44384002685547
cuda:0,1,kernel,forward kernel zero_scalar_kernel_4488849d,zero_scalar_kernel,0.0030720001086592674
cuda:0,1,kernel,forward kernel zero_scalar_kernel_4488849d,zero_scalar_kernel,0.0030720001086592674
cuda:0,1,kernel,forward kernel head_update_rms_and_snapshot_kernel_557460ec,head_update_rms_and_snapshot_kernel,11.833344459533691
cuda:0,4,memcpy,memcpy DtoH,memcpy DtoH,0.006304000038653612
cuda:0,4,memcpy,memcpy DtoH,memcpy DtoH,0.005824000108987093
cuda:0,2,builtin,builtin kernel memtile_value_kernel,builtin kernel memtile_value_kernel,0.0029120000544935465
cuda:0,1,kernel,forward kernel zero_scalar_kernel_4488849d,zero_scalar_kernel,0.003135999897494912
cuda:0,1,kernel,forward kernel compute_residual_kernel_307f3567,compute_residual_kernel,11.83743953704834
cuda:0,1,kernel,forward kernel check_rtr_converged_kernel_0e232b9a,check_rtr_converged_kernel,0.0030720001086592674
cuda:0,4,memcpy,memcpy DtoH,memcpy DtoH,0.006624000146985054
cuda:0,16,graph,graph,graph,65.44588470458984
cuda:0,1,kernel,forward kernel zero_scalar_kernel_4488849d,zero_scalar_kernel,0.0030720001086592674
cuda:0,1,kernel,forward kernel zero_scalar_kernel_4488849d,zero_scalar_kernel,0.0030720001086592674
cuda:0,1,kernel,forward kernel head_update_rms_and_snapshot_kernel_557460ec,head_update_rms_and_snapshot_kernel,11.834367752075195
cuda:0,4,memcpy,memcpy DtoH,memcpy DtoH,0.006111999973654747
cuda:0,4,memcpy,memcpy DtoH,memcpy DtoH,0.005696000065654516
cuda:0,2,builtin,builtin kernel memtile_value_kernel,builtin kernel memtile_value_kernel,0.0023040000814944506
cuda:0,1,kernel,forward kernel zero_scalar_kernel_4488849d,zero_scalar_kernel,0.0029120000544935465
cuda:0,1,kernel,forward kernel compute_residual_kernel_307f3567,compute_residual_kernel,11.837247848510742
cuda:0,1,kernel,forward kernel check_rtr_converged_kernel_0e232b9a,check_rtr_converged_kernel,0.0031679999083280563
cuda:0,4,memcpy,memcpy DtoH,memcpy DtoH,0.006016000173985958
cuda:0,16,graph,graph,graph,65.44281768798828
cuda:0,1,kernel,forward kernel zero_scalar_kernel_4488849d,zero_scalar_kernel,0.0030720001086592674
cuda:0,1,kernel,forward kernel zero_scalar_kernel_4488849d,zero_scalar_kernel,0.0030720001086592674
cuda:0,1,kernel,forward kernel head_update_rms_and_snapshot_kernel_557460ec,head_update_rms_and_snapshot_kernel,11.834367752075195
cuda:0,4,memcpy,memcpy DtoH,memcpy DtoH,0.006560000125318766
cuda:0,4,memcpy,memcpy DtoH,memcpy DtoH,0.005824000108987093
cuda:0,2,builtin,builtin kernel memtile_value_kernel,builtin kernel memtile_value_kernel,0.0028800000436604023
cuda:0,1,kernel,forward kernel zero_scalar_kernel_4488849d,zero_scalar_kernel,0.002848000032827258
cuda:0,1,kernel,forward kernel compute_residual_kernel_307f3567,compute_residual_kernel,11.83846378326416
cuda:0,1,kernel,forward kernel check_rtr_converged_kernel_0e232b9a,check_rtr_converged_kernel,0.0030720001086592674
cuda:0,4,memcpy,memcpy DtoH,memcpy DtoH,0.006399999838322401
cuda:0,16,graph,graph,graph,65.45203399658203
cuda:0,1,kernel,forward kernel zero_scalar_kernel_4488849d,zero_scalar_kernel,0.0030720001086592674
cuda:0,1,kernel,forward kernel zero_scalar_kernel_4488849d,zero_scalar_kernel,0.0030720001086592674
cuda:0,1,kernel,forward kernel head_update_rms_and_snapshot_kernel_557460ec,head_update_rms_and_snapshot_kernel,11.833344459533691
cuda:0,4,memcpy,memcpy DtoH,memcpy DtoH,0.0060800001956522465
cuda:0,4,memcpy,memcpy DtoH,memcpy DtoH,0.005919999908655882
cuda:0,2,builtin,builtin kernel memtile_value_kernel,builtin kernel memtile_value_kernel,0.0030720001086592674
cuda:0,1,kernel,forward kernel zero_scalar_kernel_4488849d,zero_scalar_kernel,0.002976000076159835
cuda:0,1,kernel,forward kernel compute_residual_kernel_307f3567,compute_residual_kernel,11.83743953704834
cuda:0,1,kernel,forward kernel check_rtr_converged_kernel_0e232b9a,check_rtr_converged_kernel,0.0030720001086592674
cuda:0,4,memcpy,memcpy DtoH,memcpy DtoH,0.006496000103652477
cuda:0,16,graph,graph,graph,65.44998168945312
cuda:0,1,kernel,forward kernel zero_scalar_kernel_4488849d,zero_scalar_kernel,0.0030720001086592674
cuda:0,1,kernel,forward kernel zero_scalar_kernel_4488849d,zero_scalar_kernel,0.0030720001086592674
cuda:0,1,kernel,forward kernel head_update_rms_and_snapshot_kernel_557460ec,head_update_rms_and_snapshot_kernel,11.833344459533691
cuda:0,4,memcpy,memcpy DtoH,memcpy DtoH,0.0060800001956522465
cuda:0,4,memcpy,memcpy DtoH,memcpy DtoH,0.006111999973654747
cuda:0,2,builtin,builtin kernel memtile_value_kernel,builtin kernel memtile_value_kernel,0.0030720001086592674
cuda:0,1,kernel,forward kernel zero_scalar_kernel_4488849d,zero_scalar_kernel,0.0030720001086592674
cuda:0,1,kernel,forward kernel compute_residual_kernel_307f3567,compute_residual_kernel,11.83743953704834
cuda:0,1,kernel,forward kernel check_rtr_converged_kernel_0e232b9a,check_rtr_converged_kernel,0.0030720001086592674
cuda:0,4,memcpy,memcpy DtoH,memcpy DtoH,0.006271999794989824
cuda:0,16,graph,graph,graph,65.45101165771484
cuda:0,1,kernel,forward kernel zero_scalar_kernel_4488849d,zero_scalar_kernel,0.004095999989658594
cuda:0,1,kernel,forward kernel zero_scalar_kernel_4488849d,zero_scalar_kernel,0.0030720001086592674
cuda:0,1,kernel,forward kernel head_update_rms_and_snapshot_kernel_557460ec,head_update_rms_and_snapshot_kernel,11.833344459533691
cuda:0,4,memcpy,memcpy DtoH,memcpy DtoH,0.006047999951988459
cuda:0,4,memcpy,memcpy DtoH,memcpy DtoH,0.005727999843657017
cuda:0,2,builtin,builtin kernel memtile_value_kernel,builtin kernel memtile_value_kernel,0.0029440000653266907
cuda:0,1,kernel,forward kernel zero_scalar_kernel_4488849d,zero_scalar_kernel,0.002816000021994114
cuda:0,1,kernel,forward kernel compute_residual_kernel_307f3567,compute_residual_kernel,11.83743953704834
cuda:0,1,kernel,forward kernel check_rtr_converged_kernel_0e232b9a,check_rtr_converged_kernel,0.0030720001086592674
cuda:0,4,memcpy,memcpy DtoH,memcpy DtoH,0.006047999951988459
cuda:0,16,graph,graph,graph,65.44255828857422
cuda:0,1,kernel,forward kernel zero_scalar_kernel_4488849d,zero_scalar_kernel,0.004095999989658594
cuda:0,1,kernel,forward kernel zero_scalar_kernel_4488849d,zero_scalar_kernel,0.0030720001086592674
cuda:0,1,kernel,forward kernel head_update_rms_and_snapshot_kernel_557460ec,head_update_rms_and_snapshot_kernel,11.834367752075195
cuda:0,4,memcpy,memcpy DtoH,memcpy DtoH,0.006207999773323536
cuda:0,4,memcpy,memcpy DtoH,memcpy DtoH,0.005824000108987093
cuda:0,2,builtin,builtin kernel memtile_value_kernel,builtin kernel memtile_value_kernel,0.0030720001086592674
cuda:0,1,kernel,forward kernel zero_scalar_kernel_4488849d,zero_scalar_kernel,0.0030720001086592674
cuda:0,1,kernel,forward kernel compute_residual_kernel_307f3567,compute_residual_kernel,11.838432312011719
cuda:0,1,kernel,forward kernel check_rtr_converged_kernel_0e232b9a,check_rtr_converged_kernel,0.0030720001086592674
cuda:0,4,memcpy,memcpy DtoH,memcpy DtoH,0.006463999859988689
cuda:0,16,graph,graph,graph,65.44691467285156
cuda:0,1,kernel,forward kernel zero_scalar_kernel_4488849d,zero_scalar_kernel,0.0030720001086592674
cuda:0,1,kernel,forward kernel zero_scalar_kernel_4488849d,zero_scalar_kernel,0.0030720001086592674
cuda:0,1,kernel,forward kernel head_update_rms_and_snapshot_kernel_557460ec,head_update_rms_and_snapshot_kernel,11.833344459533691
cuda:0,4,memcpy,memcpy DtoH,memcpy DtoH,0.006304000038653612
cuda:0,4,memcpy,memcpy DtoH,memcpy DtoH,0.005696000065654516
cuda:0,2,builtin,builtin kernel memtile_value_kernel,builtin kernel memtile_value_kernel,0.0030720001086592674
cuda:0,1,kernel,forward kernel zero_scalar_kernel_4488849d,zero_scalar_kernel,0.0030400000978261232
cuda:0,1,kernel,forward kernel compute_residual_kernel_307f3567,compute_residual_kernel,11.837311744689941
cuda:0,1,kernel,forward kernel check_rtr_converged_kernel_0e232b9a,check_rtr_converged_kernel,0.003295999951660633
cuda:0,4,memcpy,memcpy DtoH,memcpy DtoH,0.0063680000603199005
cuda:0,16,graph,graph,graph,65.44588470458984
cuda:0,1,kernel,forward kernel zero_scalar_kernel_4488849d,zero_scalar_kernel,0.0030720001086592674
cuda:0,1,kernel,forward kernel zero_scalar_kernel_4488849d,zero_scalar_kernel,0.0030720001086592674
cuda:0,1,kernel,forward kernel head_update_rms_and_snapshot_kernel_557460ec,head_update_rms_and_snapshot_kernel,11.834367752075195
cuda:0,4,memcpy,memcpy DtoH,memcpy DtoH,0.006304000038653612
cuda:0,4,memcpy,memcpy DtoH,memcpy DtoH,0.00595200015231967
cuda:0,2,builtin,builtin kernel memtile_value_kernel,builtin kernel memtile_value_kernel,0.0030720001086592674
cuda:0,1,kernel,forward kernel zero_scalar_kernel_4488849d,zero_scalar_kernel,0.004031999967992306
cuda:0,1,kernel,forward kernel compute_residual_kernel_307f3567,compute_residual_kernel,11.83743953704834
cuda:0,1,kernel,forward kernel check_rtr_converged_kernel_0e232b9a,check_rtr_converged_kernel,0.0030720001086592674
cuda:0,4,memcpy,memcpy DtoH,memcpy DtoH,0.006240000016987324
cuda:0,16,graph,graph,graph,65.43769836425781
cuda:0,1,kernel,forward kernel zero_scalar_kernel_4488849d,zero_scalar_kernel,0.004095999989658594
cuda:0,1,kernel,forward kernel zero_scalar_kernel_4488849d,zero_scalar_kernel,0.0030720001086592674
cuda:0,1,kernel,forward kernel head_update_rms_and_snapshot_kernel_557460ec,head_update_rms_and_snapshot_kernel,11.833344459533691
cuda:0,4,memcpy,memcpy DtoH,memcpy DtoH,0.006271999794989824
cuda:0,4,memcpy,memcpy DtoH,memcpy DtoH,0.0058559998869895935
cuda:0,2,builtin,builtin kernel memtile_value_kernel,builtin kernel memtile_value_kernel,0.0029120000544935465
cuda:0,1,kernel,forward kernel zero_scalar_kernel_4488849d,zero_scalar_kernel,0.0029440000653266907
cuda:0,1,kernel,forward kernel compute_residual_kernel_307f3567,compute_residual_kernel,11.836416244506836
cuda:0,1,kernel,forward kernel check_rtr_converged_kernel_0e232b9a,check_rtr_converged_kernel,0.004095999989658594
cuda:0,4,memcpy,memcpy DtoH,memcpy DtoH,0.006111999973654747
cuda:0,16,graph,graph,graph,65.43974304199219
cuda:0,1,kernel,forward kernel zero_scalar_kernel_4488849d,zero_scalar_kernel,0.002047999994829297
cuda:0,1,kernel,forward kernel zero_scalar_kernel_4488849d,zero_scalar_kernel,0.0030720001086592674
cuda:0,1,kernel,forward kernel head_update_rms_and_snapshot_kernel_557460ec,head_update_rms_and_snapshot_kernel,11.834367752075195
cuda:0,4,memcpy,memcpy DtoH,memcpy DtoH,0.006144000217318535
cuda:0,4,memcpy,memcpy DtoH,memcpy DtoH,0.0058559998869895935
cuda:0,2,builtin,builtin kernel memtile_value_kernel,builtin kernel memtile_value_kernel,0.0030720001086592674
cuda:0,1,kernel,forward kernel zero_scalar_kernel_4488849d,zero_scalar_kernel,0.0030720001086592674
cuda:0,1,kernel,forward kernel compute_residual_kernel_307f3567,compute_residual_kernel,11.83846378326416
cuda:0,1,kernel,forward kernel check_rtr_converged_kernel_0e232b9a,check_rtr_converged_kernel,0.0030720001086592674
cuda:0,4,memcpy,memcpy DtoH,memcpy DtoH,0.006399999838322401
cuda:0,16,graph,graph,graph,65.4366683959961
cuda:0,1,kernel,forward kernel zero_scalar_kernel_4488849d,zero_scalar_kernel,0.0030720001086592674
cuda:0,1,kernel,forward kernel zero_scalar_kernel_4488849d,zero_scalar_kernel,0.0030720001086592674
cuda:0,1,kernel,forward kernel head_update_rms_and_snapshot_kernel_557460ec,head_update_rms_and_snapshot_kernel,11.833344459533691
cuda:0,4,memcpy,memcpy DtoH,memcpy DtoH,0.006175999995321035
cuda:0,4,memcpy,memcpy DtoH,memcpy DtoH,0.005919999908655882
cuda:0,2,builtin,builtin kernel memtile_value_kernel,builtin kernel memtile_value_kernel,0.004000000189989805
cuda:0,1,kernel,forward kernel zero_scalar_kernel_4488849d,zero_scalar_kernel,0.0030720001086592674
cuda:0,1,kernel,forward kernel compute_residual_kernel_307f3567,compute_residual_kernel,11.83743953704834
cuda:0,1,kernel,forward kernel check_rtr_converged_kernel_0e232b9a,check_rtr_converged_kernel,0.0030720001086592674
cuda:0,4,memcpy,memcpy DtoH,memcpy DtoH,0.006144000217318535
cuda:0,16,graph,graph,graph,65.44588470458984
cuda:0,1,kernel,forward kernel zero_scalar_kernel_4488849d,zero_scalar_kernel,0.0030720001086592674
cuda:0,1,kernel,forward kernel zero_scalar_kernel_4488849d,zero_scalar_kernel,0.0030720001086592674
cuda:0,1,kernel,forward kernel head_update_rms_and_snapshot_kernel_557460ec,head_update_rms_and_snapshot_kernel,11.832320213317871
cuda:0,4,memcpy,memcpy DtoH,memcpy DtoH,0.006240000016987324
cuda:0,4,memcpy,memcpy DtoH,memcpy DtoH,0.005888000130653381
cuda:0,2,builtin,builtin kernel memtile_value_kernel,builtin kernel memtile_value_kernel,0.0029120000544935465
cuda:0,1,kernel,forward kernel zero_scalar_kernel_4488849d,zero_scalar_kernel,0.0031999999191612005
cuda:0,1,kernel,forward kernel compute_residual_kernel_307f3567,compute_residual_kernel,11.837087631225586
cuda:0,1,kernel,forward kernel check_rtr_converged_kernel_0e232b9a,check_rtr_converged_kernel,0.0030720001086592674
cuda:0,4,memcpy,memcpy DtoH,memcpy DtoH,0.006335999816656113
cuda:0,16,graph,graph,graph,65.438720703125
cuda:0,1,kernel,forward kernel zero_scalar_kernel_4488849d,zero_scalar_kernel,0.0030720001086592674
cuda:0,1,kernel,forward kernel zero_scalar_kernel_4488849d,zero_scalar_kernel,0.0030720001086592674
cuda:0,1,kernel,forward kernel head_update_rms_and_snapshot_kernel_557460ec,head_update_rms_and_snapshot_kernel,11.834367752075195
cuda:0,4,memcpy,memcpy DtoH,memcpy DtoH,0.006271999794989824
cuda:0,4,memcpy,memcpy DtoH,memcpy DtoH,0.005888000130653381
cuda:0,2,builtin,builtin kernel memtile_value_kernel,builtin kernel memtile_value_kernel,0.0030720001086592674
cuda:0,1,kernel,forward kernel zero_scalar_kernel_4488849d,zero_scalar_kernel,0.0028800000436604023
cuda:0,1,kernel,forward kernel compute_residual_kernel_307f3567,compute_residual_kernel,11.8372802734375
cuda:0,1,kernel,forward kernel check_rtr_converged_kernel_0e232b9a,check_rtr_converged_kernel,0.0030720001086592674
cuda:0,4,memcpy,memcpy DtoH,memcpy DtoH,0.006175999995321035
cuda:0,16,graph,graph,graph,65.43740844726562
cuda:0,1,kernel,forward kernel zero_scalar_kernel_4488849d,zero_scalar_kernel,0.0030720001086592674
cuda:0,1,kernel,forward kernel zero_scalar_kernel_4488849d,zero_scalar_kernel,0.0030720001086592674
cuda:0,1,kernel,forward kernel head_update_rms_and_snapshot_kernel_557460ec,head_update_rms_and_snapshot_kernel,11.834367752075195
cuda:0,4,memcpy,memcpy DtoH,memcpy DtoH,0.006560000125318766
cuda:0,4,memcpy,memcpy DtoH,memcpy DtoH,0.005696000065654516
cuda:0,2,builtin,builtin kernel memtile_value_kernel,builtin kernel memtile_value_kernel,0.0030720001086592674
cuda:0,1,kernel,forward kernel zero_scalar_kernel_4488849d,zero_scalar_kernel,0.0030720001086592674
cuda:0,1,kernel,forward kernel compute_residual_kernel_307f3567,compute_residual_kernel,11.83743953704834
cuda:0,1,kernel,forward kernel check_rtr_converged_kernel_0e232b9a,check_rtr_converged_kernel,0.0030720001086592674
cuda:0,4,memcpy,memcpy DtoH,memcpy DtoH,0.006111999973654747
cuda:0,16,graph,graph,graph,65.44169616699219
cuda:0,1,kernel,forward kernel zero_scalar_kernel_4488849d,zero_scalar_kernel,0.0030720001086592674
cuda:0,1,kernel,forward kernel zero_scalar_kernel_4488849d,zero_scalar_kernel,0.0030720001086592674
cuda:0,1,kernel,forward kernel head_update_rms_and_snapshot_kernel_557460ec,head_update_rms_and_snapshot_kernel,11.834367752075195
cuda:0,4,memcpy,memcpy DtoH,memcpy DtoH,0.006144000217318535
cuda:0,4,memcpy,memcpy DtoH,memcpy DtoH,0.005824000108987093
cuda:0,2,builtin,builtin kernel memtile_value_kernel,builtin kernel memtile_value_kernel,0.003295999951660633
cuda:0,1,kernel,forward kernel zero_scalar_kernel_4488849d,zero_scalar_kernel,0.0030720001086592674
cuda:0,1,kernel,forward kernel compute_residual_kernel_307f3567,compute_residual_kernel,11.837183952331543
cuda:0,1,kernel,forward kernel check_rtr_converged_kernel_0e232b9a,check_rtr_converged_kernel,0.0030720001086592674
cuda:0,4,memcpy,memcpy DtoH,memcpy DtoH,0.006144000217318535
cuda:0,16,graph,graph,graph,65.45081329345703
cuda:0,1,kernel,forward kernel zero_scalar_kernel_4488849d,zero_scalar_kernel,0.0030720001086592674
cuda:0,1,kernel,forward kernel zero_scalar_kernel_4488849d,zero_scalar_kernel,0.0030720001086592674
cuda:0,1,kernel,forward kernel head_update_rms_and_snapshot_kernel_557460ec,head_update_rms_and_snapshot_kernel,11.833344459533691
cuda:0,4,memcpy,memcpy DtoH,memcpy DtoH,0.006399999838322401
cuda:0,4,memcpy,memcpy DtoH,memcpy DtoH,0.0058559998869895935
cuda:0,2,builtin,builtin kernel memtile_value_kernel,builtin kernel memtile_value_kernel,0.002047999994829297
cuda:0,1,kernel,forward kernel zero_scalar_kernel_4488849d,zero_scalar_kernel,0.0030720001086592674
cuda:0,1,kernel,forward kernel compute_residual_kernel_307f3567,compute_residual_kernel,11.83743953704834
cuda:0,1,kernel,forward kernel check_rtr_converged_kernel_0e232b9a,check_rtr_converged_kernel,0.0030720001086592674
cuda:0,4,memcpy,memcpy DtoH,memcpy DtoH,0.006496000103652477
cuda:0,16,graph,graph,graph,65.4417953491211
cuda:0,1,kernel,forward kernel zero_scalar_kernel_4488849d,zero_scalar_kernel,0.004095999989658594
cuda:0,1,kernel,forward kernel zero_scalar_kernel_4488849d,zero_scalar_kernel,0.0030720001086592674
cuda:0,1,kernel,forward kernel head_update_rms_and_snapshot_kernel_557460ec,head_update_rms_and_snapshot_kernel,11.833344459533691
cuda:0,4,memcpy,memcpy DtoH,memcpy DtoH,0.00595200015231967
cuda:0,4,memcpy,memcpy DtoH,memcpy DtoH,0.006111999973654747
cuda:0,2,builtin,builtin kernel memtile_value_kernel,builtin kernel memtile_value_kernel,0.002848000032827258
cuda:0,1,kernel,forward kernel zero_scalar_kernel_4488849d,zero_scalar_kernel,0.0027840000111609697
cuda:0,1,kernel,forward kernel compute_residual_kernel_307f3567,compute_residual_kernel,11.83743953704834
cuda:0,1,kernel,forward kernel check_rtr_converged_kernel_0e232b9a,check_rtr_converged_kernel,0.0030720001086592674
cuda:0,4,memcpy,memcpy DtoH,memcpy DtoH,0.006335999816656113
cuda:0,16,graph,graph,graph,65.4551010131836
cuda:0,1,kernel,forward kernel zero_scalar_kernel_4488849d,zero_scalar_kernel,0.0030720001086592674
cuda:0,1,kernel,forward kernel zero_scalar_kernel_4488849d,zero_scalar_kernel,0.0030720001086592674
cuda:0,1,kernel,forward kernel head_update_rms_and_snapshot_kernel_557460ec,head_update_rms_and_snapshot_kernel,11.834367752075195
cuda:0,4,memcpy,memcpy DtoH,memcpy DtoH,0.006175999995321035
cuda:0,4,memcpy,memcpy DtoH,memcpy DtoH,0.005663999821990728
cuda:0,2,builtin,builtin kernel memtile_value_kernel,builtin kernel memtile_value_kernel,0.0030720001086592674
cuda:0,1,kernel,forward kernel zero_scalar_kernel_4488849d,zero_scalar_kernel,0.0030720001086592674
cuda:0,1,kernel,forward kernel compute_residual_kernel_307f3567,compute_residual_kernel,11.83743953704834
cuda:0,1,kernel,forward kernel check_rtr_converged_kernel_0e232b9a,check_rtr_converged_kernel,0.0030720001086592674
cuda:0,4,memcpy,memcpy DtoH,memcpy DtoH,0.0060800001956522465
cuda:0,16,graph,graph,graph,65.45101165771484
cuda:0,1,kernel,forward kernel zero_scalar_kernel_4488849d,zero_scalar_kernel,0.0030720001086592674
cuda:0,1,kernel,forward kernel zero_scalar_kernel_4488849d,zero_scalar_kernel,0.0030720001086592674
cuda:0,1,kernel,forward kernel head_update_rms_and_snapshot_kernel_557460ec,head_update_rms_and_snapshot_kernel,11.833344459533691
cuda:0,4,memcpy,memcpy DtoH,memcpy DtoH,0.006752000190317631
cuda:0,4,memcpy,memcpy DtoH,memcpy DtoH,0.006111999973654747
cuda:0,2,builtin,builtin kernel memtile_value_kernel,builtin kernel memtile_value_kernel,0.0033919999841600657
cuda:0,1,kernel,forward kernel zero_scalar_kernel_4488849d,zero_scalar_kernel,0.0030720001086592674
cuda:0,1,kernel,forward kernel compute_residual_kernel_307f3567,compute_residual_kernel,11.83743953704834
cuda:0,1,kernel,forward kernel check_rtr_converged_kernel_0e232b9a,check_rtr_converged_kernel,0.0030720001086592674
cuda:0,4,memcpy,memcpy DtoH,memcpy DtoH,0.006016000173985958
cuda:0,16,graph,graph,graph,65.44172668457031
cuda:0,1,kernel,forward kernel zero_scalar_kernel_4488849d,zero_scalar_kernel,0.0030720001086592674
cuda:0,1,kernel,forward kernel zero_scalar_kernel_4488849d,zero_scalar_kernel,0.0030720001086592674
cuda:0,1,kernel,forward kernel head_update_rms_and_snapshot_kernel_557460ec,head_update_rms_and_snapshot_kernel,11.834367752075195
cuda:0,4,memcpy,memcpy DtoH,memcpy DtoH,0.00684799998998642
cuda:0,4,memcpy,memcpy DtoH,memcpy DtoH,0.005888000130653381
cuda:0,2,builtin,builtin kernel memtile_value_kernel,builtin kernel memtile_value_kernel,0.0030720001086592674
cuda:0,1,kernel,forward kernel zero_scalar_kernel_4488849d,zero_scalar_kernel,0.004031999967992306
cuda:0,1,kernel,forward kernel compute_residual_kernel_307f3567,compute_residual_kernel,11.838111877441406
cuda:0,1,kernel,forward kernel check_rtr_converged_kernel_0e232b9a,check_rtr_converged_kernel,0.0030720001086592674
cuda:0,4,memcpy,memcpy DtoH,memcpy DtoH,0.006271999794989824
cuda:0,16,graph,graph,graph,65.44895935058594
cuda:0,1,kernel,forward kernel zero_scalar_kernel_4488849d,zero_scalar_kernel,0.004095999989658594
cuda:0,1,kernel,forward kernel zero_scalar_kernel_4488849d,zero_scalar_kernel,0.0030720001086592674
cuda:0,1,kernel,forward kernel head_update_rms_and_snapshot_kernel_557460ec,head_update_rms_and_snapshot_kernel,11.833344459533691
cuda:0,4,memcpy,memcpy DtoH,memcpy DtoH,0.006016000173985958
cuda:0,4,memcpy,memcpy DtoH,memcpy DtoH,0.005919999908655882
cuda:0,2,builtin,builtin kernel memtile_value_kernel,builtin kernel memtile_value_kernel,0.0030720001086592674
cuda:0,1,kernel,forward kernel zero_scalar_kernel_4488849d,zero_scalar_kernel,0.0028800000436604023
cuda:0,1,kernel,forward kernel compute_residual_kernel_307f3567,compute_residual_kernel,11.837311744689941
cuda:0,1,kernel,forward kernel check_rtr_converged_kernel_0e232b9a,check_rtr_converged_kernel,0.0030720001086592674
cuda:0,4,memcpy,memcpy DtoH,memcpy DtoH,0.006016000173985958
cuda:0,16,graph,graph,graph,65.44989013671875
cuda:0,1,kernel,forward kernel zero_scalar_kernel_4488849d,zero_scalar_kernel,0.002047999994829297
cuda:0,1,kernel,forward kernel zero_scalar_kernel_4488849d,zero_scalar_kernel,0.0030720001086592674
cuda:0,1,kernel,forward kernel head_update_rms_and_snapshot_kernel_557460ec,head_update_rms_and_snapshot_kernel,11.835391998291016
cuda:0,4,memcpy,memcpy DtoH,memcpy DtoH,0.006463999859988689
cuda:0,4,memcpy,memcpy DtoH,memcpy DtoH,0.005696000065654516
cuda:0,2,builtin,builtin kernel memtile_value_kernel,builtin kernel memtile_value_kernel,0.0030400000978261232
cuda:0,1,kernel,forward kernel zero_scalar_kernel_4488849d,zero_scalar_kernel,0.0029440000653266907
cuda:0,1,kernel,forward kernel compute_residual_kernel_307f3567,compute_residual_kernel,11.83743953704834
cuda:0,1,kernel,forward kernel check_rtr_converged_kernel_0e232b9a,check_rtr_converged_kernel,0.0030720001086592674
cuda:0,4,memcpy,memcpy DtoH,memcpy DtoH,0.006175999995321035
cuda:0,16,graph,graph,graph,65.43360137939453
cuda:0,1,kernel,forward kernel zero_scalar_kernel_4488849d,zero_scalar_kernel,0.002047999994829297
cuda:0,1,kernel,forward kernel zero_scalar_kernel_4488849d,zero_scalar_kernel,0.0030720001086592674
cuda:0,1,kernel,forward kernel head_update_rms_and_snapshot_kernel_557460ec,head_update_rms_and_snapshot_kernel,11.834367752075195
cuda:0,4,memcpy,memcpy DtoH,memcpy DtoH,0.005919999908655882
cuda:0,4,memcpy,memcpy DtoH,memcpy DtoH,0.005760000087320805
cuda:0,2,builtin,builtin kernel memtile_value_kernel,builtin kernel memtile_value_kernel,0.004095999989658594
cuda:0,1,kernel,forward kernel zero_scalar_kernel_4488849d,zero_scalar_kernel,0.002976000076159835
cuda:0,1,kernel,forward kernel compute_residual_kernel_307f3567,compute_residual_kernel,11.83743953704834
cuda:0,1,kernel,forward kernel check_rtr_converged_kernel_0e232b9a,check_rtr_converged_kernel,0.0030720001086592674
cuda:0,4,memcpy,memcpy DtoH,memcpy DtoH,0.006144000217318535
cuda:0,16,graph,graph,graph,65.44671630859375
cuda:0,1,kernel,forward kernel zero_scalar_kernel_4488849d,zero_scalar_kernel,0.0030720001086592674
cuda:0,1,kernel,forward kernel zero_scalar_kernel_4488849d,zero_scalar_kernel,0.002047999994829297
cuda:0,1,kernel,forward kernel head_update_rms_and_snapshot_kernel_557460ec,head_update_rms_and_snapshot_kernel,11.833344459533691
cuda:0,4,memcpy,memcpy DtoH,memcpy DtoH,0.0063680000603199005
cuda:0,4,memcpy,memcpy DtoH,memcpy DtoH,0.0058559998869895935
cuda:0,2,builtin,builtin kernel memtile_value_kernel,builtin kernel memtile_value_kernel,0.003008000086992979
cuda:0,1,kernel,forward kernel zero_scalar_kernel_4488849d,zero_scalar_kernel,0.0030720001086592674
cuda:0,1,kernel,forward kernel compute_residual_kernel_307f3567,compute_residual_kernel,11.83743953704834
cuda:0,1,kernel,forward kernel check_rtr_converged_kernel_0e232b9a,check_rtr_converged_kernel,0.0030720001086592674
cuda:0,4,memcpy,memcpy DtoH,memcpy DtoH,0.0060800001956522465
cuda:0,16,graph,graph,graph,65.44384002685547
cuda:0,1,kernel,forward kernel zero_scalar_kernel_4488849d,zero_scalar_kernel,0.0030720001086592674
cuda:0,1,kernel,forward kernel zero_scalar_kernel_4488849d,zero_scalar_kernel,0.0030720001086592674
cuda:0,1,kernel,forward kernel head_update_rms_and_snapshot_kernel_557460ec,head_update_rms_and_snapshot_kernel,11.833344459533691
cuda:0,4,memcpy,memcpy DtoH,memcpy DtoH,0.006175999995321035
cuda:0,4,memcpy,memcpy DtoH,memcpy DtoH,0.005727999843657017
cuda:0,2,builtin,builtin kernel memtile_value_kernel,builtin kernel memtile_value_kernel,0.0030720001086592674
cuda:0,1,kernel,forward kernel zero_scalar_kernel_4488849d,zero_scalar_kernel,0.003008000086992979
cuda:0,1,kernel,forward kernel compute_residual_kernel_307f3567,compute_residual_kernel,11.83743953704834
cuda:0,1,kernel,forward kernel check_rtr_converged_kernel_0e232b9a,check_rtr_converged_kernel,0.004095999989658594
cuda:0,4,memcpy,memcpy DtoH,memcpy DtoH,0.0060800001956522465
cuda:0,16,graph,graph,graph,65.44863891601562
cuda:0,1,kernel,forward kernel zero_scalar_kernel_4488849d,zero_scalar_kernel,0.0030720001086592674
cuda:0,1,kernel,forward kernel zero_scalar_kernel_4488849d,zero_scalar_kernel,0.0030720001086592674
cuda:0,1,kernel,forward kernel head_update_rms_and_snapshot_kernel_557460ec,head_update_rms_and_snapshot_kernel,11.834367752075195
cuda:0,4,memcpy,memcpy DtoH,memcpy DtoH,0.006271999794989824
cuda:0,4,memcpy,memcpy DtoH,memcpy DtoH,0.005696000065654516
cuda:0,2,builtin,builtin kernel memtile_value_kernel,builtin kernel memtile_value_kernel,0.0030720001086592674
cuda:0,1,kernel,forward kernel zero_scalar_kernel_4488849d,zero_scalar_kernel,0.0030720001086592674
cuda:0,1,kernel,forward kernel compute_residual_kernel_307f3567,compute_residual_kernel,11.83743953704834
cuda:0,1,kernel,forward kernel check_rtr_converged_kernel_0e232b9a,check_rtr_converged_kernel,0.0030720001086592674
cuda:0,4,memcpy,memcpy DtoH,memcpy DtoH,0.006111999973654747
cuda:0,16,graph,graph,graph,65.43965148925781
cuda:0,1,kernel,forward kernel zero_scalar_kernel_4488849d,zero_scalar_kernel,0.002047999994829297
cuda:0,1,kernel,forward kernel zero_scalar_kernel_4488849d,zero_scalar_kernel,0.0030720001086592674
cuda:0,1,kernel,forward kernel head_update_rms_and_snapshot_kernel_557460ec,head_update_rms_and_snapshot_kernel,11.834367752075195
cuda:0,4,memcpy,memcpy DtoH,memcpy DtoH,0.006111999973654747
cuda:0,4,memcpy,memcpy DtoH,memcpy DtoH,0.005727999843657017
cuda:0,2,builtin,builtin kernel memtile_value_kernel,builtin kernel memtile_value_kernel,0.0030720001086592674
cuda:0,1,kernel,forward kernel zero_scalar_kernel_4488849d,zero_scalar_kernel,0.0030720001086592674
cuda:0,1,kernel,forward kernel compute_residual_kernel_307f3567,compute_residual_kernel,11.83670425415039
cuda:0,1,kernel,forward kernel check_rtr_converged_kernel_0e232b9a,check_rtr_converged_kernel,0.0033279999624937773
cuda:0,4,memcpy,memcpy DtoH,memcpy DtoH,0.006111999973654747
cuda:0,16,graph,graph,graph,65.44384002685547
cuda:0,1,kernel,forward kernel zero_scalar_kernel_4488849d,zero_scalar_kernel,0.0030720001086592674
cuda:0,1,kernel,forward kernel zero_scalar_kernel_4488849d,zero_scalar_kernel,0.002047999994829297
cuda:0,1,kernel,forward kernel head_update_rms_and_snapshot_kernel_557460ec,head_update_rms_and_snapshot_kernel,11.833344459533691
cuda:0,4,memcpy,memcpy DtoH,memcpy DtoH,0.006496000103652477
cuda:0,4,memcpy,memcpy DtoH,memcpy DtoH,0.0058559998869895935
cuda:0,2,builtin,builtin kernel memtile_value_kernel,builtin kernel memtile_value_kernel,0.0030720001086592674
cuda:0,1,kernel,forward kernel zero_scalar_kernel_4488849d,zero_scalar_kernel,0.003936000168323517
cuda:0,1,kernel,forward kernel compute_residual_kernel_307f3567,compute_residual_kernel,11.83743953704834
cuda:0,1,kernel,forward kernel check_rtr_converged_kernel_0e232b9a,check_rtr_converged_kernel,0.0033599999733269215
cuda:0,4,memcpy,memcpy DtoH,memcpy DtoH,0.0058559998869895935
cuda:0,16,graph,graph,graph,65.44771575927734
cuda:0,1,kernel,forward kernel zero_scalar_kernel_4488849d,zero_scalar_kernel,0.0030720001086592674
cuda:0,1,kernel,forward kernel zero_scalar_kernel_4488849d,zero_scalar_kernel,0.0030720001086592674
cuda:0,1,kernel,forward kernel head_update_rms_and_snapshot_kernel_557460ec,head_update_rms_and_snapshot_kernel,11.833344459533691
cuda:0,4,memcpy,memcpy DtoH,memcpy DtoH,0.006271999794989824
cuda:0,4,memcpy,memcpy DtoH,memcpy DtoH,0.005632000043988228
cuda:0,2,builtin,builtin kernel memtile_value_kernel,builtin kernel memtile_value_kernel,0.0030720001086592674
cuda:0,1,kernel,forward kernel zero_scalar_kernel_4488849d,zero_scalar_kernel,0.0030400000978261232
cuda:0,1,kernel,forward kernel compute_residual_kernel_307f3567,compute_residual_kernel,11.837311744689941
cuda:0,1,kernel,forward kernel check_rtr_converged_kernel_0e232b9a,check_rtr_converged_kernel,0.0030720001086592674
cuda:0,4,memcpy,memcpy DtoH,memcpy DtoH,0.006144000217318535
cuda:0,16,graph,graph,graph,65.4366683959961
cuda:0,1,kernel,forward kernel zero_scalar_kernel_4488849d,zero_scalar_kernel,0.0030720001086592674
cuda:0,1,kernel,forward kernel zero_scalar_kernel_4488849d,zero_scalar_kernel,0.0030720001086592674
cuda:0,1,kernel,forward kernel head_update_rms_and_snapshot_kernel_557460ec,head_update_rms_and_snapshot_kernel,11.834367752075195
cuda:0,4,memcpy,memcpy DtoH,memcpy DtoH,0.006399999838322401
cuda:0,4,memcpy,memcpy DtoH,memcpy DtoH,0.00598399993032217
cuda:0,2,builtin,builtin kernel memtile_value_kernel,builtin kernel memtile_value_kernel,0.0030720001086592674
cuda:0,1,kernel,forward kernel zero_scalar_kernel_4488849d,zero_scalar_kernel,0.002047999994829297
cuda:0,1,kernel,forward kernel compute_residual_kernel_307f3567,compute_residual_kernel,11.839136123657227
cuda:0,1,kernel,forward kernel check_rtr_converged_kernel_0e232b9a,check_rtr_converged_kernel,0.0030720001086592674
cuda:0,4,memcpy,memcpy DtoH,memcpy DtoH,0.006271999794989824
cuda:0,4,memcpy,memcpy DtoH,memcpy DtoH,23.814783096313477
cuda:0,1,kernel,forward kernel zero_scalar_kernel_4488849d,zero_scalar_kernel,0.004031999967992306
cuda:0,1,kernel,forward kernel compute_residual_kernel_307f3567,compute_residual_kernel,11.836416244506836
cuda:0,4,memcpy,memcpy DtoH,memcpy DtoH,0.006527999881654978
cuda:0,1,kernel,forward kernel zero_scalar_kernel_4488849d,zero_scalar_kernel,0.0029440000653266907
cuda:0,1,kernel,forward kernel compute_head_residual_kernel_c5d0b280,compute_head_residual_kernel,11.837632179260254
cuda:0,4,memcpy,memcpy DtoH,memcpy DtoH,0.006271999794989824
