i,j,gwl,std_gwl,rl_elevati,nztm_x,nztm_y
11,236,362.208000000000027,2.341000000000000,369.377990000000011,1514327.000000000000000,5200460.000000000000000
14,241,353.348990000000015,2.944990000000000,361.968990000000019,1514816.000000000000000,5200180.000000000000000
58,313,274.243980000000022,2.618000000000000,293.533990000000017,1522047.000000000000000,5195710.000000000000000
59,299,292.403010000000052,1.902990000000000,298.838009999999997,1520615.000000000000000,5195681.000000000000000
63,303,288.869989999999973,0.704990000000000,295.929990000000089,1521015.000000000000000,5195281.000000000000000
65,303,287.908990000000017,1.593990000000000,290.398980000000051,1521065.000000000000000,5195081.000000000000000
65,850,0.190995000000000,1.472231525307797,1.115995000000000,1575799.500000000000000,5195018.500000000000000
66,290,293.881010000000003,0.085000000000000,295.161010000000090,1519789.000000000000000,5194991.000000000000000
68,844,-0.216505000000000,1.364236525307798,0.539995000000000,1575164.000000000232831,5194760.499999999068677
68,846,-0.181000000000000,1.383731525307797,1.128995000000000,1575351.000000000000000,5194774.500000000000000
68,849,0.172000000000000,1.338236525307798,1.327000000000000,1575673.000000000000000,5194785.500000000000000
68,850,0.215000000000000,0.157000000000000,1.115000000000000,1575777.000000000000000,5194733.000000000000000
68,851,0.275490000000000,1.336231525307797,1.037995000000000,1575886.000000000000000,5194795.500000000000000
69,820,0.122000000000000,0.035000000000000,3.596990000000000,1572758.000000000000000,5194602.999999999068677
71,849,0.052995000000000,1.355731525307797,0.682995000000000,1575623.000000000000000,5194468.500000000000000
72,849,0.354995000000000,1.369731525307797,0.864995000000000,1575654.000000000000000,5194387.500000000000000
73,824,0.076005000000000,1.384731525307797,2.101000000000000,1573110.000000000000000,5194207.500000000000000
74,824,0.169000000000000,1.395236525307797,1.953995000000000,1573150.000000000000000,5194129.500000000000000
74,845,-0.714990000000000,1.498236525307797,0.964995000000000,1575248.000000000000000,5194107.500000000000000
74,846,-0.552490000000000,1.395731525307797,1.769995000000000,1575399.500000000000000,5194112.500000000000000
75,310,280.653999999999996,1.492736525307797,283.223990000000072,1521724.500000000000000,5194095.500000000000000
75,824,1.748000000000000,0.240990000000000,1.768000000000000,1573155.000000000000000,5194098.000000000000000
76,844,-0.289990000000000,0.398000000000000,0.479990000000000,1575147.000000000000000,5193928.000000000000000
76,847,-0.209990000000000,0.303000000000000,1.029990000000000,1575455.000000000000000,5193929.000000000000000
78,822,1.402990000000000,0.190990000000000,3.122990000000000,1572928.000000000000000,5193783.000000000000000
80,820,1.169000000000000,1.355731525307797,3.173995000000001,1572747.000000000000000,5193570.000000000000000
81,820,2.091000000000000,0.165000000000000,4.031000000000001,1572738.000000000000000,5193427.000000000000000
85,816,1.610000000000000,0.180000000000000,2.980000000000000,1572398.000000000000000,5193053.000000000000000
86,844,-0.140000000000000,1.358731525307797,1.075000000000000,1575191.000000000000000,5192902.500000000000000
87,320,270.253990000000044,0.179995000000000,274.538995000000000,1522722.500000000000000,5192845.499999999068677
87,812,1.483990000000000,0.312000000000000,3.414000000000000,1571955.999999999767169,5192869.000000000000000
87,845,0.079990000000000,0.180000000000000,1.330000000000000,1575207.000000000000000,5192883.000000000000000
91,377,208.181999999999988,0.075000000000000,209.108990000000006,1528492.000000000232831,5192438.000000000000000
94,324,260.760495000000049,0.936500000000000,267.485500000000002,1523181.500000000000000,5192118.000000000000000
96,845,0.829990000000000,0.245000000000000,1.460000000000000,1575207.000000000000000,5191993.000000000000000
97,385,202.130990000000054,0.086990000000000,205.610989999999987,1529285.000000000000000,5191871.000000000000000
97,386,201.210990000000010,0.354990000000000,204.520990000000012,1529335.000000000000000,5191853.000000000000000
99,845,0.404990000000000,1.373231525307797,1.639995000000000,1575241.500000000000000,5191604.500000000000000
101,845,0.320490000000000,1.339236525307797,1.399990000000000,1575274.500000000000000,5191436.500000000000000
101,849,0.786811818181818,2.307156409650541,1.962720000000000,1575654.454545454354957,5191445.090909090824425
102,806,2.908990000000000,1.423731525307797,5.053990000000002,1571388.500000000000000,5191388.500000000000000
102,847,0.665794000000000,2.038578440492476,1.560000000000000,1575437.000000000000000,5191331.400000000372529
103,812,3.950000000000000,0.400990000000000,4.679990000000000,1571998.000000000000000,5191284.000000000000000
104,846,0.244002000000000,2.055376440492476,2.125992000000000,1575345.199999999953434,5191141.000000000000000
104,849,0.759990000000000,0.324000000000000,2.089990000000000,1575697.000000000000000,5191183.999999999068677
106,310,256.782010000000014,0.949000000000000,260.877010000000041,1521707.000000000000000,5190907.000000000000000
106,848,0.656990000000000,2.155394208846329,1.759996666666667,1575564.166666666744277,5190976.000000000000000
107,322,253.842999999999989,0.624990000000000,260.372980000000041,1522915.000000000000000,5190883.000000000000000
107,773,9.600000000000000,0.130990000000000,10.229990000000001,1568071.000000000000000,5190799.999999999068677
107,846,0.799995000000000,1.426231525307797,2.165000000000000,1575337.000000000000000,5190801.500000000000000
108,333,249.654990000000026,0.697000000000000,254.854989999999987,1524015.000000000000000,5190700.000000000000000
110,778,9.128000000000000,0.134000000000000,10.187989999999999,1568563.999999999767169,5190593.000000000000000
111,759,13.468990000000002,0.211990000000000,15.093990000000002,1566655.000000000000000,5190466.000000000000000
111,762,12.038000000000000,0.254000000000000,14.102990000000002,1566974.000000000000000,5190464.000000000000000
111,773,9.329000000000001,0.634000000000000,9.659000000000001,1568041.000000000000000,5190417.000000000000000
111,809,3.013326666666666,0.210656666666667,6.530000000000000,1571699.000000000000000,5190484.000000000000000
117,716,30.062000000000001,0.305000000000000,32.131000000000000,1562371.000000000000000,5189854.000000000000000
117,800,4.295000000000000,0.569000000000000,5.610000000000000,1570769.000000000000000,5189884.000000000000000
119,308,248.108990000000034,0.167990000000000,252.309000000000026,1521503.000000000000000,5189622.000000000000000
120,319,243.350989999999996,2.920000000000000,247.535990000000027,1522659.000000000000000,5189572.000000000000000
121,305,249.246990000000011,0.439990000000000,250.516989999999993,1521215.000000000000000,5189482.999999999068677
121,848,1.990000000000000,0.460000000000000,4.349990000000000,1575597.000000000000000,5189435.000000000000000
123,688,43.150000000000006,0.535000000000000,45.508989999999997,1559503.000000000000000,5189239.000000000000000
123,814,2.714990000000000,0.107000000000000,6.000000000000002,1572162.000000000000000,5189201.000000000000000
124,325,241.641989999999993,1.672000000000000,247.501990000000006,1523299.000000000000000,5189168.000000000931323
125,797,7.759995000000000,1.285236525307797,9.010000000000002,1570479.000000000000000,5189020.000000000000000
125,836,1.580000000000000,0.328990000000000,3.769990000000000,1574339.000000000000000,5189085.000000000000000
126,713,30.618990000000004,0.187000000000000,32.328990000000005,1562002.000000000000000,5188925.000000000000000
126,786,9.670995000000000,1.370231525307798,12.070000000000000,1569387.500000000000000,5188920.500000000000000
126,797,7.521656666666666,0.987824350205198,9.319990000000001,1570462.333333333255723,5188951.666666666977108
128,700,35.420999999999999,0.261990000000000,38.076000000000001,1560799.000000000000000,5188777.000000000000000
128,842,1.649990000000000,0.533990000000000,4.579990000000000,1574920.000000000000000,5188783.000000000000000
129,705,33.191000000000003,0.266990000000000,36.020990000000005,1561242.000000000000000,5188665.000000000000000
130,859,0.950990000000000,0.388990000000000,3.825990000000000,1576621.000000000000000,5188574.000000000000000
131,725,24.849000000000004,0.312000000000000,26.694000000000003,1563262.000000000000000,5188475.000000000000000
131,787,10.195990000000000,0.131495000000000,11.880000000000001,1569454.500000000000000,5188402.000000000000000
132,782,10.810000000000000,0.079000000000000,11.199990000000000,1568924.000000000232831,5188391.000000000000000
132,788,9.903740000000001,1.928602287961696,11.397492500000002,1569542.750000000000000,5188331.500000000000000
132,851,2.279990000000000,0.573000000000000,5.519990000000002,1575897.000000000000000,5188385.000000000000000
133,448,160.983990000000006,3.354000000000000,167.788999999999987,1535595.000000000000000,5188271.000000000000000
133,700,34.966990000000003,0.189990000000000,37.874000000000002,1560743.000000000000000,5188255.000000000000000
133,706,31.861989999999999,0.177000000000000,35.562990000000006,1561382.000000000000000,5188205.000000000000000
133,713,29.215990000000001,0.171000000000000,32.626989999999999,1562051.999999999767169,5188265.000000000000000
133,781,10.581663333333337,0.903157683538532,12.520000000000000,1568815.333333333255723,5188239.666666666977108
133,792,9.335000000000001,1.424236525307797,10.314995000000000,1569913.000000000000000,5188218.500000000000000
134,682,43.950000000000003,0.391990000000000,45.984000000000002,1558903.000000000000000,5188185.000000000000000
134,775,11.765747500000000,1.313231525307797,14.124997499999999,1568224.000000000000000,5188174.250000000000000
134,782,10.122995000000000,1.300736525307797,11.260000000000002,1568917.500000000000000,5188144.000000000931323
134,787,9.386656666666669,1.738978700410396,10.426660000000000,1569434.333333333255723,5188180.666666666977108
135,774,11.604990000000001,0.035000000000000,14.380000000000001,1568184.000000000000000,5188083.000000000000000
135,780,10.619990000000000,0.097990000000000,11.829990000000000,1568705.000000000000000,5188016.000000000931323
135,860,2.793500000000000,0.423495000000000,2.885990000000000,1576767.000000000000000,5188065.000000000000000
136,768,12.805990000000000,0.035000000000000,15.781000000000001,1567600.000000000000000,5187985.000000000000000
136,788,9.149990000000001,0.435990000000000,10.380000000000001,1569599.000000000000000,5187985.000000000000000
136,789,8.414990000000001,0.181990000000000,10.149990000000001,1569690.000000000000000,5187903.000000000000000
136,839,2.552000000000000,0.321990000000000,5.710000000000002,1574677.000000000000000,5187905.000000000000000
136,863,3.630000000000000,0.163000000000000,3.967000000000001,1577096.000000000000000,5187985.000000000000000
137,637,68.319990000000004,1.149990000000000,70.214990000000000,1554462.000000000000000,5187826.000000000000000
137,670,48.819000000000003,0.203990000000000,51.754000000000005,1557734.000000000000000,5187890.000000000000000
137,701,33.112990000000003,0.186000000000000,37.077990000000000,1560863.000000000000000,5187825.000000000000000
137,709,29.701000000000004,0.159990000000000,33.937990000000006,1561622.000000000000000,5187885.000000000000000
137,714,27.303495000000002,0.150490000000000,31.276495000000004,1562187.000000000000000,5187895.000000000000000
137,757,15.590000000000002,0.097000000000000,18.659990000000001,1566401.000000000000000,5187835.000000000000000
137,762,13.989000000000001,0.437990000000000,15.258990000000001,1566979.000000000000000,5187887.000000000000000
137,775,11.760000000000002,0.000000000000000,13.560000000000000,1568210.000000000000000,5187885.000000000000000
138,636,65.023000000000010,0.248990000000000,66.977990000000005,1554353.000000000000000,5187764.000000000000000
138,757,16.055000000000000,0.068000000000000,18.200000000000003,1566401.000000000000000,5187785.000000000000000
138,779,11.614990000000001,0.284000000000000,11.640000000000001,1568607.000000000000000,5187798.000000000000000
138,796,8.199990000000001,0.000000000000000,9.140000000000001,1570395.000000000000000,5187701.000000000931323
140,604,84.801000000000002,0.238990000000000,88.236990000000006,1551187.000000000000000,5187582.000000000000000
140,844,2.342000000000000,0.296000000000000,5.380000000000002,1575197.000000000000000,5187585.000000000000000
141,509,134.574000000000012,0.226990000000000,137.391990000000021,1541617.000000000000000,5187412.000000000000000
141,634,67.300000000000011,1.750000000000000,71.889990000000012,1554137.000000000000000,5187471.000000000000000
141,710,25.986000000000001,0.180000000000000,31.175999999999998,1561712.000000000000000,5187425.000000000000000
141,755,15.800000000000001,0.133000000000000,17.700000000000003,1566261.000000000000000,5187475.000000000000000
142,681,43.425490000000003,0.407490000000000,48.215494999999997,1558806.000000000000000,5187362.000000000000000
142,751,17.042990000000000,0.159990000000000,19.122990000000001,1565806.000000000000000,5187345.000000000000000
142,754,16.100000000000001,0.211990000000000,17.770000000000003,1566151.000000000000000,5187365.000000000000000
143,504,136.091000000000008,0.296990000000000,139.777990000000017,1541132.000000000232831,5187217.000000000000000
143,862,1.452000000000000,0.112990000000000,2.332000000000000,1576977.000000000000000,5187258.000000000000000
143,864,1.172000000000000,0.314000000000000,1.973990000000000,1577107.999999999767169,5187285.000000000931323
144,752,16.609990000000003,0.192990000000000,19.739995000000000,1565946.000000000000000,5187125.000000000931323
144,767,12.659990000000001,0.244000000000000,14.100000000000000,1567450.000000000000000,5187185.000000000000000
144,777,9.709994999999999,1.341236525307797,11.609995000000000,1568457.500000000000000,5187110.500000000000000
144,861,2.161990000000000,0.307000000000000,2.898990000000000,1576837.000000000000000,5187165.000000000000000
145,509,133.554990000000004,0.137990000000000,137.507990000000007,1541640.000000000000000,5187099.000000000000000
145,650,57.640990000000002,0.577000000000000,63.270990000000005,1555776.000000000000000,5187000.000000000000000
145,675,44.790999999999997,0.209000000000000,50.890990000000002,1558204.000000000232831,5187035.000000000000000
145,699,30.989989999999999,0.165000000000000,39.056990000000006,1560646.000000000000000,5187052.000000000000000
145,754,17.020000000000003,0.481000000000000,18.840000000000000,1566147.000000000000000,5187080.000000000000000
145,767,12.460000000000001,0.078000000000000,13.699990000000000,1567430.000000000000000,5187085.000000000000000
145,780,8.984990000000000,1.295236525307797,10.459989999999999,1568798.000000000000000,5187094.500000000000000
145,791,7.080000000000000,1.366231525307798,8.619995000000001,1569816.000000000000000,5187019.500000000000000
145,792,6.957742500000000,1.401984025307797,8.404992500000002,1569987.000000000000000,5187096.500000000000000
145,833,3.359990000000000,0.340000000000000,5.170000000000002,1574098.000000000000000,5187035.000000000000000
145,849,3.012000000000000,0.249990000000000,4.829990000000000,1575627.000000000000000,5187075.000000000000000
145,857,2.233000000000000,0.303990000000000,3.589990000000000,1576447.000000000000000,5187045.000000000000000
145,861,2.979000000000000,0.805990000000000,3.805990000000000,1576847.000000000000000,5187015.000000000000000
146,497,138.999990000000054,0.287000000000000,143.376990000000006,1540410.000000000000000,5186985.000000000000000
146,513,131.432000000000016,0.129990000000000,135.052000000000021,1542067.000000000000000,5186945.000000000000000
146,664,52.356990000000003,0.397000000000000,56.296999999999997,1557104.000000000000000,5186985.000000000000000
146,689,37.009990000000002,0.330000000000000,43.419990000000006,1559667.999999999767169,5186966.000000000000000
146,781,8.764995000000001,1.288736525307797,9.614990000000001,1568863.500000000000000,5186950.500000000000000
146,786,8.359000000000000,0.052000000000000,9.340000000000002,1569325.000000000000000,5186913.000000000000000
146,803,4.017495000000001,1.929604787961696,7.294990000000000,1571040.500000000000000,5186940.249999999068677
147,700,30.080990000000003,0.158000000000000,32.370990000000006,1560703.000000000000000,5186885.000000000000000
147,740,20.009490000000000,1.318231525307797,23.315995000000001,1564731.000000000000000,5186865.000000000000000
147,749,17.874990000000000,0.007000000000000,21.299990000000001,1565651.000000000000000,5186835.000000000000000
147,779,9.709595999999999,1.556281830369357,10.811990000000000,1568649.600000000093132,5186851.200000000186265
147,847,2.650000000000000,0.352990000000000,3.539990000000000,1575497.000000000000000,5186885.000000000000000
147,857,2.809000000000000,0.493000000000000,3.049000000000000,1576487.000000000000000,5186835.000000000000000
148,552,103.100989999999996,0.921990000000000,115.044989999999999,1545907.999999999767169,5186785.000000000000000
148,727,23.408999999999999,0.400000000000000,25.553999999999998,1563424.000000000000000,5186762.999999999068677
148,738,20.108989999999999,0.128000000000000,23.968990000000002,1564581.000000000000000,5186745.000000000000000
148,759,14.140000000000001,0.000000000000000,16.139990000000001,1566631.000000000000000,5186735.000000000000000
148,788,8.084997500000000,1.939602287961696,8.884990000000000,1569516.500000000000000,5186775.000000000000000
149,503,135.613990000000001,0.142000000000000,140.380990000000054,1541002.000000000000000,5186639.999999999068677
149,788,8.182497500000000,1.927102287961696,9.107497499999999,1569533.250000000232831,5186620.750000000000000
149,827,2.380000000000000,0.151990000000000,3.289990000000000,1573448.000000000000000,5186634.999999999068677
149,853,2.268460666666667,2.203208643866849,3.631327333333334,1576052.466666666558012,5186650.399999999441206
149,854,-0.755003333333334,2.137560875512996,3.526660000000000,1576147.666666666744277,5186647.500000000931323
150,497,123.277000000000015,3.904990000000000,142.667000000000002,1540446.000000000000000,5186599.000000000000000
150,509,118.939999999999998,1.567990000000000,137.195000000000022,1541616.000000000000000,5186582.000000000000000
150,782,8.753663333333334,1.011487683538532,10.856663333333332,1568966.000000000000000,5186581.666666666977108
150,789,8.383995000000002,1.425981525307797,9.389995000000001,1569622.000000000000000,5186534.000000000000000
150,814,4.579990000000000,0.093000000000000,4.820000000000000,1572198.000000000000000,5186538.999999999068677
150,828,2.849992500000000,1.313731525307798,3.269992500000000,1573546.500000000000000,5186576.750000000000000
150,853,2.481105555555556,2.285309378324973,3.963331111111112,1576048.111111111007631,5186531.888888888992369
150,854,2.253323333333333,1.728645367077063,3.446660000000000,1576140.000000000232831,5186572.333333333022892
151,757,15.239990000000001,0.000000000000000,17.440000000000001,1566441.000000000000000,5186445.000000000000000
151,780,9.035000000000000,1.369731525307797,10.379994999999999,1568715.000000000000000,5186461.500000000000000
151,785,7.989990000000002,1.362231525307798,9.684990000000001,1569239.500000000000000,5186400.500000000000000
151,786,7.966747500000000,1.337484025307797,9.499995000000000,1569354.500000000000000,5186475.250000000000000
151,787,7.782495000000002,1.358231525307797,9.560000000000000,1569483.000000000000000,5186478.500000000000000
151,791,7.279995000000002,1.406736525307798,8.874995000000002,1569882.500000000000000,5186449.500000000000000
151,819,3.740000000000000,0.090000000000000,4.749990000000000,1572648.000000000000000,5186436.000000000000000
151,825,3.259990000000000,0.249990000000000,4.030000000000000,1573248.000000000000000,5186436.000000000000000
151,854,2.218568571428572,2.186691186241938,3.544280000000001,1576157.142857142956927,5186460.571428571827710
151,856,2.170663333333334,0.938154350205198,3.133323333333334,1576307.333333333255723,5186484.666666666977108
152,513,114.888990000000007,1.679000000000000,134.455990000000014,1542072.000000000000000,5186360.000000000000000
152,745,19.409990000000001,0.428000000000000,22.860000000000003,1565201.000000000000000,5186385.000000000000000
152,853,2.291996000000000,2.044578440492476,4.011996000000000,1576018.000000000000000,5186338.400000000372529
152,854,2.352284285714286,1.823620750439710,3.628567142857143,1576148.428571428405121,5186354.285714285448194
152,857,2.154497500000000,2.216663919288645,3.568243750000000,1576437.875000000232831,5186329.125000000000000
153,727,23.530000000000001,0.663990000000000,28.209990000000001,1563402.000000000000000,5186285.000000000000000
153,756,15.221425714285717,2.160405471956224,18.199994285714286,1566358.142857142956927,5186245.000000000000000
153,757,15.340000000000002,0.277000000000000,17.540000000000003,1566461.000000000000000,5186245.000000000000000
153,781,8.167490000000003,1.397231525307797,9.600000000000000,1568877.000000000000000,5186224.000000000931323
153,846,1.669995000000000,1.358231525307797,3.155000000000000,1575362.000000000000000,5186218.500000000000000
153,848,2.279993333333333,1.746982033743730,3.133330000000000,1575571.000000000000000,5186265.666666666977108
153,852,2.338742500000000,1.929604787961696,3.739997500000000,1575941.750000000000000,5186246.500000000000000
153,854,1.097498750000000,2.218537669288645,3.683746250000000,1576133.625000000000000,5186260.000000000000000
153,855,2.155551111111111,2.250974933880529,3.575551111111112,1576247.111111111007631,5186260.888888888992369
154,280,213.760999999999996,3.315990000000000,225.440990000000028,1518716.000000000232831,5186184.000000000000000
154,768,13.390000000000001,0.187990000000000,14.140000000000001,1567554.000000000000000,5186148.000000000000000
154,771,12.807135714285716,2.185834043384796,13.438570000000000,1567834.285714285681024,5186129.285714285448194
154,844,2.386282857142857,2.176262614813367,3.697134285714286,1575136.714285714318976,5186133.428571428172290
154,848,2.132371250000000,1.923104787961696,3.737496250000000,1575553.750000000000000,5186152.499999999068677
154,850,1.690000000000000,0.160990000000000,3.279990000000000,1575747.999999999767169,5186100.000000000000000
154,853,2.346661666666667,2.128559208846329,3.609996666666667,1576067.500000000000000,5186135.666666666977108
154,855,2.243328888888889,2.253308267213862,3.257772222222223,1576224.111111111007631,5186141.666666666977108
154,857,2.279662500000000,2.323099463064295,3.722161666666667,1576448.166666666744277,5186164.083333333954215
155,289,215.190000000000026,4.361990000000000,218.455000000000013,1519616.000000000000000,5186084.000000000000000
155,738,20.579989999999999,0.467000000000000,25.590000000000003,1564501.000000000000000,5186085.000000000000000
155,772,12.196663333333332,0.989824350205198,13.416660000000000,1567997.000000000000000,5186084.666666667908430
155,844,2.029993000000000,2.282924745554036,3.408996000000001,1575150.300000000046566,5186055.200000000186265
155,848,1.653991428571429,2.183261186241938,3.862854285714286,1575547.714285714318976,5186038.714285713620484
155,853,2.092540909090909,2.083295223230941,3.366360000000000,1576052.454545454587787,5186039.727272727526724
156,597,77.946990000000000,0.598990000000000,91.446990000000000,1550409.000000000000000,5185930.999999999068677
156,735,21.049990000000001,0.648990000000000,26.389990000000001,1564256.000000000000000,5185957.000000000000000
156,781,8.354995000000002,1.462736525307797,9.729995000000001,1568860.500000000000000,5185982.500000000000000
156,842,2.217990000000000,1.727978700410397,3.695000000000000,1574966.500000000000000,5185957.666666666977108
156,843,2.241104444444444,2.256419378324973,3.634440000000000,1575038.777777777751908,5185951.333333333022892
156,845,1.798830000000000,1.720313700410397,3.168331666666667,1575263.500000000000000,5185950.000000000000000
156,846,1.673150526315790,2.394763416372669,3.094206315789474,1575350.842105263145640,5185941.789473684504628
156,856,2.024993333333333,2.131060875512996,3.216663333333333,1576390.833333333022892,5185946.833333333022892
156,859,2.235495000000000,2.327183629730962,3.525078333333333,1576655.750000000000000,5185954.666666666977108
157,735,20.165000000000003,0.578990000000000,26.030000000000001,1564208.000000000000000,5185863.000000000000000
157,740,18.488000000000003,0.342990000000000,22.930000000000003,1564736.000000000000000,5185856.000000000000000
157,755,16.118994000000001,2.063978440492476,18.053993999999999,1566244.199999999720603,5185846.000000000000000
157,756,16.161460666666667,2.212742643866849,17.667328000000001,1566334.066666666883975,5185858.533333333209157
157,758,14.867490000000000,1.416731525307797,16.349990000000002,1566524.000000000232831,5185872.500000000000000
157,759,15.699990000000000,0.308990000000000,16.489990000000002,1566669.000000000000000,5185874.000000000000000
157,844,1.758330000000000,2.151059208846329,2.693326666666667,1575162.000000000000000,5185879.666666666977108
157,848,1.625551111111111,2.253419378324973,3.001662777777778,1575568.666666666744277,5185836.944444444030523
157,849,1.602492500000000,1.932602287961696,2.927490000000000,1575616.500000000000000,5185830.000000000000000
157,856,2.126660000000000,1.727648700410397,3.403330000000000,1576352.000000000000000,5185807.666666666977108
157,858,2.036994545454545,2.088205223230941,3.267175454545455,1576567.090909090824425,5185844.000000000000000
158,341,195.287000000000006,0.226990000000000,215.447000000000031,1524894.000000000000000,5185793.000000000000000
158,754,16.841329999999999,1.031817683538532,17.859990000000000,1566127.666666666744277,5185733.666666666977108
158,757,15.188330000000001,1.771815367077063,16.706661666666665,1566427.833333333255723,5185733.000000000000000
158,758,15.519995000000002,0.239995000000000,16.239990000000002,1566546.000000000000000,5185792.000000000000000
158,779,9.729161666666668,2.140559208846329,10.789996666666667,1568669.500000000000000,5185724.166666666977108
158,845,1.539990000000000,0.224990000000000,3.009990000000000,1575265.000000000000000,5185761.000000000000000
158,851,1.584990000000000,1.386731525307797,3.534990000000001,1575886.000000000000000,5185787.500000000000000
158,854,1.712492500000000,1.939852287961696,3.107492500000000,1576145.250000000000000,5185767.500000000000000
158,858,1.947780714285714,2.351938547000195,2.843495000000000,1576541.285714285448194,5185762.500000000000000
159,530,113.087990000000005,3.012000000000000,125.317999999999998,1543709.000000000000000,5185685.000000000931323
159,752,16.902490000000000,1.410236525307797,18.109990000000003,1565984.000000000000000,5185691.000000000000000
159,753,16.944990000000001,0.330000000000000,17.940000000000001,1566007.000000000000000,5185679.999999999068677
159,757,16.499990000000000,0.300990000000000,16.999990000000000,1566451.000000000000000,5185605.000000000000000
159,758,15.760000000000002,0.372990000000000,16.510000000000002,1566598.000000000000000,5185691.000000000000000
159,847,0.740000000000000,0.092000000000000,2.369990000000000,1575500.000000000232831,5185608.000000000000000
159,848,1.169995000000000,1.336231525307797,2.544995000000000,1575503.000000000000000,5185649.500000000000000
159,857,1.880259333333333,2.203408643866849,2.917326666666667,1576436.733333333395422,5185666.400000000372529
159,858,1.752629090909091,2.310610955105086,2.937631818181819,1576552.272727272473276,5185645.454545455053449
159,859,1.560579166666667,2.321932796397629,3.103326666666667,1576660.666666666744277,5185635.583333333022892
160,521,109.225989999999996,3.851000000000000,128.705990000000014,1542890.000000000000000,5185583.000000000000000
160,537,102.279989999999998,0.177000000000000,120.734999999999999,1544497.000000000000000,5185563.000000000000000
160,701,29.520000000000003,0.760990000000000,38.310000000000002,1560803.000000000000000,5185586.000000000000000
160,738,20.295000000000002,0.601990000000000,23.139990000000001,1564569.000000000000000,5185508.000000000000000
160,747,17.719990000000003,0.400990000000000,20.329989999999999,1565450.000000000000000,5185592.000000000000000
160,752,16.569994999999999,1.397231525307797,18.504995000000001,1565948.000000000232831,5185509.500000000000000
160,754,16.243745000000001,2.229287669288646,17.741246250000000,1566131.000000000000000,5185531.375000000000000
160,755,16.329990000000002,0.282990000000000,16.959990000000001,1566282.000000000000000,5185566.000000000000000
160,757,14.942995000000002,1.460236525307797,16.770000000000003,1566475.500000000000000,5185587.000000000000000
160,762,14.317494999999999,1.387236525307797,15.929990000000000,1566962.000000000000000,5185550.500000000000000
160,810,3.384500000000000,1.315736525307797,4.535000000000000,1571765.000000000000000,5185535.000000000000000
160,856,1.682138571428572,2.193405471956224,2.912854285714286,1576366.142857142956927,5185570.857142857275903
160,859,1.775721818181818,2.086386132321850,3.266361818181818,1576635.363636363763362,5185526.363636363297701
161,756,15.899990000000001,0.307990000000000,16.700000000000003,1566381.000000000000000,5185406.000000000000000
161,758,15.579995000000000,1.429231525307797,16.989995000000000,1566571.000000000000000,5185477.500000000000000
161,768,12.747495000000001,1.359231525307797,14.254994999999999,1567598.000000000000000,5185477.500000000000000
161,832,1.287500000000000,1.344731525307797,1.704995000000000,1573968.000000000000000,5185467.500000000000000
161,833,1.417710000000000,1.833050750439710,2.665707142857144,1574037.571428571362048,5185424.142857142724097
161,854,1.664996250000000,1.655794406634747,2.777497500000000,1576163.625000000000000,5185461.375000000000000
161,857,1.896421428571429,2.177405471956224,2.849995714285714,1576466.571428571362048,5185448.714285714551806
161,858,1.771811818181818,2.303611864195996,3.079086363636364,1576554.727272727293894,5185460.272727272473276
161,860,1.724466470588235,2.248593279954937,3.486467647058824,1576748.470588234951720,5185432.235294116660953
162,714,27.280000000000001,1.171000000000000,31.790000000000003,1562152.000000000000000,5185336.000000000000000
162,837,2.485449090909091,2.309520955105086,4.608177272727274,1574453.272727272706106,5185359.727272728458047
162,838,2.240422142857143,2.011442396912253,4.259994285714286,1574566.714285714318976,5185367.142857142724097
163,592,82.716000000000022,0.552990000000000,93.017989999999998,1549904.000000000000000,5185255.000000000000000
163,685,35.330000000000005,0.493990000000000,46.020000000000003,1559263.000000000000000,5185244.000000000000000
163,727,25.120000000000001,0.680990000000000,27.840000000000003,1563471.000000000000000,5185206.000000000000000
163,794,3.447500000000001,1.530236525307797,4.814995000000000,1570188.000000000232831,5185280.500000000000000
163,813,3.160000000000000,0.115990000000000,4.079990000000000,1572098.000000000000000,5185236.000000000000000
163,859,1.219992000000000,2.045576440492476,3.561992000000000,1576637.399999999906868,5185238.400000000372529
163,860,1.321932500000000,2.101883103625171,3.460622500000000,1576738.187500000232831,5185271.812500000000000
164,552,102.156989999999993,3.436000000000000,114.647000000000006,1545928.000000000000000,5185155.000000000000000
164,737,19.760000000000002,0.296990000000000,23.649990000000003,1564469.000000000000000,5185132.000000000000000
164,820,2.269990000000000,0.184000000000000,2.940000000000000,1572748.000000000232831,5185136.000000000931323
164,838,2.674277142857143,2.191404043384796,4.329992857142857,1574564.571428571362048,5185127.000000000000000
164,853,0.939990000000000,0.767000000000000,2.329990000000000,1576002.000000000000000,5185115.000000000000000
164,857,1.362268181818182,2.308975500559632,3.145448181818182,1576465.636363636469468,5185145.636363636702299
164,858,1.184710000000000,1.858765036153996,3.229997142857143,1576537.857142857043073,5185151.428571428172290
164,868,0.711000000000000,0.086000000000000,2.651000000000000,1577596.000000000232831,5185186.000000000000000
165,296,201.494990000000030,4.427990000000001,212.774990000000031,1520354.000000000000000,5185096.000000000000000
165,543,102.698989999999995,3.766990000000000,117.873999999999995,1545008.000000000000000,5185095.000000000000000
165,707,25.360000000000003,0.813000000000000,35.259990000000002,1561402.000000000000000,5185086.000000000000000
165,851,0.779990000000000,0.203990000000000,1.659990000000000,1575847.000000000000000,5185086.000000000000000
166,800,4.042495000000000,1.289736525307798,4.280000000000001,1570796.500000000000000,5184981.000000000931323
166,826,3.109990000000000,0.143990000000000,3.450000000000000,1573398.000000000000000,5184996.000000000000000
166,835,1.476662222222222,2.259086044991640,3.222217777777778,1574243.444444444496185,5184956.222222222015262
166,839,2.378570000000000,2.308546900527653,4.537134285714286,1574614.000000000000000,5184938.714285714551806
167,721,22.372499999999999,1.623236525307797,29.994995000000003,1562851.500000000000000,5184870.000000000000000
167,723,24.322489999999998,0.747500000000000,28.639995000000003,1563061.000000000000000,5184831.500000000000000
167,801,3.857497500000000,2.021602287961696,4.262495000000001,1570869.000000000000000,5184850.750000000000000
167,826,1.259990000000000,0.119990000000000,1.980000000000000,1573398.000000000000000,5184806.000000000000000
167,835,1.536721818181818,1.866525854993160,3.349088181818182,1574256.818181817652658,5184832.909090909175575
167,841,0.245000000000000,1.400236525307797,1.034990000000000,1574898.000000000000000,5184855.500000000931323
167,861,2.067664444444445,2.003367928256574,3.511105555555555,1576845.777777777751908,5184828.666666666977108
168,675,39.319989999999997,0.679000000000000,51.340000000000003,1558280.000000000000000,5184760.000000000000000
168,697,29.219990000000003,0.920000000000000,40.349990000000005,1560473.000000000000000,5184796.000000000000000
168,720,23.315000000000005,0.733495000000000,30.539990000000003,1562734.500000000000000,5184764.500000000000000
168,721,24.180000000000003,0.561990000000000,30.309990000000003,1562806.000000000000000,5184783.999999999068677
168,737,21.709990000000001,0.730000000000000,23.760000000000002,1564417.000000000000000,5184795.000000000000000
168,823,1.337000000000000,0.067000000000000,3.279990000000000,1573098.000000000000000,5184736.000000000000000
168,826,1.473990000000000,0.134000000000000,2.920000000000000,1573347.999999999767169,5184736.000000000000000
168,834,1.350000000000000,0.356990000000000,1.419990000000000,1574108.000000000232831,5184726.000000000000000
168,835,0.911666666666667,1.729648700410397,2.653326666666667,1574247.666666666744277,5184744.333333333022892
168,840,1.436245000000000,1.941854787961696,3.099997500000000,1574755.750000000000000,5184728.750000000000000
168,841,1.119993333333333,0.896484350205198,2.533326666666667,1574873.666666666744277,5184737.666666666977108
168,845,0.243332222222222,2.252641600547195,1.609993333333333,1575233.333333333488554,5184754.111111111007631
168,863,2.070995000000000,2.283425745554035,3.285997000000001,1577030.800000000046566,5184739.400000000372529
169,571,91.150000000000006,9.312989999999999,104.334990000000005,1547878.000000000000000,5184662.000000000000000
169,721,21.644990000000000,1.706236525307797,29.784994999999999,1562859.000000000000000,5184652.000000000000000
169,724,22.760000000000002,0.656000000000000,28.549990000000001,1563102.000000000000000,5184686.000000000000000
169,741,18.110000000000003,0.623000000000000,21.930000000000003,1564889.000000000000000,5184659.000000000000000
169,811,4.137492500000000,2.044852287961696,5.547495000000002,1571861.750000000000000,5184646.000000000000000
169,845,0.560495000000000,1.908728537961696,1.538743750000000,1575257.000000000000000,5184641.000000000000000
170,723,23.760000000000002,0.927990000000000,28.659990000000004,1563009.000000000000000,5184540.000000000000000
170,811,4.869990000000000,0.335990000000000,5.440000000000000,1571884.000000000232831,5184546.000000000000000
170,812,4.956660000000000,1.818645367077064,5.203323333333334,1571943.333333333255723,5184529.000000000000000
170,842,1.167810909090909,2.079021586867305,2.163628181818182,1574952.181818182114512,5184551.090909090824425
170,859,2.660660000000000,0.975817683538532,3.849990000000001,1576659.000000000000000,5184562.666666666977108
171,843,1.079990000000000,1.332231525307797,1.864995000000000,1575072.000000000000000,5184473.000000000000000
172,811,3.599990000000000,0.744000000000000,4.469990000000000,1571871.000000000000000,5184342.000000000000000
172,812,2.224990000000000,1.003990000000000,4.809990000000000,1571971.999999999767169,5184321.000000000000000
172,843,0.935832222222222,2.123727542179662,2.702215555555556,1575042.388888888992369,5184335.888888888992369
172,866,1.825990000000000,0.119000000000000,3.023000000000000,1577389.000000000000000,5184312.000000000000000
173,714,20.389990000000001,0.851000000000000,32.220000000000006,1562167.000000000000000,5184291.000000000000000
173,762,14.220000000000001,1.789312033743730,16.023330000000001,1566950.666666666511446,5184259.000000000000000
173,798,3.904990000000000,0.568000000000000,6.250000000000002,1570549.000000000000000,5184279.000000000000000
173,827,-0.375000000000000,0.070500000000000,1.634990000000000,1573445.500000000000000,5184243.500000000000000
173,842,1.618323333333334,2.123727542179662,3.423330000000000,1574949.000000000000000,5184257.666666666977108
173,846,0.432854285714286,2.185976900527653,1.849994285714286,1575328.000000000000000,5184254.285714285448194
173,848,-0.030000000000000,1.384731525307797,1.330000000000000,1575535.000000000000000,5184223.500000000000000
173,853,-0.116665000000000,2.179559208846329,1.451663333333334,1576076.500000000000000,5184260.166666666977108
173,865,2.001992000000000,2.054376440492476,3.527996000000000,1577257.800000000046566,5184256.199999999254942
174,764,14.332996666666666,1.093154350205198,15.743326666666668,1567136.666666666744277,5184146.666666666977108
174,770,12.193495000000000,1.383236525307797,14.359990000000002,1567784.500000000000000,5184191.000000000000000
174,838,1.819000000000000,0.173990000000000,3.539990000000000,1574540.000000000232831,5184165.000000000000000
174,859,2.239992857142858,2.177118329099081,3.714282857142857,1576667.000000000000000,5184171.285714285448194
175,794,4.249995000000000,1.540236525307797,6.354995000000002,1570181.000000000000000,5184081.500000000000000
175,842,1.141661666666667,2.167225875512996,3.236660000000000,1574970.333333333255723,5184061.666666666977108
175,850,-1.226663333333333,1.841645367077063,0.806663333333333,1575777.333333333488554,5184022.333333333022892
175,855,1.058707142857143,1.835049321868282,2.962850000000000,1576254.428571428637952,5184077.285714285448194
175,857,1.539997142857143,2.181834043384796,3.402852857142857,1576469.285714285448194,5184026.428571428172290
176,776,9.755000000000001,0.439990000000000,11.760000000000002,1568350.000000000000000,5183937.000000000000000
176,791,4.420000000000000,0.100000000000000,4.789990000000000,1569849.000000000000000,5183937.000000000000000
176,829,-0.126250000000000,1.931354787961696,1.414997500000000,1573651.500000000000000,5183942.750000000000000
176,846,0.115000000000000,1.343731525307797,1.069995000000000,1575392.500000000000000,5183966.500000000000000
176,849,0.247495000000000,1.326736525307797,1.149990000000000,1575624.500000000000000,5183971.500000000000000
177,795,5.261994000000000,1.584081830369357,6.287996000000002,1570240.800000000046566,5183870.000000000000000
177,835,1.160996000000000,1.585481830369357,3.133994000000000,1574236.199999999720603,5183833.000000000000000
177,843,0.147495625000000,2.377505359952120,2.193116875000000,1575054.187500000000000,5183856.000000000931323
177,846,0.029995000000000,1.431731525307797,1.679995000000000,1575330.000000000000000,5183842.500000000000000
177,850,0.046660000000000,1.729312033743730,1.056656666666667,1575769.333333333488554,5183833.666666666977108
177,857,1.696867500000000,1.930354787961696,2.846245000000001,1576460.875000000000000,5183826.250000000000000
178,611,66.203000000000003,2.898000000000000,81.407990000000012,1551826.000000000000000,5183766.000000000000000
178,773,11.960000000000001,0.381000000000000,13.619990000000000,1568011.000000000000000,5183767.000000000000000
178,775,11.012497500000000,1.953854787961696,12.602494999999999,1568257.250000000000000,5183728.750000000000000
178,789,5.191992000000002,2.029178440492476,6.379996000000000,1569668.600000000093132,5183729.000000000000000
178,796,5.034995000000000,1.465231525307797,5.949995000000002,1570316.000000000232831,5183750.000000000000000
178,828,0.469995000000000,1.344731525307797,1.494995000000000,1573529.000000000000000,5183772.500000000000000
178,829,0.189995000000000,1.370736525307797,1.569995000000000,1573658.000000000000000,5183791.500000000000000
178,842,0.584810000000000,2.079696228625171,2.079995625000000,1574956.125000000000000,5183756.125000000000000
179,759,13.770000000000000,0.386990000000000,16.610000000000003,1566611.000000000000000,5183657.000000000000000
179,790,5.457138571428572,2.168975471956224,6.258564285714286,1569771.285714285681024,5183658.000000000000000
179,816,3.440000000000000,1.313231525307797,5.214995000000000,1572347.500000000000000,5183691.500000000000000
179,828,0.349990000000000,0.248990000000000,1.299990000000000,1573555.000000000000000,5183600.000000000931323
179,832,-0.197500000000000,1.374736525307797,0.949990000000000,1573958.000000000000000,5183678.500000000000000
179,840,0.576663333333333,2.140225875512996,3.151665000000000,1574780.666666666744277,5183646.833333333022892
179,852,0.589990000000000,0.092000000000000,0.970000000000000,1575997.000000000000000,5183687.000000000000000
180,309,190.975989999999996,4.482990000000000,203.600989999999996,1521690.000000000000000,5183559.000000000000000
180,615,63.402000000000008,1.458990000000000,78.671990000000022,1552286.000000000000000,5183586.000000000000000
180,770,13.874995000000002,1.558736525307797,15.409995000000002,1567724.000000000232831,5183502.500000000000000
180,816,3.406656666666667,1.758982033743730,4.846656666666668,1572308.666666666744277,5183530.333333333022892
180,829,0.001247500000000,1.417984025307797,1.272492500000000,1573677.250000000232831,5183559.750000000000000
180,833,-0.393323333333333,1.837312033743730,0.496660000000000,1574060.000000000232831,5183581.333333333022892
180,836,0.176662222222222,2.259641600547196,2.004438888888889,1574365.222222222248092,5183539.333333333022892
180,839,-0.284995000000000,1.349236525307797,1.100000000000000,1574621.000000000000000,5183528.499999999068677
180,840,0.378330000000000,1.733645367077063,2.149990000000000,1574752.000000000000000,5183527.666666666977108
180,848,-0.651663333333333,1.734315367077063,1.139990000000000,1575538.000000000000000,5183571.000000000000000
180,856,1.354995000000000,1.355731525307797,1.950000000000000,1576387.999999999767169,5183541.500000000000000
180,859,1.395875294117647,2.236534456425525,2.659997647058824,1576663.117647058796138,5183546.117647059261799
181,607,60.464000000000006,2.776000000000000,82.963990000000010,1551475.000000000000000,5183487.000000000000000
181,781,8.687495000000000,1.951604787961696,9.714992499999999,1568845.500000000000000,5183469.000000000000000
181,790,5.941198000000002,1.569681830369357,7.137996000000002,1569761.800000000046566,5183436.400000000372529
181,793,5.505660000000000,0.913821016871865,6.219993333333334,1570071.333333333255723,5183418.666666666045785
181,794,5.197495000000000,1.937602287961696,6.199995000000000,1570154.749999999767169,5183485.000000000000000
181,806,3.679997500000000,1.945604787961696,4.249992500000001,1571345.000000000000000,5183429.500000000000000
181,810,3.890000000000000,0.214000000000000,5.010000000000002,1571704.000000000000000,5183443.000000000000000
181,811,3.079995000000000,1.401236525307797,5.024995000000002,1571842.000000000000000,5183442.500000000931323
181,818,1.769995000000000,1.665236525307797,3.900000000000000,1572574.000000000000000,5183483.500000000000000
181,821,1.019995000000000,1.375736525307797,2.720000000000000,1572898.500000000000000,5183400.499999999068677
181,829,0.064995000000000,1.407231525307797,1.460000000000000,1573690.500000000000000,5183434.500000000000000
181,832,-0.405000000000000,1.429731525307797,0.869990000000000,1573909.000000000000000,5183476.500000000000000
181,833,-0.179995000000000,1.338236525307798,0.764990000000000,1574081.000000000000000,5183469.499999999068677
181,838,-0.339996923076923,2.169167965905503,1.169223846153846,1574555.000000000000000,5183444.076923076994717
181,845,-0.399996666666667,1.731982033743730,1.479996666666667,1575244.333333333255723,5183462.666666666977108
181,854,-0.020000000000000,1.364236525307798,1.074995000000000,1576119.000000000000000,5183469.499999999068677
181,855,0.779990000000000,0.201000000000000,1.309990000000000,1576261.000000000000000,5183400.000000000000000
181,863,1.249828333333333,1.733645367077063,2.466665000000000,1577060.833333333255723,5183447.666666666977108
182,628,56.256000000000007,2.308000000000000,71.596000000000004,1553505.000000000000000,5183386.000000000000000
182,687,28.950000000000003,1.100000000000000,45.130000000000003,1559481.000000000000000,5183385.000000000000000
182,784,7.620108888888890,2.254197156102751,8.896661111111111,1569174.888888888992369,5183365.888888888992369
182,787,6.975079166666668,2.124560042179662,8.153328333333334,1569446.416666666744277,5183368.833333333022892
182,789,5.984990000000000,1.954102287961696,7.672492500000002,1569648.000000000000000,5183342.750000000000000
182,813,3.864424285714286,1.852480750439710,4.795711428571430,1572068.857142857275903,5183347.714285714551806
182,821,1.587495000000000,1.562231525307797,2.795000000000000,1572893.000000000000000,5183376.500000000000000
182,834,-0.327490000000000,1.324236525307798,0.694990000000000,1574132.500000000000000,5183360.500000000000000
182,847,-0.699995000000000,1.488731525307797,1.014990000000000,1575481.000000000000000,5183322.000000000000000
182,848,0.043994000000000,2.044378440492476,1.378000000000000,1575564.600000000093132,5183335.200000000186265
182,849,0.033236470588235,2.245416809366701,1.591170588235294,1575654.176470588194206,5183338.058823528699577
182,850,-0.166250000000000,2.258412669288645,1.458745000000000,1575757.500000000000000,5183352.125000000000000
182,853,0.164995000000000,1.964102287961696,1.274997500000000,1576051.000000000000000,5183342.000000000000000
182,856,-0.247500000000000,1.428231525307798,1.074990000000000,1576313.500000000000000,5183337.500000000000000
182,858,0.030003333333333,1.766312033743730,1.966663333333333,1576529.666666666744277,5183336.000000000000000
183,608,65.139990000000012,3.888000000000000,82.714990000000000,1551531.000000000000000,5183215.000000000000000
183,638,51.680000000000007,2.539000000000000,67.620000000000005,1554539.000000000000000,5183216.000000000931323
183,777,10.867496250000000,2.228538919288646,12.037497500000001,1568436.750000000000000,5183254.500000000000000
183,795,5.127137142857144,2.220834043384796,6.344277142857144,1570250.857142857043073,5183246.142857142724097
183,813,2.854995000000001,1.386236525307798,4.475000000000002,1572011.000000000000000,5183256.500000000000000
183,815,2.736247500000000,1.966604787961696,4.397495000000000,1572262.000000000000000,5183257.250000000000000
183,816,2.496242500000000,1.657169406634747,4.592496250000000,1572339.750000000000000,5183258.500000000000000
183,821,1.272495000000000,1.659736525307797,2.465000000000000,1572896.000000000000000,5183221.500000000000000
183,828,0.139995000000000,1.425736525307797,2.164990000000000,1573561.000000000000000,5183233.000000000000000
183,830,-0.412490000000000,1.394731525307797,1.434995000000000,1573728.500000000000000,5183200.500000000000000
183,832,-1.174995000000000,1.456231525307797,0.904995000000000,1573933.000000000000000,5183259.000000000000000
183,839,-0.059995000000000,1.383731525307797,1.374995000000000,1574637.500000000000000,5183254.500000000000000
183,844,-0.572505000000000,1.317236525307797,1.299995000000000,1575128.500000000000000,5183212.500000000000000
183,845,0.224610769230769,1.984747731242765,1.451533846153846,1575257.923076923005283,5183220.076923076994717
183,846,-0.058409090909091,2.305975046014177,1.414996363636364,1575349.000000000000000,5183256.318181818351150
183,850,0.121123750000000,2.225475794288645,1.623121250000000,1575748.687500000000000,5183243.437500000000000
183,851,0.309121250000000,1.631294406634747,1.543743750000000,1575872.750000000000000,5183257.250000000000000
184,576,70.289000000000001,0.020990000000000,98.033990000000003,1548375.000000000000000,5183199.000000000000000
184,644,49.569989999999997,1.041000000000000,64.999990000000011,1555121.000000000000000,5183153.000000000000000
184,691,27.145990000000001,0.333000000000000,42.970000000000006,1559803.000000000000000,5183187.000000000000000
184,740,19.420000000000002,0.377000000000000,21.170000000000002,1564701.000000000000000,5183187.000000000000000
184,768,11.574990000000000,0.149000000000000,13.180000000000000,1567560.000000000000000,5183146.999999999068677
184,784,8.687391999999999,2.089978440492476,9.589994000000001,1569121.800000000046566,5183153.400000000372529
184,814,2.704854285714286,1.857766464725425,3.944282857142857,1572181.571428571362048,5183158.857142857275903
184,816,2.617720000000000,2.311338227832359,4.559993636363638,1572348.727272727293894,5183157.636363636702299
184,818,1.672663333333333,1.726982033743730,2.916660000000000,1572565.333333333255723,5183138.333333333022892
184,834,-0.685000000000000,1.351231525307797,0.825000000000000,1574122.000000000000000,5183152.000000000931323
184,840,-0.047598000000000,2.083711107159143,1.222662000000000,1574738.733333333395422,5183146.133333333767951
184,842,-0.120000000000000,1.372731525307797,1.494995000000000,1574979.999999999767169,5183157.000000000931323
184,845,-0.111250000000000,2.232725794288645,1.369368750000000,1575248.625000000000000,5183140.750000000000000
184,846,-0.140003333333333,1.773648700410397,1.323330000000000,1575316.333333333255723,5183163.000000000000000
184,863,0.766796000000000,1.569481830369357,1.999994000000000,1577044.800000000046566,5183171.200000000186265
185,577,80.236990000000006,4.254000000000000,97.296989999999994,1548407.000000000000000,5183086.000000000000000
185,789,6.566330000000002,0.950487683538532,7.903333333333334,1569658.666666666744277,5183042.333333333022892
185,799,5.046192000000000,1.103987220246238,6.363992000000002,1570633.800000000046566,5183042.599999999627471
185,802,4.864496250000000,1.923728537961696,5.849995000000002,1570932.500000000000000,5183027.750000000000000
185,808,3.121245000000000,2.234288919288645,4.039993750000000,1571569.750000000000000,5183055.000000000000000
185,810,3.562146153846154,2.162246427443965,4.496920000000001,1571761.076923076994717,5183022.384615384973586
185,811,3.094995000000000,2.190560875512995,4.663330000000000,1571868.833333333255723,5183045.833333333022892
185,813,2.955830000000000,2.164892542179663,4.199993333333333,1572069.666666666744277,5183063.833333333022892
185,816,2.372492500000000,2.040354787961696,4.109990000000000,1572362.500000000000000,5183055.000000000000000
185,824,1.415000000000000,1.337736525307797,3.364990000000001,1573138.000000000000000,5183009.500000000000000
185,830,-0.787495000000000,1.385231525307797,1.595000000000000,1573734.500000000000000,5183036.500000000000000
185,832,-0.769995000000000,1.398736525307798,1.254990000000000,1573957.000000000000000,5183046.500000000000000
185,841,0.367138571428571,1.873622179011139,1.689995714285714,1574862.571428571362048,5183065.285714285448194
185,842,0.140000000000000,0.476000000000000,1.350000000000000,1574993.000000000000000,5183096.000000000000000
185,849,0.605000000000000,1.436731525307798,1.569995000000000,1575658.000000000000000,5183098.500000000000000
186,577,76.212990000000005,2.973000000000000,96.611000000000004,1548423.000000000000000,5182985.000000000000000
186,780,8.468830000000002,1.723645367077063,10.464995000000000,1568725.833333333255723,5182948.833333333022892
186,783,8.463992000000003,2.065178440492476,10.531992000000001,1569050.199999999953434,5182934.200000000186265
186,784,8.307359090909092,2.111477950503668,10.192721818181820,1569150.636363636469468,5182946.818181818351150
186,803,4.206328333333335,1.719147033743730,5.409993333333334,1571018.333333333255723,5182953.000000000000000
186,822,1.766660000000000,1.892648700410396,2.959996666666667,1572951.000000000000000,5182956.000000000000000
186,831,-0.994990000000000,1.368731525307797,1.069990000000000,1573808.000000000000000,5182922.500000000000000
186,836,0.401998000000000,1.610081830369357,2.031994000000000,1574363.199999999953434,5182957.000000000000000
186,841,-0.080000000000000,1.759980367077063,1.279995000000000,1574848.333333333255723,5182972.666666666977108
186,843,0.318714285714286,1.583411743208911,1.304281428571429,1575058.714285714551806,5182941.000000000000000
186,857,0.134500000000000,0.197000000000000,1.554990000000000,1576455.000000000000000,5182975.000000000000000
187,651,45.115000000000002,2.312000000000000,61.630000000000003,1555882.000000000000000,5182809.000000000000000
187,682,31.610000000000003,0.305990000000000,46.849990000000005,1558903.000000000000000,5182887.000000000000000
187,763,12.252492500000001,1.930102287961696,13.374997499999999,1567022.000000000000000,5182840.500000000000000
187,777,9.407500000000001,1.300231525307797,10.544995000000000,1568494.000000000000000,5182825.500000000000000
187,784,8.317784210526316,2.158503621571027,10.415785789473684,1569149.315789473708719,5182843.947368420660496
187,788,7.440495000000000,1.383736525307797,8.207495000000000,1569564.500000000000000,5182852.000000000000000
187,800,4.835796000000000,1.565081830369357,6.379992000000002,1570730.000000000000000,5182873.000000000000000
187,814,2.750798000000001,1.848630135430916,4.024995000000002,1572147.600000000093132,5182866.700000000186265
187,816,1.902491666666667,2.216225875512996,4.093328333333333,1572358.000000000000000,5182838.666666666977108
187,819,1.412497500000000,1.995352287961696,3.229997500000000,1572616.000000000000000,5182849.250000000931323
187,830,0.509990000000000,0.263000000000000,1.600000000000000,1573712.000000000000000,5182799.999999999068677
187,832,-1.045000000000000,1.377231525307797,1.014990000000000,1573998.500000000000000,5182857.500000000000000
187,834,-0.523326666666667,1.747648700410396,1.406656666666667,1574183.000000000000000,5182817.333333333022892
187,839,-0.099165000000000,2.179060875512996,1.519995000000000,1574654.500000000000000,5182859.666666666977108
187,840,-0.270383076923077,2.330282815952857,1.310762307692308,1574730.153846153756604,5182857.692307692021132
187,841,-0.664002000000000,2.029978440492476,1.137998000000000,1574868.800000000046566,5182841.599999999627471
187,849,1.549661111111111,2.001477928256574,4.167772222222222,1575654.555555555503815,5182829.000000000000000
187,862,-0.504992500000000,1.941602287961696,0.764995000000000,1576922.500000000000000,5182823.250000000000000
187,867,0.090755000000000,1.919104787961696,1.122242500000000,1577448.250000000000000,5182858.000000000000000
188,698,22.969990000000003,0.884990000000000,38.970000000000006,1560503.000000000000000,5182705.000000000000000
188,763,11.855993333333336,1.718648700410396,13.296663333333337,1567043.000000000000000,5182753.333333333022892
188,771,10.260000000000002,1.927102287961696,11.664994999999999,1567884.750000000000000,5182766.750000000000000
188,788,7.491993000000002,2.304925745554036,9.374993000000000,1569553.199999999953434,5182736.299999999813735
188,790,6.517996000000002,2.071378440492476,7.597996000000000,1569753.800000000046566,5182731.200000000186265
188,799,5.888568571428572,2.198118329099081,7.395710000000000,1570646.571428571362048,5182755.857142857275903
188,805,3.408121875000000,2.217038919288645,4.003119375000000,1571263.687499999767169,5182757.875000000000000
188,829,0.688995000000000,2.290725745554036,2.757995000000000,1573673.699999999953434,5182744.299999998882413
188,830,-0.424995000000000,1.392731525307797,1.699995000000000,1573713.000000000000000,5182733.499999999068677
188,831,-0.979990000000000,1.387236525307797,0.954995000000000,1573870.500000000000000,5182759.500000000000000
188,836,-0.004004000000000,2.054576440492476,1.351996000000000,1574360.399999999906868,5182737.000000000000000
188,840,-0.025856428571428,2.180976186241938,1.391424285714286,1574729.071428571129218,5182733.499999999068677
188,841,0.035999000000000,2.278224745554035,1.250995000000000,1574859.800000000279397,5182735.299999999813735
188,860,0.029990000000000,0.321000000000000,1.450000000000000,1576757.000000000000000,5182790.000000000000000
189,644,48.180000000000007,0.179000000000000,61.680000000000007,1555105.000000000000000,5182677.000000000931323
189,657,41.294990000000006,1.644990000000000,59.840000000000003,1556407.000000000000000,5182601.000000000000000
189,658,41.091990000000003,0.819990000000000,57.150000000000006,1556594.000000000000000,5182663.000000000000000
189,666,37.310000000000002,0.509990000000000,53.110000000000007,1557303.000000000000000,5182634.999999999068677
189,673,34.599990000000005,0.307990000000000,50.200000000000003,1558024.000000000000000,5182627.000000000000000
189,786,7.605548888888888,2.269198267213862,9.806662222222222,1569345.777777777751908,5182659.666666666977108
189,792,6.133831666666668,1.729812033743729,7.346661666666668,1569945.166666666977108,5182661.000000000000000
189,810,2.831992500000000,1.927354787961696,4.047495000000002,1571727.000000000000000,5182630.750000000000000
189,815,2.189097000000000,2.061176440492476,4.258995000000002,1572263.899999999906868,5182635.200000000186265
189,830,-0.143998000000000,2.178776440492476,1.863990000000000,1573750.399999999906868,5182647.400000000372529
189,837,-0.165666000000000,2.367107513907889,1.303328666666667,1574426.133333333302289,5182651.799999999813735
189,839,0.038999000000000,2.306825745554036,1.498992000000000,1574672.600000000093132,5182645.799999998882413
189,849,1.199996666666667,1.739648700410396,2.489996666666667,1575641.000000000000000,5182629.666666666977108
189,856,0.419995000000000,1.355231525307797,2.425000000000000,1576350.000000000000000,5182694.500000000000000
190,278,192.291000000000054,3.733990000000000,206.759989999999988,1518520.000000000000000,5182587.000000000000000
190,670,36.874989999999997,0.865000000000000,50.959990000000005,1557762.000000000000000,5182509.000000000000000
190,778,8.664495000000002,2.113226708846329,9.905828333333334,1568549.166666666744277,5182550.416666666977108
190,793,5.774438888888890,2.290419378324973,7.929995555555556,1570046.888888888992369,5182551.444444444030523
190,802,4.334163333333334,1.724312033743730,6.068326666666668,1570929.666666666744277,5182545.666666666977108
190,806,3.583656666666667,1.702312033743730,3.996663333333334,1571385.000000000000000,5182535.666666666977108
190,825,0.688245000000000,1.346734025307797,2.124995000000000,1573250.500000000000000,5182572.750000000000000
190,831,-0.197998000000000,2.065578440492476,1.943998000000000,1573828.600000000093132,5182562.599999999627471
190,832,-0.849995000000000,1.375236525307797,1.184995000000000,1573923.000000000000000,5182569.500000000000000
190,834,-0.779995000000000,1.381736525307797,1.374995000000000,1574101.000000000000000,5182592.500000000000000
190,837,-0.449228461538462,1.998670808165842,1.172299230769231,1574439.461538461269811,5182568.769230769015849
190,838,-0.315005000000000,1.358231525307797,1.350000000000000,1574567.000000000000000,5182555.500000000000000
190,860,0.180330000000000,0.957491016871865,1.303323333333333,1576745.666666666744277,5182526.666666666977108
190,873,0.571993333333333,1.019154350205198,1.698666666666667,1578032.666666666744277,5182539.666666666977108
191,570,75.129990000000006,0.794000000000000,98.989990000000006,1547787.000000000000000,5182426.000000000000000
191,681,31.274990000000003,0.317990000000000,45.680000000000007,1558844.000000000232831,5182427.000000000000000
191,746,15.302194000000000,1.648483830369357,17.543994000000005,1565316.600000000093132,5182423.400000000372529
191,763,12.171659999999999,1.709312033743730,13.323323333333336,1567088.333333333255723,5182489.666666666977108
191,779,7.864995000000000,1.316236525307797,9.269995000000002,1568636.000000000232831,5182476.500000000000000
191,788,7.323994000000002,1.609081830369357,9.183998000000001,1569522.399999999906868,5182459.000000000000000
191,794,6.241710000000000,1.842193607582568,7.785712857142858,1570121.142857142956927,5182466.142857142724097
191,800,5.705710000000002,2.229261186241938,6.879992857142858,1570754.428571428637952,5182458.142857141792774
191,802,4.780905454545456,2.306066409650541,5.848178181818182,1570964.818181817885488,5182429.636363636702299
191,818,1.509424285714286,1.853622179011139,3.191424285714286,1572525.857142857043073,5182463.714285714551806
191,823,0.811000000000000,0.207490000000000,3.604995000000000,1573063.500000000000000,5182404.000000000000000
191,833,-0.159990000000000,0.289000000000000,1.190000000000000,1574028.000000000232831,5182404.000000000000000
191,834,-0.880000000000000,1.379731525307797,1.319995000000000,1574131.500000000000000,5182408.499999999068677
191,836,-0.584995000000000,1.355231525307797,1.644990000000000,1574334.500000000000000,5182426.500000000000000
191,848,1.392996000000000,2.051376440492476,2.747994000000000,1575549.399999999906868,5182459.200000000186265
191,864,-0.589995000000000,1.351231525307797,0.474990000000000,1577144.000000000000000,5182450.500000000931323
191,866,-0.460000000000000,0.463990000000000,0.270000000000000,1577320.000000000000000,5182472.000000000000000
191,867,-0.235663333333333,1.777315367077063,0.532660000000000,1577486.333333333255723,5182479.666666666977108
191,868,-0.288495000000000,1.963604787961696,0.413995000000000,1577511.000000000000000,5182461.500000000000000
191,869,0.192194000000000,1.638481830369357,1.324392000000000,1577669.399999999906868,5182467.599999999627471
191,871,0.386990000000000,0.351990000000000,1.057000000000000,1577880.000000000000000,5182401.000000000000000
192,644,46.345000000000006,2.052990000000000,62.209990000000005,1555168.000000000000000,5182338.000000000000000
192,677,32.769000000000005,0.596000000000000,47.610000000000007,1558494.000000000000000,5182387.000000000000000
192,691,24.922000000000001,0.280990000000000,40.959990000000005,1559883.000000000000000,5182337.000000000000000
192,770,9.929990000000000,1.927354787961696,10.984995000000000,1567793.000000000000000,5182381.250000000000000
192,775,8.601398000000000,1.055787220246238,9.531998000000000,1568283.800000000279397,5182323.000000000000000
192,777,8.677492500000001,1.986354787961696,9.942494999999999,1568460.750000000000000,5182351.750000000000000
192,797,5.452495000000002,0.203490000000000,6.869990000000000,1570403.000000000000000,5182394.000000000000000
192,802,4.748922857142858,2.360367832714481,5.763567142857144,1570956.928571428637952,5182354.000000000000000
192,804,4.165995000000001,2.279724745554036,4.857992000000000,1571160.800000000046566,5182330.800000000745058
192,813,2.898567142857143,1.867622179011139,4.285707142857144,1572075.428571428637952,5182332.857142857275903
192,831,0.521993750000000,1.948727287961696,1.907492500000000,1573872.375000000000000,5182324.625000000000000
192,839,0.370000000000000,0.187990000000000,1.590000000000000,1574674.000000000000000,5182300.000000000000000
192,854,-0.105000000000000,1.375236525307797,2.700000000000000,1576128.000000000000000,5182377.500000000000000
192,860,-0.529577500000000,2.146476708846329,1.413329166666667,1576755.416666666744277,5182347.750000000000000
193,797,5.689996666666668,1.739982033743730,6.413326666666668,1570431.333333333255723,5182250.999999999068677
193,800,5.171217777777780,1.990145706034352,6.572217777777778,1570740.888888888992369,5182263.444444444030523
193,803,4.470893000000000,2.038177440492476,5.293996000000002,1571064.199999999953434,5182259.500000000000000
193,813,2.892138571428572,2.187404043384796,4.162852857142857,1572032.428571428637952,5182238.571428571827710
193,827,0.504990000000000,2.078778440492476,2.387992000000000,1573437.000000000000000,5182217.400000000372529
193,842,0.866990000000000,0.156495000000000,1.540000000000000,1574916.500000000000000,5182281.000000000000000
193,846,1.518995000000000,1.342484025307797,4.784997500000000,1575385.500000000000000,5182275.750000000931323
193,847,1.878328333333333,2.135392542179662,3.869995000000000,1575465.666666666744277,5182260.666666666977108
193,855,1.082993333333333,1.023154350205198,3.153330000000000,1576238.000000000000000,5182226.000000000000000
193,858,-0.521996000000000,2.086776440492476,1.377994000000000,1576554.199999999953434,5182252.599999999627471
193,859,-0.372776111111111,2.161394208846329,1.338326666666667,1576647.500000000000000,5182234.388888888992369
193,867,-0.842490000000000,1.456231525307797,0.330000000000000,1577438.000000000000000,5182239.500000000000000
193,870,-0.270495000000000,1.363236525307797,1.152000000000000,1577730.500000000000000,5182266.500000000000000
194,645,45.119990000000001,2.028000000000000,61.159990000000008,1555229.000000000000000,5182140.000000000000000
194,657,40.630000000000003,1.835990000000000,57.659990000000008,1556491.000000000000000,5182189.000000000000000
194,691,24.069990000000001,1.294000000000000,40.319989999999997,1559885.000000000000000,5182179.000000000000000
194,751,12.994990000000000,0.273990000000000,15.079990000000000,1565891.000000000000000,5182107.000000000000000
194,770,9.778496666666667,2.130560042179662,10.939997500000002,1567731.833333333255723,5182135.916666666977108
194,776,8.538747500000001,1.329981525307797,9.525000000000000,1568349.750000000000000,5182195.000000000000000
194,791,6.265000000000002,1.356736525307797,7.684995000000002,1569865.000000000000000,5182172.000000000000000
194,800,5.052500000000000,1.900352287961696,5.894997500000002,1570792.500000000000000,5182115.500000000000000
194,804,4.805876470588236,2.378856400579384,5.473522941176472,1571160.647058823611587,5182156.764705883339047
194,808,3.889997500000000,1.958354787961696,4.494995000000001,1571540.750000000000000,5182133.000000000931323
194,809,3.194990000000000,1.735645367077063,4.223326666666667,1571671.000000000000000,5182133.000000000931323
194,819,1.479137142857143,1.876765036153996,3.759998571428572,1572639.142857142956927,5182140.285714285448194
194,824,1.196998000000000,2.294725745554035,3.352998000000000,1573161.199999999953434,5182154.299999999813735
194,832,-0.053334444444444,2.276420489436084,1.597772222222222,1573936.666666666744277,5182137.444444443099201
194,834,-0.249280000000000,2.195119757670510,1.704284285714286,1574120.714285714318976,5182144.428571428172290
194,836,0.056252500000000,1.935354787961696,1.749995000000000,1574347.250000000000000,5182131.500000000000000
194,850,1.737495000000000,1.358231525307797,2.710000000000000,1575755.000000000000000,5182121.500000000000000
194,854,0.996247500000000,1.965852287961696,3.127495000000000,1576175.750000000000000,5182162.500000000931323
194,861,-0.116990000000000,0.166990000000000,1.679990000000000,1576817.000000000000000,5182196.000000000000000
194,864,-0.259990000000000,0.354000000000000,0.759990000000000,1577174.000000000000000,5182171.000000000000000
194,870,0.039500000000000,1.332231525307797,1.121995000000000,1577800.000000000000000,5182116.500000000000000
195,628,52.159990000000008,2.082000000000000,70.109999999999999,1553532.000000000232831,5182028.000000000000000
195,654,42.279990000000005,1.095000000000000,56.750000000000007,1556140.000000000232831,5182075.000000000000000
195,679,31.889990000000001,0.963990000000000,45.659990000000001,1558674.000000000000000,5182017.000000000000000
195,683,27.906990000000004,0.411000000000000,43.830000000000005,1559075.000000000000000,5182002.000000000000000
195,775,8.489993333333334,2.117227542179662,9.936661666666668,1568249.333333333488554,5182055.833333333954215
195,794,5.347995000000002,1.327736525307798,7.715000000000002,1570186.500000000000000,5182019.000000000000000
195,800,4.985996000000000,2.047378440492476,5.805994000000000,1570773.600000000093132,5182041.799999999813735
195,803,5.290412500000000,2.324016963064296,5.924994166666668,1571054.000000000000000,5182069.000000000931323
195,814,2.665745000000000,1.396734025307797,4.819992500000002,1572153.750000000000000,5182038.500000000000000
195,819,1.473118750000000,2.372505359952120,3.724993125000000,1572650.437500000000000,5182042.437500000000000
195,820,0.990990000000000,0.407000000000000,3.119990000000000,1572770.000000000000000,5182002.000000000000000
195,821,1.294438888888889,2.258642711658307,3.124436666666667,1572842.555555555503815,5182056.888888888992369
195,829,-0.168127500000000,2.244913919288646,1.722496250000000,1573640.750000000000000,5182070.500000000000000
195,834,-0.253333333333333,1.097154350205198,1.890000000000000,1574119.333333333255723,5182012.666666666977108
195,841,0.555660000000000,0.945487683538532,1.449996666666667,1574854.666666666511446,5182048.000000000000000
195,843,1.523326666666667,2.264420489436084,3.245551111111112,1575050.666666666744277,5182074.555555555969477
195,868,-0.384990000000000,0.467990000000000,0.389990000000000,1577507.999999999767169,5182008.000000000000000
195,874,0.497000000000000,0.172990000000000,1.126990000000000,1578131.999999999767169,5182044.000000000000000
196,760,11.296490000000002,0.090495000000000,12.414994999999999,1566733.000000000000000,5181996.000000000000000
196,771,9.099995000000000,1.917852287961696,10.154990000000002,1567858.749999999767169,5181973.750000000000000
196,778,7.426660000000002,1.727315367077063,9.209996666666669,1568528.666666666744277,5181915.333333332091570
196,779,7.956995000000002,0.139495000000000,9.819990000000001,1568611.999999999767169,5181989.500000000000000
196,784,7.506991666666668,2.122059208846329,8.856663333333335,1569132.333333333255723,5181927.333333333022892
196,805,4.811992500000002,2.219788919288645,5.833746250000002,1571280.750000000000000,5181955.750000000931323
196,810,3.798541818181818,2.302975500559632,4.559996363636366,1571753.909090909175575,5181924.090909090824425
196,816,2.115548888888889,2.270198267213862,3.789996666666667,1572342.666666666511446,5181957.666666666977108
196,818,1.623495000000000,1.447236525307798,3.780000000000000,1572563.500000000000000,5181959.000000000000000
196,820,1.313327777777778,2.262308267213862,3.133327777777778,1572741.777777777751908,5181931.666666666977108
196,821,0.749995000000000,1.327236525307797,2.624995000000000,1572815.500000000000000,5181960.499999999068677
196,822,0.208995000000000,1.383731525307797,1.758995000000000,1572976.000000000000000,5181930.500000000000000
196,823,0.904995000000000,1.378236525307797,1.694990000000000,1573075.000000000000000,5181968.500000000000000
196,824,0.702492500000000,1.366231525307798,1.702492500000000,1573164.250000000000000,5181988.000000000000000
196,825,0.322500000000000,1.997602287961696,1.487497500000000,1573249.000000000000000,5181965.250000000000000
196,826,0.468330000000000,1.724982033743730,2.369993333333333,1573356.333333333255723,5181969.666666666977108
196,832,0.144665000000000,2.129225875512996,1.363326666666667,1573948.666666666744277,5181976.833333332091570
196,835,0.061250000000000,1.937104787961696,1.769992500000000,1574249.250000000000000,5181958.500000000000000
196,838,0.123000000000000,0.954157683538532,1.799993333333333,1574543.666666666744277,5181992.000000000000000
196,858,0.367245000000000,1.022110762653899,3.044995000000000,1576589.250000000232831,5181926.000000000000000
196,865,-0.319990000000000,0.203990000000000,0.349990000000000,1577246.000000000000000,5181935.000000000000000
196,870,-0.244995000000000,1.394236525307798,0.594995000000000,1577734.000000000000000,5181938.500000000931323
196,871,-0.477500000000000,1.411231525307797,0.869995000000000,1577865.500000000000000,5181924.500000000000000
197,646,45.673990000000003,1.513000000000000,60.319989999999997,1555315.000000000000000,5181898.999999999068677
197,659,38.575000000000003,1.671000000000000,56.090000000000003,1556694.000000000000000,5181857.000000000000000
197,761,11.069990000000001,1.343231525307797,12.394995000000002,1566859.500000000000000,5181889.500000000000000
197,764,10.581495000000000,0.135500000000000,11.474995000000000,1567150.500000000000000,5181892.000000000000000
197,769,9.398242500000000,1.326986525307798,10.439995000000000,1567620.750000000000000,5181858.500000000000000
197,785,6.854993333333334,2.137727542179662,8.474993333333334,1569256.666666666744277,5181842.666666666977108
197,796,6.048995000000002,1.376231525307798,6.974995000000002,1570320.500000000000000,5181854.500000000000000
197,804,5.193997000000000,2.288024745554035,5.899993000000000,1571149.600000000093132,5181847.299999999813735
197,813,3.189994444444445,2.271863822769418,4.242217777777779,1572035.333333333255723,5181830.000000000000000
197,822,0.209598000000000,1.565681830369357,1.779598000000000,1572943.800000000046566,5181878.000000000000000
197,825,0.364995000000000,1.347231525307797,1.940000000000000,1573220.500000000000000,5181848.000000000000000
197,832,-0.375005000000000,1.366731525307797,1.585000000000000,1573913.000000000000000,5181844.500000000000000
197,845,2.718995000000000,1.359736525307797,4.354995000000001,1575240.000000000000000,5181898.000000000000000
197,868,0.119990000000000,0.324990000000000,1.409990000000000,1577577.000000000000000,5181864.000000000000000
197,872,0.310000000000000,0.182990000000000,0.990000000000000,1577915.000000000000000,5181880.000000000000000
197,874,0.354660000000000,1.724312033743730,1.307996666666667,1578129.666666666744277,5181852.333333333022892
198,655,44.694989999999997,1.152990000000000,56.259990000000002,1556215.000000000000000,5181729.000000000000000
198,764,9.810992000000001,2.122578440492476,11.095993999999999,1567139.000000000000000,5181718.000000000000000
198,771,8.716995000000002,1.291236525307797,10.512497500000000,1567858.250000000000000,5181763.000000000000000
198,772,8.659994285714289,2.205118329099081,10.562849999999999,1567936.000000000000000,5181748.857142857275903
198,775,8.021995000000000,0.086495000000000,9.449994999999999,1568279.500000000000000,5181770.999999999068677
198,785,6.924660000000000,1.728978700410397,8.654995000000001,1569239.666666666744277,5181750.333333333022892
198,800,5.212196000000000,1.550279830369357,6.161996000000000,1570730.399999999906868,5181733.199999999254942
198,802,5.216866250000002,2.212538919288645,5.661245000000002,1570946.625000000000000,5181759.250000000000000
198,808,4.651490000000002,1.326231525307797,5.380000000000002,1571526.000000000000000,5181743.000000000000000
198,813,3.274992500000000,2.222537669288645,4.451243750000000,1572058.000000000000000,5181764.125000000000000
198,814,3.296425714285715,2.190546900527653,4.459995714285715,1572157.142857142956927,5181736.571428571827710
198,820,0.430000000000000,1.730645367077063,2.839996666666667,1572743.333333333255723,5181738.666666666977108
198,824,0.394995000000000,1.379236525307797,2.074990000000000,1573147.000000000000000,5181744.500000000000000
198,826,-0.125000000000000,1.354731525307797,1.864995000000000,1573325.000000000000000,5181768.499999999068677
198,827,0.437000000000000,2.038578440492476,1.417992000000000,1573460.600000000093132,5181777.799999999813735
198,829,0.369990000000000,1.365231525307797,2.389995000000000,1573687.000000000000000,5181776.500000000000000
198,834,-0.096666666666667,1.745645367077063,1.443326666666667,1574174.000000000000000,5181731.666666666977108
198,839,0.309993333333333,1.738312033743730,2.033326666666667,1574676.666666666744277,5181745.333333333022892
198,840,1.661250000000000,1.939352287961696,3.107490000000000,1574787.000000000000000,5181719.500000000931323
198,849,2.721663333333333,1.756315367077064,4.476663333333334,1575647.666666666744277,5181739.333333333022892
198,867,-0.595000000000000,1.420736525307798,1.399995000000000,1577423.500000000000000,5181784.500000000000000
198,868,-0.055005000000000,1.434231525307797,1.529990000000000,1577522.500000000000000,5181745.500000000000000
198,870,-0.576663333333333,1.821315367077063,1.466663333333334,1577705.333333333488554,5181706.333333333022892
199,769,9.197492499999999,1.938102287961696,10.944992500000000,1567646.500000000000000,5181649.500000000000000
199,778,7.607497500000002,1.338234025307797,9.259992499999999,1568541.500000000000000,5181649.000000000000000
199,784,6.784996000000002,2.068178440492476,8.963992000000003,1569149.000000000000000,5181646.400000000372529
199,812,3.879995000000000,1.943854787961696,4.479992500000000,1571958.250000000000000,5181680.250000000000000
199,819,1.269995000000000,2.130394208846329,3.228325000000000,1572635.500000000000000,5181645.833333333022892
199,821,0.206242500000000,0.798113262653899,1.577492500000000,1572854.250000000000000,5181663.500000000000000
199,828,-0.046663333333333,1.741982033743730,1.703323333333334,1573557.333333333255723,5181665.666666666977108
199,831,0.430000000000000,1.360736525307797,2.304990000000000,1573884.000000000232831,5181637.500000000000000
199,833,-0.110000000000000,1.383731525307797,1.970000000000000,1574004.500000000000000,5181670.500000000000000
199,853,1.720326666666667,0.989154350205198,3.579990000000000,1576079.333333333255723,5181661.333333333022892
199,875,0.517000000000000,0.146990000000000,1.197000000000000,1578222.000000000000000,5181674.000000000000000
200,766,10.378242500000001,1.365234025307797,11.207495000000002,1567342.250000000000000,5181565.250000000000000
200,770,8.934996000000002,2.048376440492476,10.821996000000000,1567725.800000000046566,5181548.000000000000000
200,783,7.099540909090910,2.096567950503669,8.820903636363639,1569054.000000000000000,5181550.181818181648850
200,785,6.613576666666668,2.132975875512996,8.218327500000003,1569247.666666666744277,5181545.333333333022892
200,800,4.673996000000002,2.020576440492476,5.605990000000000,1570755.399999999906868,5181531.200000000186265
200,803,5.167578333333334,2.117309208846329,5.724993333333334,1571047.000000000000000,5181559.249999999068677
200,809,3.996994000000000,2.030976440492476,5.109992000000000,1571635.199999999953434,5181568.400000000372529
200,811,3.248496666666667,1.730312033743730,4.939996666666668,1571825.333333333488554,5181540.500000000000000
200,818,1.389992500000000,1.356234025307797,3.484990000000000,1572558.500000000000000,5181544.499999999068677
200,822,0.074500000000000,1.333731525307798,2.479500000000000,1572911.500000000000000,5181581.499999999068677
200,824,0.524990000000000,1.356236525307798,2.609995000000000,1573171.000000000000000,5181557.500000000000000
200,825,0.339995000000000,1.351231525307797,2.210000000000000,1573242.500000000000000,5181590.500000000000000
200,829,-0.210005000000000,1.352736525307797,2.140000000000001,1573693.000000000000000,5181571.500000000000000
200,831,0.106666666666667,1.730482033743730,1.878328333333333,1573834.833333333255723,5181563.166666666977108
200,835,0.630500000000000,0.118995000000000,1.940000000000000,1574252.000000000232831,5181514.999999999068677
200,857,1.089610000000000,2.151861812059349,2.218455384615385,1576430.538461538497359,5181542.076923076994717
200,866,0.446000000000000,0.219990000000000,1.080000000000000,1577400.000000000000000,5181504.000000000000000
200,867,-0.098745000000000,1.388734025307797,1.137497500000000,1577425.000000000000000,5181536.000000000000000
201,643,43.520000000000003,2.068000000000000,60.369990000000008,1555069.000000000000000,5181429.000000000931323
201,646,45.639989999999997,2.651000000000000,62.419990000000006,1555369.000000000000000,5181499.000000000000000
201,717,16.107137142857145,1.845983171780340,29.965710000000001,1562463.428571428637952,5181459.714285714551806
201,775,7.727498750000000,2.217038919288645,8.864995000000000,1568256.125000000000000,5181452.000000000000000
201,777,7.491360000000000,2.308248227832359,8.670904545454546,1568442.818181817885488,5181440.909090909175575
201,789,5.884121250000002,1.925477287961696,7.162495000000002,1569654.500000000000000,5181456.500000000000000
201,808,4.479898095238095,2.291379426747443,5.538092380952382,1571557.714285714318976,5181435.333333332091570
201,820,0.406663333333333,1.771315367077063,2.229993333333333,1572762.333333333255723,5181429.333333333022892
201,821,0.563998000000000,1.663681830369357,1.649990000000000,1572868.399999999906868,5181452.799999999813735
201,823,1.274990000000000,0.098990000000000,3.440000000000000,1573068.000000000232831,5181478.000000000000000
201,838,1.487996666666667,0.941154350205198,3.386666666666667,1574550.000000000000000,5181426.666666666977108
201,841,2.163996000000000,2.056976440492476,4.423998000000000,1574862.199999999953434,5181468.799999999813735
201,844,3.309083636363637,2.308429136923268,5.921810000000000,1575140.272727272706106,5181448.363636363297701
201,875,0.555995000000000,0.276990000000000,1.160995000000000,1578225.500000000000000,5181452.000000000000000
202,777,7.074996000000002,2.289025745554035,8.105992000000002,1568444.800000000046566,5181342.799999999813735
202,779,7.277996000000000,2.278324745554035,8.262995000000000,1568645.600000000093132,5181359.900000000372529
202,787,5.918290000000002,2.247004456425525,7.155878823529414,1569459.235294117592275,5181346.529411764815450
202,806,4.939990000000000,0.919491016871865,5.296660000000000,1571358.333333333255723,5181354.333333333022892
202,817,1.344240000000000,1.353236525307797,3.524997500000000,1572472.500000000000000,5181322.000000000000000
202,819,0.304500000000000,1.400731525307797,1.804495000000000,1572693.500000000000000,5181312.500000000000000
202,822,2.240000000000000,0.100000000000000,2.369990000000000,1573000.000000000000000,5181381.000000000000000
202,824,1.015000000000000,1.622231525307798,2.965000000000000,1573142.000000000000000,5181330.000000000000000
202,830,0.153565714285714,2.197261186241938,1.922852857142857,1573757.857142857043073,5181319.571428570896387
202,842,3.266996666666667,1.016154350205198,4.809993333333334,1574947.000000000000000,5181358.333333333022892
202,845,3.271246250000000,1.659044406634747,5.556247500000000,1575265.375000000000000,5181366.875000000000000
202,850,3.029995000000000,2.143060875512996,4.873330000000000,1575731.000000000000000,5181382.666666666977108
202,853,2.653330000000000,1.742978700410396,4.046663333333334,1576033.666666666744277,5181377.000000000000000
202,858,1.327000000000000,1.376986525307797,2.542495000000000,1576596.250000000000000,5181338.750000000000000
203,776,6.823163333333334,1.710148700410397,8.381661666666668,1568321.000000000000000,5181274.833333333022892
203,779,6.613370000000002,1.671919406634747,7.789997500000000,1568640.375000000000000,5181256.499999999068677
203,781,6.997495000000002,0.123000000000000,8.649990000000003,1568867.999999999767169,5181281.500000000000000
203,787,5.620863043478262,2.425625961458396,7.056081304347828,1569462.869565217290074,5181264.391304347664118
203,790,5.428500000000002,0.138500000000000,6.004990000000000,1569780.500000000000000,5181201.000000000000000
203,798,3.026663333333333,1.775648700410397,5.586663333333334,1570596.666666666744277,5181258.333333333022892
203,806,3.842495000000000,1.369231525307797,5.230000000000000,1571314.000000000000000,5181279.000000000000000
203,810,3.343745000000000,1.971854787961696,5.204995000000000,1571746.000000000000000,5181216.250000000000000
203,816,1.565711428571429,2.207404043384796,3.945708571428572,1572363.142857142724097,5181232.571428571827710
203,817,1.081242500000000,2.009102287961696,3.052497500000000,1572420.250000000000000,5181232.250000000000000
203,821,0.804995000000000,1.422731525307798,1.970000000000000,1572870.000000000000000,5181207.500000000931323
203,827,0.445823333333333,1.431733191974464,2.301656666666667,1573421.000000000000000,5181220.000000000000000
203,828,0.902495000000000,1.382736525307797,1.814995000000000,1573519.000000000000000,5181221.500000000000000
203,829,0.544990000000000,1.363736525307797,2.364995000000000,1573689.000000000000000,5181227.500000000000000
203,841,3.027492500000000,1.929354787961696,4.799997500000000,1574844.000000000232831,5181253.250000000000000
203,843,3.387247500000000,1.949103537961696,5.818746250000000,1575070.000000000000000,5181237.000000000931323
203,846,3.582497500000000,1.944852287961696,5.934995000000002,1575366.750000000000000,5181244.750000000000000
203,857,2.238742500000000,1.933852287961696,3.657492500000000,1576469.250000000232831,5181253.000000000000000
203,872,0.368995000000000,0.187995000000000,1.024000000000000,1577963.000000000000000,5181215.000000000000000
204,51,419.375999999999976,0.141000000000000,427.075980000000015,1495821.000000000000000,5181183.000000000000000
204,778,6.519995000000002,1.939852287961696,8.032495000000003,1568560.750000000000000,5181143.000000000000000
204,782,6.434995000000002,2.252163919288646,8.112495000000003,1568949.500000000000000,5181153.500000000000000
204,784,5.767492500000000,1.949102287961696,8.067495000000003,1569153.000000000000000,5181130.500000000000000
204,817,1.238884444444445,2.274197156102751,3.744438888888889,1572454.111111111007631,5181146.666666666045785
204,819,0.260005000000000,1.343231525307797,1.709995000000000,1572621.500000000000000,5181198.500000000000000
204,823,1.093998000000000,1.641881830369357,3.532000000000000,1573097.800000000046566,5181185.000000000000000
204,824,1.520772222222222,2.003034594923240,3.773326666666667,1573149.111111110774800,5181161.000000000000000
204,825,0.249995000000000,0.753363262653899,3.397495000000000,1573246.000000000000000,5181187.000000000000000
204,832,0.346422857142857,2.179691186241938,1.912850000000000,1573950.571428571362048,5181121.142857142724097
204,834,0.466663333333333,1.767982033743730,1.843326666666667,1574137.333333333488554,5181108.333333333022892
204,841,2.450000000000000,0.128990000000000,4.499990000000001,1574818.000000000000000,5181124.000000000000000
204,853,2.889995000000000,1.343231525307797,4.334995000000001,1576017.000000000000000,5181121.500000000000000
204,856,2.711661666666666,2.130892542179662,3.666661666666666,1576353.666666666744277,5181162.833333333022892
204,858,2.189995714285714,2.181548329099081,3.938567142857143,1576559.000000000000000,5181168.000000000931323
204,871,0.453500000000000,1.327736525307798,1.148490000000000,1577887.500000000000000,5181121.500000000000000
204,874,0.428490000000000,0.435500000000000,1.278995000000000,1578181.500000000000000,5181156.000000000000000
205,765,9.915194000000000,1.551479830369357,11.567994000000002,1567244.800000000046566,5181023.800000000745058
205,781,6.068567142857144,2.180691186241938,7.279997142857144,1568828.571428571362048,5181065.142857142724097
205,805,3.751745000000000,0.718863262653899,4.417490000000001,1571231.250000000000000,5181066.000000000000000
205,808,0.519993333333333,1.739648700410396,2.276660000000000,1571550.333333333255723,5181030.333333333022892
205,809,1.521794000000000,1.067387220246238,2.715996000000000,1571647.399999999906868,5181047.599999999627471
205,816,1.221492000000000,2.282025745554036,3.825994000000000,1572359.199999999953434,5181059.700000000186265
205,818,0.477326666666667,1.819648700410397,1.713993333333334,1572564.666666666744277,5181075.666666666977108
205,827,0.823617500000000,2.237413919288645,3.023747500000000,1573446.625000000000000,5181050.125000000000000
205,839,2.186660000000000,1.777645367077063,4.966663333333334,1574655.666666666744277,5181039.000000000000000
206,263,185.592999999999989,2.285000000000000,202.778999999999996,1517006.000000000000000,5180964.000000000000000
206,584,69.508000000000010,2.388000000000000,89.383000000000010,1549107.000000000000000,5180987.000000000000000
206,731,14.789990000000000,0.570990000000000,23.899990000000003,1563852.000000000232831,5180987.000000000000000
206,750,12.958000000000000,0.268990000000000,15.470000000000001,1565793.000000000000000,5180989.000000000000000
206,759,10.722000000000000,0.166990000000000,13.079990000000000,1566631.000000000000000,5180937.000000000000000
206,763,10.135000000000000,0.911487683538532,11.949996666666667,1567027.666666666744277,5180959.333333333022892
206,779,5.659995000000000,1.312731525307797,7.344995000000000,1568670.500000000000000,5180945.000000000000000
206,806,1.651247500000000,1.907854787961696,2.822492500000000,1571363.999999999767169,5180919.000000000000000
206,813,1.380433125000000,2.229163919288645,3.919372500000000,1572060.000000000232831,5180948.250000000000000
206,814,1.234990000000000,1.332731525307797,3.809990000000000,1572200.000000000000000,5180976.500000000000000
206,817,0.685996000000000,2.050378440492476,2.847992000000001,1572419.600000000093132,5180926.599999999627471
206,823,1.311398000000000,1.118787220246238,3.891994000000000,1573024.399999999906868,5180947.400000000372529
206,843,3.872500000000001,1.392731525307797,5.799995000000002,1575099.500000000000000,5180935.000000000000000
206,855,3.359990000000000,1.344231525307797,4.229995000000001,1576227.000000000000000,5180985.000000000000000
206,873,0.622372500000000,1.940854787961696,1.454872500000000,1578052.250000000000000,5180947.750000000000000
206,875,0.856996000000000,2.114176440492476,1.459998000000000,1578253.399999999906868,5180964.000000000000000
206,881,1.287990000000000,0.130990000000000,3.335000000000000,1578810.000000000000000,5180926.000000000000000
207,242,192.865990000000011,1.106990000000000,199.785990000000027,1514924.000000000232831,5180810.000000000000000
207,574,71.146000000000001,2.342990000000000,93.460989999999995,1548150.000000000000000,5180840.000000000000000
207,773,7.991663333333334,1.761315367077063,9.836663333333334,1568039.333333333255723,5180830.333333333022892
207,792,4.925871250000000,1.623669406634747,6.436246250000002,1569957.125000000000000,5180862.500000000000000
207,799,4.026247500000000,2.055604787961696,6.129990000000000,1570615.000000000000000,5180863.750000000000000
207,802,2.899997142857143,2.246976900527653,4.600000000000002,1570937.000000000000000,5180837.285714285448194
207,805,2.026496000000000,2.282224745554035,3.433995000000000,1571249.600000000093132,5180858.099999999627471
207,807,1.107994000000000,2.052976440492476,2.685998000000000,1571454.399999999906868,5180833.200000000186265
207,808,1.383565714285715,2.347082118428767,2.672852142857143,1571539.714285714318976,5180845.714285714551806
207,811,0.368331666666667,1.779145367077063,3.911656666666667,1571857.500000000000000,5180867.666666666977108
207,817,0.369490000000000,1.339731525307798,1.729495000000000,1572475.000000000000000,5180816.500000000000000
207,819,0.539330000000000,1.778645367077063,2.692656666666666,1572634.333333333255723,5180851.666666666977108
207,831,0.476656666666667,1.744982033743730,2.519996666666667,1573845.333333333255723,5180839.000000000000000
207,841,3.321816363636364,2.115932495958214,6.430907272727274,1574841.636363636469468,5180833.818181818351150
207,855,3.462495000000001,1.352236525307798,4.604995000000002,1576219.500000000000000,5180881.500000000000000
207,877,0.685326666666667,1.050817683538532,1.743663333333333,1578432.333333333255723,5180822.666666666977108
207,880,0.931990000000000,0.101990000000000,3.349990000000000,1578799.000000000000000,5180878.000000000000000
207,881,1.251000000000000,0.083990000000000,3.526990000000000,1578802.000000000000000,5180890.000000000000000
208,702,17.649000000000001,0.111000000000000,31.989989999999999,1560942.000000000000000,5180765.000000000000000
208,768,9.051282857142857,1.826337893296853,10.758565714285714,1567544.857142857043073,5180713.571428571827710
208,779,6.775000000000000,0.412000000000000,8.560000000000000,1568664.000000000000000,5180772.000000000000000
208,803,2.154496666666667,2.135060042179662,4.414995000000000,1571041.833333333255723,5180743.000000000000000
208,804,2.219994285714286,2.189834043384796,3.721421428571429,1571164.571428571362048,5180767.142857143655419
208,810,0.564990000000000,1.330236525307798,2.154995000000000,1571755.000000000000000,5180795.000000000000000
208,812,0.321995000000000,1.385231525307797,1.714500000000000,1571926.000000000000000,5180717.000000000000000
208,813,0.909495000000000,1.315736525307797,1.969490000000000,1572064.000000000000000,5180759.500000000931323
208,818,0.562495000000000,1.913604787961696,2.629995000000000,1572566.000000000000000,5180750.000000000000000
208,819,0.703995000000000,1.755313700410396,3.311660000000000,1572677.166666666744277,5180760.666666666977108
208,837,1.534993333333333,2.159892542179662,2.821658333333334,1574435.833333333255723,5180735.166666666977108
208,875,0.721883333333333,2.010477928256574,1.586325555555556,1578243.111111111007631,5180756.111111111007631
208,877,1.063660000000000,1.733978700410397,1.836996666666667,1578477.333333333255723,5180712.666666666977108
209,665,30.799990000000001,1.174000000000000,48.750000000000007,1557299.999999999767169,5180613.000000000000000
209,766,9.922490000000002,1.357731525307798,11.244994999999999,1567372.500000000000000,5180646.000000000000000
209,792,4.193330000000000,1.721645367077063,6.193330000000000,1569942.000000000000000,5180664.666666666977108
209,794,4.613500000000000,1.375981525307797,5.952497500000002,1570147.999999999767169,5180635.750000000000000
209,798,3.230000000000000,1.323236525307797,5.110000000000000,1570560.000000000000000,5180628.000000000000000
209,806,2.900137142857143,1.863050750439710,4.632850000000000,1571356.714285714318976,5180641.000000000000000
209,812,1.086000000000000,1.747480367077063,3.409830000000000,1571950.166666666744277,5180646.000000000000000
209,820,1.573330000000000,1.725978700410397,3.820000000000000,1572714.000000000000000,5180656.666666666977108
209,827,0.909992500000000,1.952852287961696,2.884995000000000,1573427.750000000000000,5180630.000000000000000
209,876,1.137192000000000,2.051376440492476,1.967192000000000,1578368.600000000093132,5180657.799999999813735
210,255,183.669489999999996,2.070236525307798,199.673000000000002,1516278.500000000000000,5180521.000000000000000
210,297,181.143000000000001,3.936000000000000,186.682989999999990,1520408.000000000000000,5180579.000000000000000
210,798,2.244995000000000,1.309731525307798,4.980000000000000,1570547.999999999767169,5180570.000000000000000
210,809,2.462852142857144,2.179476186241939,4.623566428571430,1571667.500000000000000,5180528.642857142724097
210,810,2.284440000000000,2.255198267213862,4.737773333333334,1571759.777777777751908,5180533.111111111007631
210,876,1.235656666666667,0.908821016871865,2.127330000000000,1578379.333333333255723,5180534.333333333022892
210,878,0.863247500000000,1.359986525307797,1.810740000000000,1578531.500000000000000,5180557.000000000000000
211,305,163.505000000000024,2.650000000000000,182.254999999999995,1521233.000000000000000,5180426.000000000000000
211,689,22.090000000000003,0.958000000000000,38.610000000000007,1559605.000000000000000,5180439.000000000000000
211,792,3.846663333333334,2.252864933880529,6.715552222222224,1569956.222222222248092,5180450.888888888992369
211,806,2.512663333333334,0.947821016871865,4.969993333333334,1571347.333333333255723,5180432.666666666977108
211,834,0.779995000000000,1.428231525307798,2.145000000000000,1574117.000000000000000,5180483.500000000000000
211,880,1.000490000000000,1.409236525307797,2.586995000000000,1578730.000000000000000,5180416.500000000000000
212,727,16.549990000000001,0.476000000000000,25.360000000000003,1563402.000000000000000,5180388.000000000000000
212,837,1.429995000000000,1.363736525307797,3.909990000000001,1574415.500000000000000,5180393.500000000000000
213,53,409.515989999999988,0.653990000000000,410.700980000000015,1496098.000000000000000,5180219.000000000000000
213,676,26.396989999999999,1.149990000000000,44.330000000000005,1558346.000000000000000,5180266.999999999068677
213,694,17.163990000000002,2.168990000000000,33.130000000000003,1560166.000000000000000,5180237.000000000000000
213,763,8.675995000000000,1.372236525307797,11.340000000000002,1567043.000000000000000,5180259.500000000000000
213,772,7.904994000000000,2.047176440492476,8.811994000000000,1567945.199999999953434,5180270.599999999627471
213,791,4.116666666666667,1.754648700410397,6.186663333333334,1569897.000000000000000,5180217.000000000000000
213,826,0.932492500000000,1.944354787961696,2.932495000000000,1573342.250000000000000,5180272.750000000000000
214,757,12.170000000000002,0.407000000000000,13.229990000000001,1566412.000000000232831,5180185.000000000000000
214,796,2.573994000000000,2.089978440492476,4.575998000000000,1570357.399999999906868,5180179.000000000000000
214,799,3.070394000000000,1.585279830369357,4.840000000000002,1570610.199999999953434,5180176.200000000186265
214,804,3.276245000000000,2.060104787961696,5.662497500000002,1571143.750000000000000,5180154.000000000000000
214,807,3.231422857142857,2.177689757670510,5.418570000000002,1571421.285714285448194,5180156.000000000000000
214,810,2.293330000000001,1.729648700410397,4.889996666666668,1571779.000000000000000,5180195.000000000000000
214,817,1.729996666666667,1.757978700410397,4.206660000000001,1572434.000000000000000,5180169.000000000000000
214,843,3.320000000000000,1.298231525307797,5.374995000000000,1575010.000000000000000,5180125.500000000000000
214,849,3.214990000000000,0.367000000000000,5.510000000000002,1575697.000000000000000,5180188.000000000000000
215,762,11.159993333333333,1.816648700410396,11.969996666666669,1566934.000000000000000,5180009.666666666977108
215,791,3.656326666666666,1.001821016871865,5.983326666666668,1569897.333333333488554,5180031.333333333022892
215,822,1.956660000000001,1.757315367077063,3.739993333333333,1572926.333333333255723,5180053.666666666977108
215,830,-0.582500000000000,1.337231525307797,2.379995000000000,1573765.000000000000000,5180098.500000000000000
215,838,1.420000000000000,1.353736525307797,3.129995000000000,1574534.000000000000000,5180005.500000000000000
216,790,2.633994000000000,2.133578440492476,4.567996000000000,1569757.000000000000000,5179930.599999999627471
216,846,2.914990000000000,0.232990000000000,4.190000000000001,1575352.000000000000000,5179983.000000000000000
217,754,12.810000000000000,0.624000000000000,15.609990000000002,1566101.000000000000000,5179888.000000000931323
217,834,1.081427142857143,2.178118329099081,2.365705714285714,1574150.142857142956927,5179870.857142857275903
218,696,19.399990000000003,1.008990000000000,34.310000000000002,1560303.000000000000000,5179788.000000000000000
218,701,17.034990000000001,0.495990000000000,32.240000000000002,1560803.000000000000000,5179788.000000000000000
218,754,12.590000000000002,0.708000000000000,16.180000000000000,1566101.000000000000000,5179788.000000000000000
218,761,11.638995000000000,1.411231525307797,12.899990000000001,1566895.000000000000000,5179752.000000000000000
218,789,4.489990000000001,1.620236525307797,6.700000000000002,1569634.000000000000000,5179749.500000000000000
218,794,2.882707142857143,1.865193607582568,4.635852857142858,1570173.714285714318976,5179756.714285714551806
218,815,1.579992500000000,1.925354787961696,3.969997500000000,1572300.000000000232831,5179771.500000000000000
218,816,1.123996000000000,2.047176440492476,3.493996000000000,1572361.400000000139698,5179732.599999999627471
218,853,3.997490000000000,1.397231525307797,4.679995000000000,1576091.500000000000000,5179771.000000000000000
219,749,13.390000000000001,0.497990000000000,18.840000000000000,1565646.000000000000000,5179699.000000000000000
219,791,3.495998000000000,2.063778440492476,6.397990000000000,1569878.800000000046566,5179651.200000000186265
220,287,180.591000000000008,3.760990000000001,184.087989999999991,1519427.000000000000000,5179574.000000000000000
220,799,4.457998000000001,2.098376440492476,6.389996000000002,1570658.000000000000000,5179526.799999999813735
220,804,1.916663333333333,1.805645367077063,5.283330000000000,1571176.666666666744277,5179534.333333333022892
220,806,2.691656666666667,0.998824350205198,4.353326666666667,1571357.666666666744277,5179540.666666666977108
220,810,1.311996000000000,2.061978440492476,3.327994000000000,1571751.399999999906868,5179562.400000000372529
220,881,0.584194000000000,1.564479830369357,1.242190000000000,1578872.399999999906868,5179584.799999999813735
221,676,26.520000000000003,1.177000000000000,42.090000000000003,1558354.000000000000000,5179498.000000000000000
221,815,-0.057500000000000,1.926852287961696,4.104997500000002,1572275.999999999767169,5179441.000000000000000
221,883,0.442995000000000,1.916104787961696,1.396997500000000,1579056.000000000000000,5179454.749999999068677
222,833,0.943330000000000,1.763312033743730,2.186666666666667,1574087.333333333255723,5179370.666666666977108
222,841,1.850000000000000,0.211990000000000,3.720000000000000,1574862.000000000000000,5179357.000000000000000
223,736,15.270000000000000,1.184000000000000,21.250000000000000,1564302.000000000000000,5179288.000000000000000
223,749,13.890000000000001,0.871990000000000,19.590000000000000,1565601.000000000000000,5179288.000000000000000
223,840,1.529990000000000,0.257990000000000,5.090000000000002,1574761.000000000000000,5179288.000000000000000
223,884,0.081995000000000,2.122727542179662,1.259496666666667,1579153.333333333488554,5179257.166666666977108
224,791,6.147495000000002,1.920602287961696,6.667492500000002,1569875.750000000000000,5179159.249999999068677
224,794,4.949996666666668,1.730315367077063,6.029993333333334,1570175.666666666744277,5179172.333333333022892
224,815,1.422490000000000,1.928102287961696,2.867490000000000,1572273.750000000000000,5179136.500000000000000
224,816,2.529990000000000,0.216990000000000,3.250000000000000,1572329.000000000000000,5179198.000000000000000
225,253,179.746000000000009,0.000000000000000,185.945989999999995,1516053.000000000000000,5179061.000000000931323
225,784,6.744996000000000,2.047578440492476,8.279992000000002,1569157.800000000046566,5179093.200000000186265
225,814,1.767660000000000,0.971484350205198,3.136656666666667,1572155.666666666744277,5179048.333333333022892
225,816,2.325658333333334,1.750312033743730,3.393323333333333,1572343.333333333255723,5179038.833333333022892
225,827,-0.235000000000000,1.329231525307797,1.774995000000000,1573476.500000000000000,5179008.500000000000000
225,845,1.509995000000000,1.342236525307798,3.840000000000000,1575281.500000000000000,5179070.000000000000000
226,248,182.524000000000001,1.702990000000000,184.389000000000010,1515567.000000000000000,5178975.000000000000000
226,249,179.651000000000010,1.077000000000000,184.480999999999995,1515671.000000000000000,5178959.000000000000000
226,687,20.959990000000001,1.485000000000000,37.340000000000003,1559411.000000000000000,5178932.000000000000000
226,811,2.317492500000000,1.923352287961696,4.017497500000000,1571870.000000000000000,5178953.250000000000000
226,816,2.888456153846154,2.382589739029780,4.449995384615385,1572343.923076923238114,5178945.153846153989434
226,840,1.554990000000000,0.259990000000000,3.500000000000000,1574789.000000000000000,5178963.000000000000000
227,791,7.252745000000002,1.964602287961696,8.759995000000002,1569852.000000000232831,5178847.250000000000000
227,797,5.071660000000002,2.135559208846329,7.164991666666668,1570447.000000000000000,5178853.333333333954215
227,804,2.848326666666667,1.731645367077063,4.439993333333334,1571119.000000000000000,5178837.000000000931323
227,817,2.513747500000000,1.353486525307798,4.272497500000000,1572447.500000000000000,5178859.250000000000000
227,830,0.979995000000000,1.327736525307798,2.180000000000001,1573757.500000000000000,5178831.500000000000000
227,837,1.019995000000000,1.330236525307798,2.539990000000000,1574474.000000000000000,5178853.500000000000000
227,885,0.005997500000000,1.933104787961696,1.395995000000000,1579241.750000000000000,5178843.000000000000000
227,886,0.710161666666667,1.753647033743730,1.631665000000000,1579338.333333333255723,5178836.333333333022892
228,250,180.217999999999989,0.287000000000000,183.967999999999989,1515730.000000000000000,5178745.000000000000000
228,283,175.417990000000003,2.289000000000000,179.669990000000013,1519059.000000000000000,5178738.000000000000000
229,307,165.098989999999986,3.776990000000001,170.304000000000002,1521486.000000000000000,5178618.000000000000000
229,681,22.479990000000001,0.656000000000000,38.610000000000007,1558803.999999999767169,5178688.000000000000000
229,689,18.434990000000003,0.559000000000000,36.040000000000006,1559644.000000000232831,5178666.000000000000000
229,728,15.213990000000001,0.305000000000000,22.139990000000001,1563502.000000000000000,5178678.000000000000000
229,744,13.800000000000001,0.137990000000000,17.969990000000003,1565128.000000000000000,5178610.000000000000000
229,784,8.699990000000001,0.165000000000000,11.489990000000001,1569129.000000000000000,5178698.999999999068677
229,800,3.824280000000001,2.211689757670510,5.874280000000002,1570739.857142857043073,5178624.857142856344581
229,815,3.103596000000000,2.044578440492476,4.091996000000000,1572280.199999999953434,5178626.000000000000000
229,816,2.159368750000000,2.285663919288646,3.662493750000000,1572345.875000000000000,5178655.250000000000000
229,823,0.821594000000000,1.148787220246238,2.185994000000000,1573087.199999999953434,5178680.200000000186265
230,232,189.033989999999989,0.578000000000000,192.304000000000002,1513939.999999999767169,5178531.000000000000000
230,794,6.686392000000002,1.593883830369357,8.001994000000000,1570178.000000000000000,5178556.400000000372529
230,839,1.816496000000000,2.048277440492476,2.588996000000000,1574649.100000000325963,5178536.700000000186265
230,841,1.341996000000000,2.274924745554036,2.237997000000000,1574831.899999999906868,5178541.700000000186265
230,886,0.498995000000000,0.144995000000000,1.383995000000000,1579343.500000000000000,5178507.500000000000000
231,749,12.880000000000001,0.228000000000000,16.399990000000003,1565658.000000000000000,5178401.000000000000000
231,766,10.930000000000000,0.486000000000000,14.729990000000001,1567400.000000000000000,5178489.000000000000000
231,819,2.113326666666667,1.768645367077063,4.223326666666667,1572677.000000000000000,5178482.000000000000000
231,827,0.497500000000000,1.968602287961696,2.077497500000000,1573447.250000000000000,5178466.000000000000000
231,832,-1.127500000000000,1.401236525307797,2.195000000000000,1573953.000000000000000,5178416.500000000000000
232,648,37.860000000000007,1.133000000000000,50.759990000000002,1555505.000000000000000,5178388.000000000000000
232,687,20.194990000000001,0.870000000000000,36.709990000000005,1559403.000000000000000,5178388.000000000000000
232,690,18.459990000000001,0.786000000000000,33.359999999999999,1559728.000000000000000,5178312.000000000000000
232,701,16.944990000000001,0.955990000000000,30.430000000000003,1560873.000000000000000,5178337.000000000000000
232,767,13.982500000000002,0.107495000000000,16.290000000000003,1567490.000000000000000,5178349.000000000000000
232,783,9.620495000000002,1.346236525307798,11.419990000000002,1569036.500000000000000,5178364.000000000000000
232,799,5.116870000000000,1.946352287961696,6.483746250000002,1570675.500000000000000,5178378.875000000000000
232,807,3.301666666666667,1.724982033743730,5.229996666666668,1571463.333333333255723,5178335.333333333022892
232,811,3.463330000000000,1.760645367077063,5.546660000000000,1571837.333333333255723,5178337.666666666977108
232,825,0.862427142857143,1.827906464725425,2.322854285714286,1573263.428571428637952,5178348.142857142724097
232,844,1.546990000000000,1.339236525307797,2.316990000000000,1575161.000000000000000,5178383.500000000000000
233,144,281.506979999999999,0.958000000000000,287.157010000000014,1505179.000000000000000,5178230.000000000000000
233,254,177.402990000000045,0.944990000000000,177.882990000000007,1516102.000000000000000,5178244.000000000000000
233,753,13.609990000000002,0.277000000000000,15.649990000000001,1566041.000000000000000,5178239.000000000000000
233,808,4.141330000000000,0.940491016871865,5.386660000000000,1571538.666666666744277,5178254.666666666977108
233,824,0.211673333333333,2.160394208846329,2.228328333333333,1573156.166666666744277,5178244.166666666977108
233,827,0.884993333333333,2.154559208846329,2.376660000000000,1573441.166666666977108,5178260.000000000000000
233,833,0.355660000000000,1.714648700410396,1.866660000000000,1574052.666666666744277,5178278.666666666977108
233,841,1.886495000000000,0.152990000000000,2.104995000000000,1574860.000000000232831,5178272.000000000000000
234,263,173.841000000000008,0.569000000000000,176.891000000000020,1517021.000000000000000,5178176.000000000000000
234,270,171.690000000000026,0.425000000000000,175.820000000000022,1517736.000000000000000,5178100.000000000000000
234,649,38.911990000000003,6.940000000000000,48.819989999999997,1555655.000000000000000,5178158.000000000000000
234,805,5.014996666666668,1.774645367077063,6.283323333333336,1571250.666666666744277,5178141.000000000000000
234,809,3.690000000000000,1.354731525307797,5.744990000000000,1571619.999999999767169,5178175.500000000000000
234,810,3.269990000000000,0.200000000000000,5.909990000000002,1571793.000000000000000,5178137.000000000000000
234,811,3.292997500000000,1.334984025307797,5.855000000000000,1571829.000000000000000,5178176.250000000000000
234,812,3.001247500000000,1.957102287961696,6.237492500000000,1571946.500000000000000,5178180.250000000000000
234,829,0.705412500000000,2.329600296397629,2.551663333333333,1573641.416666666744277,5178158.333333333022892
234,838,0.844990000000000,1.298731525307797,1.654990000000000,1574588.000000000232831,5178171.500000000000000
234,845,0.765994285714286,2.175546900527653,2.193138571428572,1575259.857142857043073,5178147.571428571827710
234,846,0.453735263157895,2.276686413708690,2.123943157894737,1575359.052631578873843,5178161.052631579339504
234,887,0.207990000000000,1.333731525307798,1.493000000000000,1579488.500000000000000,5178163.500000000000000
235,764,12.609990000000002,0.335990000000000,14.100000000000000,1567170.000000000000000,5178023.000000000000000
235,782,8.346992000000000,1.617279830369357,10.455992000000000,1568994.800000000046566,5178059.799999999813735
235,810,3.299995000000000,1.980604787961696,6.024992500000002,1571742.750000000000000,5178035.500000000000000
235,811,2.709996666666667,1.760312033743730,5.996663333333334,1571887.666666666744277,5178053.666666666977108
235,812,4.029996666666666,1.752315367077063,5.776660000000000,1571913.000000000000000,5178056.000000000000000
235,818,3.024996666666667,1.746982033743730,4.979996666666668,1572520.333333333255723,5178044.000000000000000
235,821,0.999993333333333,1.742978700410396,2.713330000000000,1572860.666666666744277,5178034.666666666977108
235,825,1.054990000000000,1.385731525307797,1.955000000000000,1573233.000000000000000,5178096.500000000000000
235,836,1.067492500000000,1.959352287961696,3.134997500000000,1574349.750000000000000,5178020.250000000000000
235,843,0.599990000000000,1.346731525307797,1.934995000000000,1575037.500000000000000,5178076.500000000000000
235,848,0.557087272727273,2.299974591468722,2.230723636363637,1575547.727272727293894,5178047.090909090824425
236,157,261.439999999999998,3.717000000000001,269.239990000000034,1506422.000000000000000,5177913.000000000000000
236,805,4.506163333333334,1.357066525307798,6.719998333333334,1571267.999999999767169,5177968.000000000931323
236,812,3.512495000000000,1.374736525307797,5.589990000000000,1571964.500000000000000,5177954.500000000000000
236,832,0.577496250000000,2.256288919288645,3.147496250000001,1573939.625000000000000,5177913.500000000000000
236,833,0.793993333333333,0.912154350205198,3.343330000000000,1574032.000000000000000,5177942.666666666977108
236,834,0.623940526315790,2.394553416372669,3.558416315789473,1574152.368421052582562,5177940.421052631922066
236,835,0.480851428571429,1.487838886066054,2.695707142857143,1574256.714285714318976,5177941.428571428172290
236,838,-0.245005000000000,1.355231525307797,2.784990000000001,1574551.000000000000000,5177976.500000000000000
236,849,0.932743750000000,2.257537669288645,2.155868750000000,1575614.750000000000000,5177947.000000000000000
237,232,190.002999999999986,1.353990000000000,193.652989999999988,1513987.999999999767169,5177849.000000000000000
237,699,16.965000000000000,1.003000000000000,29.469990000000003,1560603.000000000000000,5177889.000000000000000
237,772,9.435995999999999,2.041376440492476,11.149996000000002,1567937.600000000093132,5177845.799999998882413
237,804,6.049995000000002,1.379731525307797,7.774995000000000,1571109.000000000000000,5177826.500000000000000
237,813,3.374442222222223,2.268197156102751,6.249996666666668,1572045.111111110774800,5177858.444444444030523
237,824,0.379996666666667,1.795645367077063,1.859993333333333,1573117.000000000000000,5177863.333333333022892
237,827,-0.110147142857143,2.203404043384796,1.291570000000000,1573430.857142857043073,5177864.142857142724097
237,834,0.311370000000000,1.616918156634747,2.888742500000000,1574167.000000000000000,5177865.000000000000000
237,888,-0.149005000000000,1.364236525307798,1.371000000000000,1579575.000000000000000,5177842.500000000931323
237,889,0.428328666666667,2.204209977200182,1.340994666666667,1579642.199999999953434,5177836.066666666418314
237,890,0.581630909090909,2.305247318741450,1.496177272727273,1579762.909090909175575,5177858.909090909175575
238,156,261.924010000000010,2.043990000000000,270.055990000000008,1506353.000000000000000,5177750.000000000000000
238,316,145.712990000000019,0.537000000000000,163.442990000000009,1522363.000000000000000,5177787.000000000000000
238,657,30.770000000000003,1.139990000000000,44.950000000000003,1556405.000000000000000,5177788.000000000000000
238,744,15.029990000000002,0.305990000000000,16.840000000000000,1565136.000000000000000,5177725.000000000000000
238,779,8.034993333333334,2.178059208846329,9.159993333333334,1568654.500000000000000,5177741.833333333022892
238,780,8.223121250000000,2.530037669288645,9.126243750000000,1568751.000000000000000,5177741.375000000000000
238,810,2.017500000000000,1.356236525307798,4.190000000000001,1571790.000000000000000,5177714.000000000000000
238,814,2.184998333333334,2.140225875512996,3.281661666666667,1572133.166666666744277,5177736.000000000000000
238,816,1.893330000000000,2.131560875512996,3.906663333333334,1572358.333333333255723,5177747.833333333022892
238,817,-0.102505000000000,2.233913919288645,3.677498750000000,1572430.000000000000000,5177751.625000000000000
238,825,-1.001242500000000,2.029352287961696,1.692497500000000,1573244.750000000000000,5177720.000000000000000
238,845,-0.054755000000000,2.243538919288645,1.858372500000000,1575231.875000000000000,5177762.625000000000000
238,848,0.509594000000000,1.597881830369357,1.806398000000000,1575563.800000000279397,5177781.399999999441206
238,890,0.246383846153846,2.156707965905504,1.204841538461538,1579745.846153846243396,5177754.923076923005283
239,309,164.733000000000004,3.555990000000000,166.382990000000007,1521616.000000000000000,5177686.000000000000000
239,714,15.539990000000000,0.479990000000000,24.770000000000003,1562103.000000000000000,5177689.000000000000000
239,718,14.680000000000000,0.479000000000000,22.450000000000003,1562592.000000000000000,5177669.000000000000000
239,773,10.387494999999999,1.504236525307797,11.320000000000000,1568094.000000000000000,5177645.499999999068677
239,796,6.782495000000002,1.913102287961696,8.272495000000003,1570323.999999999767169,5177665.500000000000000
239,817,1.338328333333333,1.925435621295030,2.409996666666667,1572430.666666666511446,5177654.833333333022892
239,823,1.048996000000000,2.087776440492476,2.653998000000001,1573062.199999999953434,5177664.799999999813735
239,838,0.349990000000000,0.145990000000000,2.890000000000000,1574545.000000000000000,5177662.000000000000000
239,841,0.759990000000000,0.196990000000000,1.940000000000000,1574818.000000000000000,5177689.000000000000000
239,845,0.366490000000000,1.327236525307797,2.119995000000000,1575284.500000000000000,5177638.500000000000000
239,847,0.593590000000000,2.050578440492476,2.037596000000000,1575451.800000000279397,5177679.599999999627471
240,241,184.044000000000011,1.161990000000000,187.434000000000026,1514817.000000000000000,5177586.000000000000000
240,743,15.440989999999999,0.263990000000000,17.940000000000001,1565016.000000000000000,5177595.000000000000000
240,784,8.217490000000002,1.341736525307797,8.399990000000003,1569107.999999999767169,5177585.000000000000000
240,797,5.942497500000000,1.956104787961696,7.992497500000002,1570424.000000000000000,5177540.250000000000000
240,801,5.587570000000000,2.199262614813367,7.068565714285716,1570839.714285714318976,5177563.000000000000000
240,805,4.839995000000000,1.396236525307797,6.399990000000002,1571297.000000000000000,5177514.500000000000000
240,825,0.877495000000000,1.325231525307797,3.024990000000000,1573287.500000000000000,5177522.500000000931323
240,838,1.049990000000000,0.451000000000000,2.960000000000000,1574598.000000000000000,5177589.000000000931323
240,841,0.439994000000000,1.119385220246238,1.773992000000000,1574842.000000000000000,5177521.000000000000000
240,846,0.278359090909091,2.312701864195996,1.982906363636364,1575359.818181817885488,5177542.181818182580173
241,285,165.046990000000022,0.317990000000000,169.522000000000020,1519208.000000000000000,5177459.000000000000000
241,664,27.870000000000001,0.870990000000000,40.819989999999997,1557104.000000000000000,5177489.000000000000000
241,816,2.875872500000000,2.220912669288646,3.962497500000000,1572353.875000000000000,5177456.625000000000000
241,818,1.666871250000000,2.223537669288645,3.756245000000000,1572537.625000000000000,5177463.375000000000000
241,819,1.629992857142857,2.186546900527653,3.922851428571429,1572638.285714285681024,5177426.857142857275903
241,839,-0.060003333333333,0.980821016871865,2.136660000000000,1574678.333333333255723,5177465.333333333022892
241,840,-0.524995000000000,1.376731525307797,1.559995000000000,1574787.999999999767169,5177441.500000000000000
241,845,0.374995000000000,1.438731525307798,2.205000000000000,1575272.000000000000000,5177485.499999999068677
241,852,0.282000000000000,0.143000000000000,1.868990000000000,1575998.000000000000000,5177457.000000000000000
241,889,0.598993636363636,2.096021586867305,1.527178181818182,1579682.272727272706106,5177436.909090909175575
241,890,0.732280000000000,1.840336464725425,1.399138571428571,1579760.000000000000000,5177427.857142857275903
242,742,13.805000000000000,0.289990000000000,19.110000000000003,1564915.000000000000000,5177391.000000000000000
242,767,10.852660000000000,1.726312033743730,13.996660000000000,1567420.333333333255723,5177331.000000000000000
242,793,5.492495000000002,1.437236525307797,7.005000000000002,1570008.000000000000000,5177394.500000000931323
242,800,5.089995000000000,1.394731525307797,5.964995000000000,1570800.000000000000000,5177384.499999999068677
242,810,3.607995000000000,1.334899858641131,5.994998333333334,1571749.333333333255723,5177367.500000000931323
242,835,0.145000000000000,1.423731525307797,2.124995000000000,1574214.000000000000000,5177334.500000000000000
242,879,0.405998000000000,2.079778440492476,1.473998000000000,1578678.399999999906868,5177339.599999998696148
242,890,0.546848571428571,1.852335036153996,1.693278571428572,1579758.714285714318976,5177327.857142857275903
243,761,12.905997500000002,1.971102287961696,14.003747499999999,1566852.250000000000000,5177239.375000000000000
243,762,12.834994999999999,1.431236525307797,13.574990000000000,1566949.500000000000000,5177294.500000000000000
243,794,5.324995000000002,1.372236525307797,6.729995000000002,1570182.000000000000000,5177232.500000000000000
243,799,5.244996666666668,1.739982033743730,6.276666666666668,1570624.666666666744277,5177267.000000000000000
243,808,1.851811818181818,2.306884591468723,3.239999090909091,1571563.272727272706106,5177259.545454545877874
243,811,4.321663333333334,1.915312033743729,5.299990000000000,1571866.000000000000000,5177248.000000000000000
243,814,3.872594000000000,2.036378440492476,4.941992000000002,1572162.000000000000000,5177265.200000000186265
243,816,2.085990000000000,2.034778440492476,3.371998000000000,1572350.199999999953434,5177225.599999999627471
243,825,0.884995000000000,1.420736525307798,4.334995000000001,1573234.500000000000000,5177266.500000000931323
244,111,315.282980000000009,0.246000000000000,317.743010000000027,1501881.000000000000000,5177111.000000000000000
244,300,161.001000000000005,1.679990000000000,164.061000000000007,1520749.000000000000000,5177183.000000000000000
244,318,149.560000000000002,3.709495000000000,159.100000000000023,1522597.000000000000000,5177197.000000000000000
244,659,28.377990000000004,1.308736525307797,42.079994999999997,1556646.000000000000000,5177162.000000000000000
244,663,26.860000000000003,0.915000000000000,40.380000000000003,1557006.000000000000000,5177199.000000000000000
244,692,16.895990000000001,0.261990000000000,31.280999999999999,1559938.000000000000000,5177162.999999999068677
244,778,9.736660000000001,2.148560875512996,11.016660000000002,1568558.833333333022892,5177144.166666666045785
244,797,4.520000000000000,1.345236525307797,6.384995000000002,1570497.000000000000000,5177121.500000000000000
244,815,2.861424285714286,2.174404043384796,4.435705714285715,1572244.571428571362048,5177143.714285714551806
245,272,166.966000000000008,0.201000000000000,167.710990000000010,1517950.000000000000000,5177027.000000000000000
245,713,15.430000000000000,0.939000000000000,20.440000000000001,1562061.000000000000000,5177002.999999999068677
245,721,15.064990000000002,0.280990000000000,22.020000000000003,1562871.000000000000000,5177030.000000000000000
245,725,14.649990000000001,0.439990000000000,20.809990000000003,1563281.000000000000000,5177001.000000000000000
245,772,11.038743750000002,2.224287669288645,12.756241250000000,1567976.000000000000000,5177051.125000000931323
245,775,9.924993333333331,1.721645367077063,11.616663333333335,1568231.000000000000000,5177085.666666666977108
245,808,1.266660000000000,2.120392542179662,2.953330000000000,1571531.666666666744277,5177037.666666666977108
245,814,3.684745000000000,2.221537669288645,4.568745000000000,1572152.375000000000000,5177046.625000000000000
245,816,1.042496250000000,2.230787669288645,2.404996250000000,1572360.875000000000000,5177048.375000000000000
245,819,1.484990000000000,1.343731525307797,5.249995000000000,1572656.000000000000000,5177047.000000000000000
245,826,-0.000003333333333,1.778645367077063,2.999996666666666,1573382.666666666511446,5177065.333333333022892
245,882,-0.151505000000000,1.570731525307797,1.578490000000000,1578903.000000000000000,5177048.500000000000000
246,260,162.067000000000007,0.020990000000000,172.121990000000011,1516792.000000000000000,5176991.000000000000000
246,301,158.779990000000026,1.672990000000000,159.628989999999988,1520831.000000000000000,5176997.000000000000000
246,309,155.031990000000008,3.013000000000000,160.361990000000020,1521624.000000000000000,5176959.000000000000000
246,698,14.928000000000001,0.472990000000000,28.527990000000003,1560503.000000000000000,5176989.000000000000000
246,711,14.168990000000001,0.671000000000000,21.729990000000001,1561811.999999999767169,5176979.000000000000000
246,753,13.616666666666667,1.798645367077063,15.273326666666668,1566052.333333333255723,5176934.333333333022892
246,761,11.629994000000000,2.066176440492476,12.475992000000002,1566828.000000000232831,5176977.400000000372529
246,769,10.959994999999999,1.379731525307797,11.859995000000000,1567639.500000000000000,5176938.500000000000000
246,774,10.278122500000000,1.927728537961696,12.717495000000000,1568157.125000000000000,5176930.625000000000000
246,789,8.512852857142860,2.263548329099081,10.214281428571429,1569654.000000000000000,5176978.428571428172290
246,797,5.624995000000000,1.472736525307797,6.900000000000000,1570425.000000000000000,5176930.500000000000000
246,805,5.079990000000000,0.449990000000000,5.960000000000002,1571231.000000000000000,5176951.000000000000000
246,808,2.415000000000000,1.405736525307797,3.104990000000000,1571531.500000000000000,5176939.500000000000000
246,814,3.454993750000000,2.236662669288645,4.686245000000000,1572176.500000000000000,5176975.999999999068677
246,822,0.570747500000000,1.934478537961696,2.184993750000000,1572968.500000000000000,5176937.000000000000000
246,826,1.444992500000000,1.947354787961696,3.187492500000000,1573347.000000000000000,5176953.749999999068677
246,827,1.464995000000000,1.442736525307797,2.494995000000000,1573402.500000000000000,5176950.000000000000000
246,834,0.444996666666667,1.730315367077063,2.200000000000000,1574193.000000000000000,5176995.333333333022892
247,732,14.520000000000000,0.175990000000000,20.170000000000002,1563980.000000000232831,5176801.000000000000000
247,734,14.409990000000001,0.379000000000000,19.659990000000001,1564102.000000000000000,5176889.000000000000000
247,735,14.199990000000000,0.699000000000000,19.569990000000001,1564203.000000000000000,5176808.000000000000000
247,794,5.839990000000000,1.878312033743730,8.050000000000002,1570154.000000000000000,5176872.000000000000000
247,806,4.487495000000001,1.453236525307798,5.660000000000000,1571360.500000000000000,5176820.500000000000000
247,826,1.655994000000000,2.100978440492476,2.449996000000000,1573325.800000000046566,5176841.599999999627471
248,212,202.360000000000014,2.453990000000000,210.740000000000009,1511904.000000000000000,5176729.000000000000000
248,614,43.327990000000007,0.754990000000000,61.027990000000003,1552192.000000000000000,5176753.000000000000000
248,694,18.338999999999999,0.930000000000000,28.963999999999999,1560123.000000000000000,5176739.000000000000000
248,769,9.964993750000000,2.236787669288645,10.757493750000000,1567631.500000000000000,5176749.625000000000000
248,798,5.099996666666668,2.123225875512996,5.793328333333334,1570568.500000000000000,5176759.166666666977108
248,799,4.887993333333334,0.956491016871865,6.129996666666668,1570664.333333333255723,5176749.666666666977108
248,802,4.468745000000000,1.926852287961696,6.064997500000000,1570953.750000000000000,5176729.500000000000000
248,809,5.487245000000000,1.444234025307797,7.040000000000002,1571649.750000000000000,5176736.750000000000000
248,826,1.541660000000000,1.713982033743730,2.159996666666667,1573384.666666666744277,5176758.666666666977108
248,828,1.131421428571429,2.186976900527653,2.259991428571429,1573548.428571428405121,5176749.857142857275903
249,221,185.934000000000026,0.938000000000000,204.003989999999988,1512818.000000000000000,5176686.000000000000000
249,728,15.569995000000000,1.640731525307797,19.999994999999998,1563521.000000000000000,5176627.500000000000000
249,768,9.572500000000002,1.391736525307797,10.539994999999999,1567568.500000000000000,5176685.499999999068677
249,773,9.878494999999999,1.741647033743730,10.454993333333334,1568080.333333333255723,5176653.166666666977108
249,789,8.044996666666668,1.743312033743730,9.913333333333334,1569695.333333333255723,5176678.333333333022892
249,792,8.699995000000001,1.395731525307797,9.449999999999999,1569938.000000000000000,5176653.499999999068677
249,797,4.365990000000000,1.583081830369357,6.039998000000002,1570461.000000000000000,5176653.000000000000000
249,799,5.793330000000002,1.748982033743730,8.176663333333334,1570698.000000000000000,5176611.000000000000000
249,801,4.127330000000000,1.821982033743730,5.743323333333334,1570847.666666666744277,5176659.333333333022892
249,802,4.136247500000002,1.935602287961696,4.749995000000000,1570973.500000000000000,5176628.000000000000000
249,808,3.084995714285715,2.354867832714481,4.186422857142857,1571550.714285714318976,5176641.214285714551806
249,827,1.939997500000000,1.262236525307797,2.569992500000000,1573442.500000000000000,5176644.000000000000000
250,221,195.026489999999995,1.952995000000000,204.283989999999989,1512827.500000000000000,5176554.500000000000000
250,726,14.460000000000001,2.851990000000000,20.159990000000001,1563399.000000000000000,5176513.000000000000000
250,760,9.502490000000002,1.345736525307797,10.930000000000000,1566747.000000000000000,5176512.500000000000000
250,766,10.090994999999999,1.481236525307798,10.389995000000001,1567339.500000000000000,5176562.000000000000000
250,771,9.354995000000001,1.382736525307797,9.630000000000001,1567849.000000000000000,5176514.000000000000000
250,790,7.443441111111112,2.020921261589907,9.571108888888890,1569735.555555555503815,5176548.444444444030523
250,794,6.941660000000000,1.824978700410397,8.489990000000002,1570170.000000000000000,5176573.000000000000000
250,798,5.944993333333334,1.741813700410397,8.479995000000002,1570557.166666666744277,5176577.500000000000000
250,804,5.244990000000000,1.507736525307797,6.899990000000002,1571123.000000000000000,5176582.500000000000000
250,805,4.408326666666668,1.788645367077064,5.633330000000002,1571263.333333333255723,5176560.666666666977108
250,828,4.194995000000000,1.334236525307798,4.494990000000000,1573543.500000000000000,5176558.500000000000000
250,840,0.768990000000000,0.232990000000000,2.460000000000000,1574707.999999999767169,5176515.000000000000000
250,847,0.823000000000000,0.425000000000000,1.429990000000000,1575461.000000000000000,5176573.000000000000000
251,698,17.611990000000002,1.406000000000000,26.461990000000004,1560566.000000000000000,5176469.000000000931323
251,723,14.249990000000000,0.014000000000000,22.940000000000001,1563002.000000000000000,5176489.000000000000000
251,771,8.544995000000000,1.302736525307797,9.374995000000000,1567811.999999999767169,5176470.500000000000000
251,779,9.102660000000000,1.734315367077063,11.383326666666669,1568681.000000000000000,5176461.666666666977108
251,794,6.561998000000000,2.097976440492476,9.073994000000004,1570142.000000000000000,5176427.200000000186265
251,797,5.772990000000000,0.175990000000000,9.109990000000002,1570476.000000000232831,5176429.000000000000000
251,801,3.658745000000001,1.326736525307797,4.277492500000000,1570890.000000000000000,5176457.000000000000000
251,807,2.219990000000000,1.446236525307797,4.000000000000000,1571470.000000000000000,5176487.000000000000000
252,692,15.692990000000002,0.778990000000000,28.003000000000004,1559933.000000000000000,5176378.000000000000000
252,723,15.574990000000000,0.986000000000000,20.530000000000001,1563023.000000000000000,5176302.000000000000000
252,795,5.334995000000000,1.306736525307797,6.629990000000002,1570282.000000000000000,5176376.500000000000000
252,800,5.434993333333334,1.758312033743730,7.433333333333334,1570737.333333333488554,5176352.666666666977108
252,804,4.438995000000000,1.393236525307797,5.869990000000000,1571167.000000000000000,5176379.500000000000000
252,806,3.654995000000000,2.012102287961696,5.582497500000002,1571344.250000000000000,5176340.750000000000000
252,807,3.246663333333334,1.755645367077063,4.406663333333334,1571458.000000000000000,5176381.000000000000000
253,269,165.516000000000020,0.669000000000000,169.171000000000021,1517635.000000000000000,5176271.000000000000000
253,698,15.395000000000000,0.028990000000000,25.430000000000003,1560561.000000000000000,5176211.000000000000000
253,775,8.958747500000001,1.343484025307798,9.822500000000002,1568287.750000000000000,5176228.750000000000000
253,776,8.867775555555555,2.300197156102751,10.253327777777775,1568361.777777777751908,5176255.777777777984738
253,786,7.230000000000000,0.231990000000000,11.039990000000000,1569363.000000000000000,5176266.999999999068677
253,793,5.293323333333334,1.726312033743730,6.946663333333334,1570038.666666666511446,5176210.666666666977108
253,797,7.215828333333334,2.171727542179662,8.374995000000000,1570448.166666666744277,5176241.000000000000000
254,308,151.824990000000014,1.279990000000000,154.582990000000024,1521516.000000000232831,5176173.000000000000000
254,751,10.972326666666667,1.737978700410397,12.819996666666668,1565860.333333333255723,5176138.999999999068677
254,772,7.605995000000002,1.581236525307797,9.209994999999999,1567943.000000000000000,5176181.500000000000000
254,801,3.212495000000000,1.965852287961696,4.727495000000000,1570835.999999999767169,5176165.000000000000000
254,805,4.853333333333334,1.762315367077063,6.456663333333334,1571235.000000000000000,5176133.000000000000000
255,696,15.253000000000002,1.054000000000000,25.527990000000003,1560387.999999999767169,5176046.000000000000000
255,700,14.675990000000001,0.495000000000000,23.945989999999998,1560793.000000000000000,5176069.000000000000000
255,749,12.031000000000001,0.321000000000000,13.050000000000001,1565691.000000000000000,5176088.000000000000000
255,751,10.939995000000000,0.460995000000000,12.674994999999999,1565853.500000000000000,5176077.499999999068677
255,777,9.241160000000001,1.410566525307798,10.484991666666668,1568453.666666666744277,5176075.166666666977108
256,291,157.282999999999987,0.479000000000000,160.212990000000019,1519882.000000000000000,5175921.000000000000000
256,658,24.603000000000002,1.034990000000000,40.123000000000005,1556515.999999999767169,5175951.000000000000000
256,750,11.557494999999999,1.376731525307797,13.059995000000001,1565739.500000000000000,5175935.500000000000000
256,752,10.692996666666668,1.099491016871865,12.029990000000000,1565970.666666666744277,5175925.666666666977108
256,753,10.424994999999999,1.388236525307797,11.744990000000000,1566073.000000000000000,5175946.500000000000000
256,805,5.116242500000000,2.016602287961696,7.732495000000002,1571259.750000000000000,5175970.500000000000000
256,849,1.080000000000000,0.495990000000000,1.240000000000000,1575616.000000000000000,5175982.000000000000000
256,898,0.931995000000000,1.362484025307797,2.329492500000000,1580547.500000000000000,5175945.750000000000000
257,627,37.645990000000005,1.412990000000000,50.595999999999997,1553478.000000000000000,5175802.000000000000000
257,628,37.458000000000006,1.348990000000000,50.307989999999997,1553507.000000000000000,5175807.000000000000000
257,658,23.881989999999998,0.833990000000000,39.762000000000000,1556530.000000000000000,5175854.000000000000000
257,752,10.300000000000001,1.381736525307797,11.965000000000002,1565951.500000000000000,5175843.000000000000000
257,754,10.877495000000000,1.461731525307797,11.574990000000000,1566145.000000000000000,5175829.000000000931323
257,755,9.869994999999999,1.382236525307798,11.455000000000000,1566244.500000000000000,5175862.000000000000000
257,785,7.015000000000002,1.367736525307797,8.579995000000000,1569246.000000000000000,5175836.500000000000000
257,806,1.964990000000000,1.381231525307797,3.119995000000000,1571333.000000000000000,5175893.500000000000000
258,693,16.436000000000000,0.929000000000000,25.236000000000001,1560003.000000000000000,5175789.000000000000000
258,729,13.920000000000002,0.216990000000000,16.530000000000001,1563644.000000000232831,5175786.999999999068677
258,740,13.629663333333337,1.084484350205198,15.023330000000000,1564781.000000000000000,5175766.666666666977108
258,755,9.972495000000002,0.224995000000000,11.335000000000001,1566225.500000000000000,5175728.000000000931323
258,756,9.249990000000000,0.179000000000000,11.170000000000002,1566371.000000000000000,5175773.000000000000000
258,776,8.616596000000001,1.686483830369357,10.155996000000000,1568332.199999999720603,5175745.200000000186265
258,803,4.694282857142858,2.179261186241938,6.569995714285716,1571049.714285714318976,5175738.714285714551806
259,296,154.921000000000021,0.528990000000000,157.110989999999987,1520335.000000000000000,5175671.000000000000000
259,708,15.127495000000000,0.668495000000000,20.265000000000001,1561570.500000000000000,5175622.000000000000000
259,720,14.805000000000000,0.755990000000000,17.110000000000003,1562776.000000000000000,5175690.999999999068677
259,756,10.262492500000000,1.428734025307797,11.067494999999999,1566336.000000000000000,5175667.000000000000000
260,727,14.752497500000000,2.004104787961696,17.314992500000002,1563452.000000000232831,5175572.000000000000000
260,761,8.164990000000001,0.782990000000000,9.180000000000000,1566816.000000000000000,5175592.000000000000000
260,776,7.782660000000002,2.387241513907889,9.417994666666669,1568347.399999999906868,5175533.533333333209157
260,779,8.329995000000000,1.474236525307797,10.034990000000001,1568627.999999999767169,5175517.500000000000000
261,727,14.823323333333336,1.881312033743730,16.816663333333334,1563439.333333333255723,5175461.333333333954215
261,728,14.060499999999999,1.459236525307798,17.279990000000002,1563567.000000000000000,5175442.500000000931323
261,765,8.100000000000001,0.711000000000000,8.539990000000001,1567202.000000000000000,5175451.000000000000000
261,783,6.617490000000000,1.331736525307797,8.124995000000002,1569073.500000000000000,5175422.500000000000000
262,729,14.369992500000000,2.013354787961696,17.039995000000001,1563621.750000000000000,5175349.250000000000000
262,780,9.189990000000000,0.224000000000000,10.369990000000000,1568750.000000000000000,5175390.000000000000000
263,695,16.273000000000000,0.978990000000000,23.122990000000001,1560273.000000000000000,5175289.000000000000000
263,704,15.416000000000002,0.583990000000000,21.017990000000001,1561146.000000000000000,5175298.000000000000000
263,745,11.989990000000001,0.442000000000000,13.649990000000001,1565214.000000000000000,5175261.000000000000000
264,328,138.498000000000019,1.830990000000000,143.268000000000001,1523535.000000000000000,5175158.000000000000000
264,744,12.600000000000000,0.085000000000000,14.140000000000001,1565171.000000000000000,5175110.000000000000000
265,333,132.089990000000000,4.281000000000001,143.054990000000004,1524076.000000000232831,5175086.000000000000000
265,700,14.239000000000001,0.867990000000000,20.934000000000001,1560703.000000000000000,5175089.000000000000000
265,751,9.695000000000000,1.401731525307797,10.920000000000002,1565811.999999999767169,5175015.500000000000000
266,361,118.997000000000000,2.732000000000000,137.057000000000016,1526888.000000000000000,5174906.000000000000000
266,732,13.328245000000001,1.527231525307797,15.552492500000000,1563974.000000000000000,5174942.500000000000000
266,734,13.387990000000000,0.287990000000000,16.209990000000001,1564169.000000000000000,5174917.000000000000000
267,713,14.167999999999999,0.277990000000000,16.347990000000003,1562003.000000000000000,5174889.000000000000000
267,718,13.859990000000002,0.335000000000000,15.619990000000000,1562562.000000000000000,5174810.000000000000000
267,728,12.800000000000001,0.133000000000000,14.189990000000002,1563549.000000000000000,5174863.000000000000000
268,728,13.329990000000000,1.346236525307798,14.319990000000001,1563563.000000000000000,5174714.000000000000000
268,734,13.884990000000002,1.495731525307797,15.844989999999999,1564174.000000000000000,5174722.500000000000000
269,652,23.722990000000003,1.437000000000000,37.323000000000000,1555927.000000000000000,5174633.000000000000000
270,738,13.197138571428573,2.203976900527653,15.508565714285714,1564520.142857142956927,5174556.428571428172290
271,651,23.631989999999998,1.664990000000000,37.312000000000005,1555805.000000000000000,5174479.000000000000000
271,691,15.539990000000000,0.944000000000000,23.190000000000001,1559801.000000000000000,5174456.000000000000000
271,744,12.657500000000001,1.417236525307797,14.390000000000001,1565157.000000000000000,5174459.500000000000000
271,753,10.079990000000000,0.275990000000000,11.520000000000000,1566044.000000000232831,5174460.000000000000000
272,696,15.477990000000002,0.028000000000000,21.357990000000001,1560303.000000000000000,5174390.000000000000000
273,594,41.111990000000006,0.579990000000000,58.942000000000007,1550157.000000000000000,5174279.000000000000000
273,741,12.552490000000001,1.387731525307797,14.439990000000002,1564848.000000000000000,5174286.500000000000000
274,346,121.629990000000006,4.092990000000001,135.219999999999999,1525352.000000000000000,5174154.000000000000000
274,739,12.503994000000000,2.053778440492476,14.305996000000000,1564649.199999999953434,5174153.599999999627471
275,720,10.265000000000001,0.215000000000000,14.840000000000002,1562749.000000000000000,5174023.000000000000000
275,741,12.374995000000002,1.335731525307798,13.744994999999999,1564854.000000000000000,5174024.499999999068677
275,743,12.497495000000001,1.928602287961696,13.677495000000000,1565033.000000000000000,5174072.250000000000000
275,745,12.213329999999999,1.726982033743730,13.819996666666668,1565281.333333333488554,5174077.666666666977108
276,362,119.551000000000016,3.243000000000000,130.091000000000008,1526998.000000000000000,5173952.000000000000000
276,745,11.899995000000001,1.292731525307797,13.930000000000000,1565251.000000000000000,5173950.000000000000000
276,768,8.564990000000000,1.024000000000000,9.909990000000001,1567501.000000000000000,5173940.000000000000000
277,608,36.783000000000001,2.526000000000000,52.243000000000002,1551507.000000000000000,5173889.000000000000000
278,323,136.580990000000014,0.616990000000000,139.070990000000023,1523025.000000000000000,5173737.000000000000000
278,357,115.471000000000004,0.141000000000000,130.171000000000021,1526409.000000000000000,5173777.000000000000000
279,660,24.399990000000003,1.363990000000000,31.499990000000004,1556792.000000000000000,5173689.000000000000000
280,357,119.127989999999997,2.533990000000000,128.548000000000002,1526411.000000000000000,5173517.000000000000000
280,669,17.718000000000000,1.442990000000000,27.978000000000002,1557614.000000000000000,5173572.000000000000000
280,688,16.281000000000002,1.100000000000000,22.725990000000003,1559559.000000000000000,5173523.000000000000000
280,696,14.604990000000001,0.658990000000000,20.104990000000001,1560377.000000000000000,5173587.000000000000000
281,706,15.217000000000001,0.635990000000000,16.986990000000002,1561367.000000000000000,5173416.000000000000000
281,720,13.178000000000001,0.397000000000000,14.027990000000001,1562784.000000000000000,5173438.000000000000000
282,358,116.977990000000005,1.532990000000000,127.507999999999996,1526528.000000000000000,5173379.000000000000000
282,650,20.640999999999998,1.899000000000000,34.480990000000006,1555747.999999999767169,5173366.000000000000000
282,663,15.906990000000002,1.187000000000000,22.306990000000003,1557019.000000000000000,5173396.000000000000000
285,665,14.765990000000000,1.072000000000000,28.865990000000004,1557206.000000000000000,5173095.000000000000000
286,546,49.909990000000008,4.302000000000000,71.109999999999999,1545339.000000000000000,5172929.000000000000000
286,699,15.068989999999999,1.999648700410397,18.322323333333333,1560630.000000000000000,5172938.000000000000000
287,593,42.857999999999997,0.875990000000000,54.167990000000003,1550007.000000000000000,5172889.000000000000000
287,748,11.609995000000000,1.453731525307797,12.224995000000000,1565507.500000000000000,5172879.999999999068677
289,352,121.668989999999994,0.035000000000000,123.233999999999995,1525955.000000000000000,5172635.000000000000000
289,560,48.842990000000007,2.872990000000000,62.833000000000006,1546764.000000000232831,5172679.000000000000000
289,749,9.899990000000001,0.551990000000000,11.430000000000000,1565642.000000000000000,5172602.000000000000000
289,751,10.180000000000000,0.551990000000000,13.800000000000001,1565893.000000000000000,5172677.000000000000000
291,343,126.239990000000006,0.497990000000000,127.049999999999997,1525021.000000000000000,5172441.000000000000000
293,366,114.899000000000015,0.816990000000000,121.393990000000016,1527317.000000000000000,5172269.000000000000000
293,738,7.929990000000002,0.347990000000000,9.560000000000000,1564502.000000000000000,5172221.000000000000000
294,564,50.039000000000001,2.040990000000000,59.398990000000005,1547107.999999999767169,5172190.000000000000000
294,613,29.253990000000002,0.607990000000000,43.164000000000001,1552007.000000000000000,5172190.000000000000000
294,740,8.680000000000001,0.112990000000000,8.989990000000002,1564771.999999999767169,5172101.000000000000000
295,663,15.125999999999999,1.434990000000000,26.916000000000004,1557024.000000000000000,5172012.000000000000000
296,628,24.553999999999998,1.677990000000000,37.013990000000000,1553549.000000000000000,5171933.000000000000000
296,646,20.451000000000001,2.209000000000000,31.451000000000004,1555325.000000000000000,5171904.000000000000000
297,681,13.529990000000002,0.879000000000000,21.985000000000003,1558894.000000000000000,5171825.000000000000000
298,365,113.052999999999997,1.177990000000000,116.302999999999997,1527228.000000000232831,5171746.000000000000000
299,633,20.204000000000001,1.085000000000000,33.361000000000004,1554097.000000000000000,5171612.000000000000000
299,728,9.680495000000001,0.310500000000000,10.836000000000000,1563558.000000000000000,5171697.000000000000000
300,374,110.072990000000004,0.134000000000000,112.097989999999996,1528192.000000000000000,5171570.000000000000000
301,602,32.667990000000003,1.623000000000000,43.198000000000000,1550946.000000000000000,5171407.000000000000000
303,705,13.481999999999999,0.662990000000000,15.251989999999999,1561203.000000000000000,5171291.000000000000000
303,706,13.671989999999999,0.552990000000000,14.961990000000002,1561303.000000000000000,5171291.000000000000000
304,385,102.817999999999998,0.968990000000000,107.082999999999998,1529269.000000000000000,5171187.000000000000000
304,395,101.590999999999994,0.949990000000000,103.730999999999995,1530236.000000000232831,5171134.000000000000000
306,330,122.945989999999995,0.814990000000000,132.296000000000021,1523795.999999999767169,5170963.000000000000000
306,345,121.078000000000003,0.064000000000000,123.707999999999998,1525215.000000000000000,5170988.000000000000000
307,338,123.211990000000000,0.892000000000000,127.772000000000006,1524530.000000000000000,5170842.000000000000000
307,350,118.629990000000006,0.776000000000000,121.281989999999993,1525740.000000000232831,5170881.000000000000000
307,357,115.902990000000003,0.402990000000000,118.927999999999997,1526415.000000000000000,5170889.000000000000000
307,359,114.885000000000005,0.156000000000000,117.574990000000000,1526695.000000000000000,5170858.000000000000000
307,712,12.286989999999999,0.533990000000000,13.071990000000000,1561948.000000000232831,5170869.000000000931323
308,595,34.268000000000001,0.967000000000000,43.568000000000005,1550207.000000000000000,5170790.000000000000000
309,359,115.343000000000004,0.661000000000000,117.332999999999998,1526613.000000000000000,5170669.000000000000000
309,521,47.442000000000007,4.270990000000001,69.402000000000001,1542805.000000000000000,5170695.000000000000000
309,709,10.701000000000001,0.321000000000000,13.180990000000000,1561664.000000000000000,5170616.000000000000000
310,538,51.791990000000006,2.368990000000000,62.332000000000008,1544509.000000000000000,5170590.000000000000000
311,531,50.576990000000002,3.461990000000000,64.141990000000007,1543809.000000000000000,5170490.000000000000000
311,664,13.130000000000001,0.504000000000000,21.790000000000003,1557185.000000000000000,5170451.000000000000000
311,711,11.616000000000000,0.550000000000000,12.715990000000000,1561803.000000000000000,5170491.000000000000000
312,345,118.891990000000007,0.504000000000000,123.461990000000000,1525261.000000000000000,5170337.000000000000000
312,388,101.120000000000005,2.749000000000000,105.358999999999995,1529534.000000000000000,5170327.000000000000000
312,707,11.930990000000000,0.536000000000000,12.491000000000000,1561475.000000000000000,5170300.000000000000000
313,383,103.177999999999997,1.728000000000000,107.392989999999998,1529086.000000000000000,5170289.000000000000000
313,386,102.915999999999997,2.565000000000000,106.405990000000003,1529308.000000000232831,5170243.000000000000000
313,532,53.769000000000005,2.802990000000000,62.005000000000003,1543999.000000000000000,5170210.000000000000000
313,673,12.626995000000001,2.119000000000000,17.247000000000000,1558096.000000000000000,5170217.000000000000000
314,385,101.957999999999998,1.845990000000000,105.721999999999994,1529287.000000000000000,5170138.000000000000000
314,387,101.013990000000007,2.131000000000000,104.760000000000005,1529479.000000000000000,5170107.000000000000000
314,545,50.140990000000002,2.552990000000000,58.445990000000002,1545201.000000000000000,5170169.000000000000000
315,371,108.497000000000000,0.441000000000000,111.781989999999993,1527824.000000000000000,5170005.000000000931323
315,378,107.542990000000003,0.938000000000000,109.477990000000005,1528507.000000000000000,5170074.000000000000000
315,673,13.081000000000000,1.585990000000000,17.275990000000000,1558034.000000000000000,5170061.000000000000000
316,370,108.352990000000005,0.524990000000000,111.052999999999997,1527745.000000000000000,5169911.000000000000000
317,369,108.719999999999999,0.448000000000000,111.559989999999999,1527615.000000000000000,5169890.000000000000000
317,469,61.060000000000002,11.553990000000001,82.889990000000012,1537601.000000000000000,5169870.000000000000000
317,541,51.097990000000003,2.292000000000000,56.813989999999997,1544879.000000000000000,5169820.000000000000000
318,397,96.299999999999997,3.882990000000000,99.549999999999997,1530455.000000000000000,5169799.000000000000000
319,606,28.340990000000001,0.679000000000000,34.230990000000006,1551397.000000000000000,5169641.000000000000000
320,723,8.064000000000000,0.435000000000000,8.189000000000000,1563018.000000000000000,5169553.000000000000000
321,708,9.503990000000000,0.481990000000000,10.223990000000001,1561546.000000000000000,5169403.000000000000000
323,407,93.722989999999996,2.032000000000000,96.022999999999996,1531411.999999999767169,5169230.000000000000000
323,724,7.728000000000002,0.316000000000000,8.112990000000000,1563155.999999999767169,5169217.000000000000000
324,384,103.194990000000004,0.648990000000000,105.415000000000006,1529168.000000000000000,5169157.000000000000000
324,549,44.376990000000006,2.615000000000000,52.416990000000006,1545609.000000000000000,5169191.000000000000000
324,707,8.609990000000002,0.342000000000000,8.810000000000000,1561434.000000000000000,5169138.000000000000000
324,735,6.047500000000000,1.458231525307797,8.295500000000002,1564258.500000000000000,5169164.500000000000000
325,672,11.305000000000000,0.887000000000000,16.725000000000001,1557966.000000000000000,5169021.000000000000000
325,703,8.465000000000000,0.532990000000000,9.814990000000002,1561023.000000000000000,5169020.000000000000000
328,368,106.147999999999996,0.166990000000000,109.882999999999996,1527514.000000000000000,5168757.000000000931323
328,395,96.750000000000000,0.515990000000000,100.189999999999998,1530221.000000000000000,5168702.000000000000000
328,618,19.739000000000001,1.501000000000000,27.569000000000003,1552573.000000000000000,5168708.000000000000000
328,695,9.420000000000000,0.684000000000000,10.140000000000001,1560207.000000000000000,5168736.000000000000000
329,377,102.821990000000000,0.393000000000000,106.231999999999999,1528464.000000000000000,5168629.000000000931323
329,683,9.269000000000000,0.816990000000000,13.638990000000002,1559084.000000000232831,5168632.000000000000000
330,374,102.927000000000007,0.342000000000000,106.916989999999998,1528134.000000000000000,5168573.000000000000000
330,739,5.430995000000000,1.323736525307798,7.605990000000000,1564609.500000000000000,5168548.000000000000000
332,398,94.141990000000007,0.481000000000000,97.491990000000001,1530593.000000000000000,5168391.000000000000000
332,566,38.341990000000003,1.490000000000000,43.457000000000001,1547309.000000000000000,5168396.000000000000000
332,586,33.118000000000002,1.378990000000000,36.127989999999997,1549308.000000000232831,5168391.000000000000000
332,629,18.893989999999999,0.211990000000000,23.253990000000002,1553606.000000000000000,5168391.000000000000000
334,386,97.343000000000004,0.085000000000000,101.902990000000003,1529352.000000000000000,5168193.000000000000000
335,506,55.241999999999997,0.800990000000000,61.241999999999997,1541379.000000000000000,5168076.000000000000000
335,580,32.638000000000005,0.907000000000000,36.287990000000001,1548795.000000000000000,5168040.000000000000000
335,581,32.308990000000001,1.055990000000000,36.278990000000000,1548803.000000000000000,5168040.000000000000000
336,652,9.673000000000000,1.019000000000000,18.107990000000001,1555944.000000000000000,5167986.000000000000000
337,376,98.869000000000000,1.044990000000000,105.069000000000003,1528314.000000000000000,5167889.000000000000000
337,398,93.353989999999996,0.393000000000000,96.253990000000002,1530505.000000000000000,5167860.000000000000000
337,569,36.015990000000002,1.613000000000000,40.465990000000005,1547608.000000000000000,5167891.000000000000000
337,574,33.515990000000002,0.961000000000000,38.095999999999997,1548128.000000000000000,5167891.000000000000000
338,595,28.983989999999999,1.184000000000000,31.524000000000001,1550205.000000000000000,5167741.000000000000000
339,375,98.361990000000006,0.449990000000000,105.841999999999999,1528203.000000000000000,5167687.000000000000000
340,412,87.600990000000010,0.462990000000000,90.820989999999995,1531958.000000000000000,5167562.000000000000000
340,413,86.443000000000012,0.426990000000000,91.017989999999998,1532026.000000000000000,5167509.000000000931323
340,457,66.897000000000006,7.460000000000002,73.222000000000023,1536465.000000000000000,5167562.000000000000000
340,527,47.075000000000003,0.721000000000000,51.915000000000006,1543411.000000000000000,5167522.000000000000000
341,170,181.855999999999995,0.638990000000000,185.645990000000012,1507720.000000000000000,5167415.000000000000000
341,372,97.677000000000007,1.488000000000000,107.126990000000006,1527925.000000000000000,5167479.000000000000000
341,389,94.662000000000006,0.517000000000000,98.321990000000000,1529646.000000000000000,5167414.000000000000000
341,650,13.968000000000002,1.368990000000000,16.107990000000001,1555736.000000000000000,5167442.000000000000000
341,663,10.097989999999999,0.612990000000000,12.267989999999999,1557037.000000000000000,5167439.999999999068677
342,445,68.829495000000009,2.920736525307797,78.421995000000010,1535219.500000000000000,5167326.500000000000000
342,455,71.287000000000006,4.015990000000001,74.056989999999999,1536209.000000000000000,5167305.000000000000000
342,557,37.308990000000001,0.828000000000000,41.409000000000006,1546412.000000000232831,5167313.000000000000000
343,404,89.581999999999994,0.085000000000000,92.741990000000001,1531174.000000000000000,5167283.000000000000000
343,423,82.722990000000010,0.839990000000000,86.235000000000014,1533041.000000000000000,5167260.000000000000000
343,689,5.973000000000002,0.178000000000000,6.748000000000000,1559666.000000000000000,5167279.000000000000000
345,471,64.558490000000006,2.931495000000000,67.283995000000004,1537880.000000000000000,5167031.500000000931323
345,641,13.612990000000002,1.088990000000000,15.862990000000002,1554886.000000000000000,5167093.000000000931323
348,182,174.645000000000010,0.700990000000000,182.324990000000014,1508979.999999999767169,5166717.000000000000000
348,668,7.098000000000002,0.476990000000000,8.328000000000001,1557560.000000000000000,5166770.000000000000000
349,389,91.800494999999998,1.372495000000000,96.940500000000000,1529689.500000000000000,5166673.500000000000000
349,452,71.741990000000001,2.558000000000000,74.331999999999994,1535992.000000000000000,5166691.000000000000000
350,503,51.851999999999997,1.703990000000000,55.582000000000008,1541058.000000000000000,5166583.000000000000000
350,529,40.177999999999997,1.373000000000000,46.467990000000000,1543669.000000000000000,5166520.000000000000000
351,420,81.393990000000002,0.607990000000000,85.213990000000010,1532754.000000000000000,5166425.000000000000000
351,710,4.711990000000000,0.156000000000000,6.202000000000002,1561703.000000000000000,5166493.000000000000000
351,733,4.920000000000002,0.310990000000000,6.389990000000002,1564005.000000000000000,5166492.000000000000000
352,714,4.454990000000000,0.658990000000000,5.927990000000000,1562184.000000000000000,5166323.000000000000000
354,553,35.686000000000000,1.171000000000000,38.526000000000003,1546009.000000000000000,5166192.000000000931323
354,555,31.684000000000001,0.474000000000000,37.548990000000003,1546298.000000000000000,5166137.000000000000000
355,509,49.414000000000001,0.045000000000000,52.644000000000005,1541673.000000000000000,5166078.000000000000000
355,587,27.050999999999998,0.178000000000000,27.106000000000002,1549491.999999999767169,5166047.000000000000000
356,393,87.488990000000001,1.776000000000000,93.128990000000002,1530038.000000000000000,5165903.999999999068677
356,518,44.446990000000007,1.470000000000000,48.146990000000002,1542574.000000000000000,5165997.000000000000000
356,519,44.841990000000003,1.832000000000000,48.262000000000000,1542664.000000000000000,5165965.000000000000000
359,655,7.600990000000000,0.626990000000000,9.125999999999999,1556209.000000000000000,5165625.000000000000000
359,700,4.163000000000001,0.224000000000000,5.143000000000002,1560723.999999999767169,5165653.000000000931323
360,410,82.543989999999994,0.411000000000000,86.813999999999993,1531744.000000000000000,5165531.000000000000000
360,630,12.838990000000001,0.556990000000000,14.286989999999999,1553749.000000000000000,5165567.000000000000000
360,686,2.677990000000000,0.291000000000000,3.680990000000000,1559336.000000000000000,5165522.000000000000000
361,729,4.114990000000001,0.707000000000000,5.829990000000000,1563603.999999999767169,5165482.999999999068677
362,497,54.083000000000006,0.268000000000000,54.393000000000008,1540411.000000000000000,5165391.000000000000000
363,434,73.556989999999999,0.658990000000000,76.876990000000006,1534140.000000000232831,5165203.000000000000000
363,483,58.974990000000005,0.986990000000000,59.490000000000002,1539071.000000000000000,5165201.000000000000000
364,434,73.781989999999993,0.606000000000000,76.872000000000000,1534145.000000000000000,5165197.000000000000000
365,474,62.330000000000005,1.389990000000000,62.880000000000003,1538122.000000000000000,5165091.000000000000000
365,605,16.569000000000003,0.686990000000000,19.847000000000001,1551288.000000000000000,5165039.000000000000000
365,657,6.150000000000000,0.349000000000000,6.409990000000002,1556419.999999999767169,5165095.000000000000000
366,600,18.678999999999998,0.316000000000000,19.518989999999999,1550710.000000000000000,5164953.000000000000000
366,710,5.609000000000002,0.777990000000000,5.658990000000000,1561773.000000000000000,5164983.000000000000000
367,401,81.898000000000010,0.838990000000000,87.407990000000012,1530880.000000000000000,5164803.000000000000000
369,444,68.464990000000000,0.669000000000000,71.675000000000011,1535166.000000000000000,5164653.000000000000000
369,665,4.685990000000000,0.310000000000000,6.770990000000000,1557299.000000000000000,5164678.000000000000000
370,688,3.256000000000000,0.082990000000000,3.621000000000000,1559550.000000000000000,5164545.000000000000000
371,421,75.962990000000005,0.499990000000000,80.163000000000011,1532826.000000000000000,5164448.000000000000000
371,449,65.551000000000002,1.541000000000000,69.640990000000002,1535635.999999999767169,5164476.000000000000000
371,456,64.988990000000001,1.156990000000000,66.418990000000008,1536352.000000000000000,5164461.000000000000000
371,505,49.421999999999997,1.057990000000000,50.821990000000007,1541231.000000000000000,5164422.000000000000000
372,521,43.719000000000001,0.646000000000000,43.938989999999997,1542842.000000000000000,5164348.000000000000000
373,670,3.653000000000001,0.148000000000000,4.842990000000000,1557715.000000000000000,5164283.000000000000000
374,522,43.066000000000003,0.428990000000000,44.046000000000006,1542976.000000000000000,5164141.000000000000000
374,689,2.429996666666667,1.975645367077064,4.563323333333334,1559688.000000000000000,5164192.333333333954215
375,513,45.566000000000003,0.522000000000000,47.436000000000007,1542001.000000000000000,5164062.000000000000000
375,522,42.159995000000009,0.618495000000000,44.198495000000008,1542919.000000000000000,5164049.500000000000000
377,392,74.870000000000005,1.800990000000000,89.769990000000007,1529999.000000000000000,5163853.000000000000000
378,532,38.535990000000005,0.280990000000000,41.576000000000001,1543910.000000000000000,5163791.999999999068677
378,610,13.817000000000002,0.203990000000000,13.956989999999999,1551707.000000000000000,5163793.000000000000000
379,215,156.867000000000019,0.014000000000000,159.766990000000021,1512234.000000000000000,5163667.000000000000000
379,426,72.015990000000002,0.507000000000000,76.450990000000004,1533325.000000000000000,5163679.000000000000000
379,482,52.759990000000002,0.665000000000000,55.259990000000002,1538949.000000000000000,5163621.000000000000000
382,400,76.480000000000004,1.763000000000000,84.889990000000012,1530714.000000000000000,5163391.000000000000000
382,486,52.194989999999997,0.217990000000000,53.529990000000005,1539312.000000000000000,5163392.000000000000000
382,522,40.492495000000005,1.427231525307797,41.447495000000004,1542992.000000000000000,5163345.000000000000000
382,544,31.881000000000004,0.830990000000000,34.791000000000004,1545138.000000000000000,5163319.000000000000000
385,536,35.304000000000002,0.546000000000000,38.773990000000005,1544354.000000000000000,5163061.000000000931323
386,415,72.600990000000010,0.860000000000000,77.301000000000002,1532214.000000000000000,5162991.000000000000000
386,453,61.335990000000002,1.152990000000000,63.925990000000006,1536066.000000000000000,5162905.000000000000000
386,615,7.629000000000000,0.488000000000000,10.444000000000001,1552259.000000000000000,5162953.000000000000000
388,542,33.200000000000003,0.528990000000000,36.645000000000003,1544910.000000000000000,5162793.000000000000000
388,590,14.779000000000002,0.134000000000000,17.048990000000000,1549707.000000000000000,5162760.000000000000000
390,610,8.666990000000000,0.089000000000000,9.442000000000000,1551737.000000000000000,5162532.000000000000000
391,610,8.513990000000002,0.086990000000000,9.069000000000001,1551799.000000000000000,5162495.000000000000000
391,611,8.217000000000002,0.068000000000000,8.725990000000001,1551896.000000000000000,5162419.000000000000000
392,611,8.052000000000001,0.059000000000000,9.074000000000002,1551811.000000000000000,5162388.000000000000000
392,612,7.781000000000002,0.059990000000000,8.213000000000003,1551973.000000000000000,5162323.000000000000000
393,545,29.430000000000003,0.570990000000000,32.810000000000002,1545250.000000000000000,5162282.999999999068677
394,486,46.754000000000005,4.236000000000001,50.348990000000001,1539312.000000000000000,5162191.999999999068677
394,515,38.857999999999997,0.481000000000000,40.455000000000005,1542248.000000000000000,5162153.000000000000000
395,496,46.326000000000001,0.171000000000000,47.665999999999997,1540311.000000000000000,5162093.000000000000000
395,502,44.401000000000003,0.398990000000000,45.570990000000002,1540911.000000000000000,5162093.000000000000000
395,530,34.451495000000008,0.533995000000000,36.837995000000006,1543787.500000000000000,5162056.499999999068677
396,581,16.354000000000003,0.504000000000000,19.753990000000002,1548806.000000000000000,5161976.000000000000000
396,624,5.471990000000000,0.412495000000000,5.945000000000000,1553171.500000000000000,5161983.500000000000000
397,502,43.374000000000002,0.563000000000000,44.714000000000006,1540971.000000000000000,5161893.000000000000000
397,626,4.815990000000000,0.195990000000000,5.205990000000002,1553317.000000000000000,5161874.000000000000000
398,353,97.840999999999994,2.519990000000000,106.350989999999996,1526093.000000000000000,5161775.000000000000000
399,424,65.421990000000008,1.356990000000000,71.421990000000008,1533114.000000000000000,5161692.000000000000000
399,481,50.330000000000005,0.560990000000000,51.319989999999997,1538842.000000000000000,5161602.000000000000000
399,722,1.348000000000000,0.388000000000000,1.955990000000000,1562918.000000000000000,5161610.000000000000000
400,514,39.241000000000000,0.446000000000000,39.710990000000002,1542171.000000000000000,5161543.000000000000000
400,686,2.934000000000000,0.720000000000000,3.233990000000000,1559369.000000000000000,5161538.000000000000000
401,438,61.115000000000002,0.163000000000000,65.870000000000005,1534584.000000000000000,5161480.000000000000000
401,469,51.755000000000003,0.939990000000000,54.180000000000007,1537622.000000000000000,5161453.000000000000000
402,439,60.745990000000006,1.444000000000000,65.295990000000003,1534657.000000000000000,5161379.000000000000000
402,476,51.696990000000007,1.019990000000000,52.974990000000005,1538312.000000000000000,5161393.000000000000000
402,524,34.794990000000006,0.217990000000000,35.604990000000001,1543110.000000000000000,5161333.000000000931323
403,506,41.110999999999997,0.549000000000000,42.245990000000006,1541331.000000000000000,5161263.000000000000000
403,524,34.224990000000005,0.601990000000000,35.299990000000001,1543115.000000000000000,5161261.000000000000000
403,585,16.527000000000001,0.085000000000000,18.847000000000001,1549208.000000000000000,5161293.000000000000000
405,736,0.968990000000000,0.275000000000000,1.251000000000000,1564374.000000000000000,5161007.000000000000000
406,426,61.816000000000003,2.161000000000000,67.695990000000009,1533343.000000000000000,5160943.000000000000000
406,492,45.012000000000000,0.377000000000000,46.166990000000006,1539912.000000000000000,5160993.000000000000000
408,528,30.969990000000003,0.472990000000000,33.270000000000003,1543503.000000000000000,5160743.000000000000000
408,615,7.199990000000002,0.256990000000000,8.649990000000003,1552207.000000000000000,5160794.000000000000000
408,738,0.925000000000000,0.458990000000000,1.269000000000000,1564506.000000000000000,5160789.000000000931323
409,577,15.837999999999999,1.013000000000000,19.860000000000003,1548483.999999999767169,5160653.000000000000000
409,632,2.388000000000000,0.225990000000000,3.017990000000000,1553990.000000000000000,5160638.000000000000000
410,734,0.870990000000000,0.587990000000000,1.289000000000000,1564150.000000000000000,5160520.000000000000000
411,279,119.417990000000003,1.600000000000000,129.658000000000015,1518699.000000000000000,5160477.000000000000000
411,576,15.920000000000002,0.522000000000000,19.200000000000003,1548382.000000000000000,5160453.000000000000000
412,493,43.417990000000003,0.217990000000000,44.404990000000005,1540055.000000000000000,5160337.000000000000000
412,526,31.332000000000004,1.003000000000000,33.672000000000004,1543358.000000000000000,5160332.000000000000000
413,530,30.525990000000004,0.907990000000000,32.305990000000001,1543740.000000000232831,5160249.000000000000000
413,588,12.585000000000001,1.050990000000000,16.129990000000003,1549513.000000000000000,5160281.000000000000000
413,610,6.117495000000000,0.373490000000000,7.555000000000002,1551765.000000000000000,5160257.000000000000000
414,478,47.722990000000003,0.950990000000000,48.623000000000005,1538593.000000000000000,5160186.000000000000000
414,597,8.001990000000003,0.003000000000000,10.880000000000001,1550458.000000000000000,5160124.000000000000000
415,586,10.541000000000000,0.323000000000000,13.661000000000000,1549372.000000000232831,5160089.000000000000000
415,622,3.691995000000000,0.219995000000000,5.516995000000002,1552908.000000000232831,5160046.000000000000000
416,545,25.947990000000001,0.275000000000000,26.617999999999999,1545216.000000000000000,5159937.000000000000000
416,608,6.526990000000002,0.398990000000000,7.322000000000002,1551551.000000000000000,5159907.000000000000000
416,622,3.275000000000000,0.103000000000000,5.945000000000000,1552907.000000000000000,5159994.000000000000000
417,620,4.278990000000001,0.168990000000000,6.039000000000002,1552707.000000000000000,5159895.000000000000000
418,544,26.085999999999999,0.081000000000000,26.305990000000001,1545120.000000000000000,5159764.000000000000000
418,612,5.500000000000002,0.474000000000000,6.364990000000002,1551947.000000000000000,5159785.000000000000000
419,585,12.006990000000002,0.672990000000000,14.911989999999999,1549274.000000000000000,5159690.999999999068677
423,470,46.333000000000006,0.532990000000000,49.752989999999997,1537712.000000000000000,5159293.000000000000000
423,550,22.440000000000001,0.555990000000000,23.430000000000003,1545790.000000000000000,5159278.000000000000000
424,299,111.969999999999999,0.911000000000000,120.305000000000007,1520674.000000000000000,5159166.000000000000000
425,463,46.757990000000007,0.386990000000000,50.537990000000001,1537099.000000000000000,5159018.999999999068677
425,479,43.665000000000006,0.282990000000000,45.805000000000007,1538632.000000000000000,5159015.000000000000000
425,480,43.790000000000006,0.940990000000000,45.919990000000006,1538725.000000000000000,5159073.000000000000000
425,565,16.493000000000002,1.853000000000000,19.113000000000003,1547240.000000000000000,5159028.000000000000000
426,606,4.776000000000002,0.799000000000000,7.111000000000002,1551381.000000000000000,5158913.000000000000000
427,573,14.461990000000002,0.745990000000000,16.461990000000000,1548009.000000000000000,5158894.000000000000000
428,298,114.669989999999999,0.388490000000000,117.879999999999995,1520571.000000000000000,5158786.000000000000000
430,305,111.750000000000000,0.699990000000000,115.349990000000005,1521240.000000000000000,5158509.000000000000000
430,315,105.965999999999994,0.602990000000000,112.405990000000003,1522217.000000000000000,5158591.000000000000000
430,524,28.958990000000004,0.240990000000000,29.708990000000004,1543163.000000000000000,5158525.000000000000000
433,484,39.394000000000005,0.328990000000000,41.844000000000001,1539183.000000000000000,5158233.000000000000000
433,576,11.164500000000000,0.873490000000000,14.300990000000001,1548313.000000000000000,5158253.000000000000000
434,498,36.695990000000002,0.137990000000000,37.625990000000002,1540512.000000000000000,5158188.000000000000000
435,480,39.064990000000002,1.567000000000000,43.415000000000006,1538717.000000000000000,5158061.000000000000000
437,317,104.709990000000005,0.796000000000000,109.074990000000000,1522417.000000000000000,5157892.000000000000000
437,495,36.712000000000003,0.280990000000000,37.801990000000004,1540262.000000000000000,5157858.000000000000000
437,587,6.535990000000002,0.367000000000000,9.036000000000000,1549409.000000000000000,5157825.000000000000000
439,454,43.057995000000005,2.040490000000000,52.404990000000005,1536137.000000000000000,5157685.000000000931323
439,712,0.901000000000000,0.137990000000000,2.302000000000000,1561997.000000000000000,5157630.000000000000000
440,608,1.582000000000000,0.098990000000000,1.817000000000000,1551549.000000000000000,5157557.000000000931323
441,487,35.094990000000003,1.398231525307798,39.825000000000003,1539453.000000000000000,5157406.000000000000000
441,577,8.151000000000000,0.282990000000000,12.951000000000001,1548499.000000000000000,5157485.000000000000000
442,577,10.621990000000000,0.331000000000000,13.371990000000000,1548479.000000000000000,5157395.000000000000000
443,324,100.283990000000003,0.340990000000000,104.253990000000002,1523157.000000000000000,5157212.000000000000000
443,336,90.573989999999995,0.407990000000000,100.414000000000001,1524317.000000000000000,5157222.000000000000000
443,514,30.086494999999999,1.397231525307797,30.816495000000003,1542107.500000000000000,5157253.000000000000000
444,324,100.049000000000007,0.721000000000000,104.058989999999994,1523159.000000000000000,5157189.000000000000000
445,582,5.468990000000002,0.141000000000000,10.043990000000001,1548909.000000000000000,5157073.000000000000000
446,521,26.944990000000001,0.048990000000000,27.649990000000003,1542811.000000000000000,5156994.000000000000000
451,539,18.702117500000000,1.605731525307798,20.671496250000001,1544650.000000000000000,5156446.500000000000000
452,537,19.697000000000003,0.572000000000000,20.610000000000003,1544429.000000000000000,5156301.000000000000000
452,538,18.968995000000000,0.815490000000000,20.633990000000001,1544590.000000000000000,5156375.000000000000000
452,539,19.311495000000001,1.619731525307798,20.451495000000001,1544635.000000000000000,5156365.000000000000000
454,464,41.162990000000001,0.902000000000000,45.923000000000002,1537174.000000000000000,5156190.000000000000000
454,573,7.927990000000000,0.462990000000000,9.227990000000000,1548067.000000000000000,5156111.000000000000000
455,539,18.705990000000000,0.245000000000000,19.298990000000000,1544680.000000000000000,5156010.999999999068677
455,585,4.732990000000000,0.421990000000000,6.112990000000002,1549269.000000000000000,5156045.000000000000000
455,597,1.406000000000000,0.184000000000000,1.996000000000000,1550445.000000000000000,5156003.000000000000000
459,465,35.269000000000005,1.873990000000000,45.094000000000001,1537288.000000000000000,5155690.999999999068677
459,490,32.981990000000003,1.796000000000000,36.749000000000002,1539747.000000000000000,5155693.000000000000000
459,507,27.834990000000001,0.451000000000000,28.815000000000001,1541408.000000000000000,5155605.000000000931323
462,517,23.118990000000000,0.568000000000000,25.158999999999999,1542411.000000000000000,5155395.000000000000000
464,513,23.580990000000003,0.368000000000000,25.520990000000001,1542021.000000000000000,5155106.000000000000000
464,537,17.403990000000000,0.319990000000000,18.813990000000000,1544411.000000000000000,5155195.000000000000000
466,416,46.097000000000001,2.145990000000000,64.516990000000007,1532343.000000000000000,5154922.000000000000000
466,417,45.383989999999997,2.052990000000000,63.694000000000003,1532487.000000000000000,5154908.000000000000000
467,535,16.992000000000001,0.319990000000000,17.931990000000003,1544277.000000000000000,5154821.000000000000000
469,500,27.150990000000004,0.085000000000000,28.861000000000001,1540712.000000000000000,5154645.000000000931323
469,511,23.416000000000000,0.437000000000000,25.155999999999999,1541859.999999999767169,5154647.000000000000000
469,549,12.228994999999999,1.498731525307798,13.893990000000001,1545677.000000000000000,5154672.500000000000000
469,562,9.939990000000002,0.194990000000000,10.954990000000000,1546910.000000000000000,5154607.000000000000000
470,437,41.143000000000001,1.378000000000000,54.533000000000001,1534413.000000000000000,5154592.000000000000000
470,582,3.549000000000000,0.263000000000000,4.519000000000000,1548941.000000000000000,5154595.000000000000000
471,501,26.822000000000003,0.300000000000000,27.931990000000003,1540857.000000000000000,5154483.000000000000000
471,511,23.981000000000002,0.358990000000000,24.177000000000003,1541852.000000000232831,5154432.000000000000000
472,498,26.857990000000001,0.155000000000000,29.357990000000001,1540522.000000000000000,5154327.000000000000000
474,501,25.879990000000003,0.181990000000000,27.120000000000001,1540835.999999999767169,5154101.000000000931323
476,367,75.359000000000023,0.869000000000000,80.552000000000007,1527459.999999999767169,5153989.000000000000000
476,504,24.427990000000001,0.007000000000000,26.023000000000003,1541102.000000000000000,5153930.000000000000000
476,509,22.920000000000002,0.035000000000000,23.795000000000002,1541693.000000000000000,5153946.000000000000000
478,520,19.981990000000003,1.260236525307797,21.081994999999999,1542759.000000000000000,5153793.000000000000000
478,560,8.213000000000003,0.298000000000000,8.812990000000003,1546721.000000000000000,5153762.000000000000000
480,506,23.656990000000000,0.162000000000000,25.406990000000000,1541322.000000000000000,5153531.000000000000000
480,518,18.222990000000003,0.197990000000000,19.753000000000000,1542571.000000000000000,5153525.000000000931323
480,519,18.927990000000001,0.028000000000000,20.437990000000003,1542610.000000000000000,5153585.000000000000000
480,573,4.173990000000001,0.236000000000000,5.053990000000002,1548035.000000000000000,5153592.000000000000000
481,562,6.660990000000002,0.301990000000000,7.460990000000002,1546949.000000000000000,5153470.000000000000000
482,504,24.025990000000004,0.007000000000000,26.600990000000003,1541196.000000000232831,5153389.000000000000000
482,541,11.642989999999999,0.388000000000000,13.147990000000002,1544811.000000000000000,5153396.000000000000000
484,488,26.441990000000001,0.998000000000000,33.832000000000001,1539536.000000000000000,5153145.000000000000000
484,509,22.858995000000000,1.315736525307797,23.923995000000001,1541642.500000000000000,5153186.500000000000000
484,556,6.636000000000000,0.144990000000000,7.866000000000000,1546377.000000000000000,5153198.000000000000000
485,500,25.295490000000001,1.629736525307798,29.990490000000001,1540781.000000000000000,5153056.500000000000000
485,501,24.652000000000001,0.862990000000000,29.611989999999999,1540867.999999999767169,5153013.000000000931323
487,499,28.908999999999999,0.112990000000000,30.448989999999998,1540613.000000000000000,5152883.000000000000000
487,504,23.125000000000004,0.028000000000000,26.715000000000003,1541198.000000000000000,5152828.000000000000000
487,546,9.156000000000001,0.282000000000000,10.446000000000002,1545374.000000000000000,5152816.000000000931323
491,460,30.037000000000003,0.642000000000000,40.966990000000003,1536777.000000000000000,5152421.000000000000000
491,483,25.299990000000001,1.236990000000000,34.099990000000005,1539057.000000000000000,5152495.000000000000000
491,500,23.357990000000001,0.402990000000000,29.322990000000001,1540757.000000000000000,5152437.000000000931323
491,536,10.991989999999999,0.268000000000000,12.352000000000000,1544347.000000000000000,5152442.000000000000000
492,463,29.099000000000004,0.626990000000000,41.124000000000002,1537013.000000000000000,5152394.999999999068677
493,529,13.036989999999999,0.100000000000000,14.071990000000000,1543657.000000000000000,5152204.000000000000000
494,511,21.454989999999999,0.510990000000000,24.590000000000003,1541899.000000000000000,5152138.000000000000000
497,446,34.256000000000000,1.253990000000000,45.745990000000006,1535394.000000000000000,5151812.000000000000000
498,529,12.423990000000002,0.128000000000000,13.463990000000001,1543671.000000000000000,5151737.000000000000000
499,465,27.428999999999998,0.742990000000000,38.409000000000006,1537226.000000000000000,5151676.000000000000000
499,513,21.405000000000001,0.067000000000000,22.565000000000001,1542037.000000000000000,5151617.000000000000000
500,412,48.903990000000007,0.745000000000000,58.043990000000008,1531976.000000000000000,5151575.000000000000000
500,481,24.388000000000002,0.676990000000000,31.757990000000003,1538844.000000000232831,5151565.000000000000000
501,440,35.585990000000002,1.881000000000000,45.875990000000002,1534768.000000000000000,5151421.000000000000000
501,508,20.950000000000003,0.275990000000000,24.875000000000004,1541543.000000000000000,5151460.000000000000000
501,542,7.677000000000000,0.163000000000000,8.987000000000000,1544951.000000000000000,5151466.999999999068677
502,522,16.788990000000002,0.234990000000000,17.938990000000000,1542931.999999999767169,5151315.000000000000000
502,531,10.546989999999999,0.300990000000000,11.116989999999999,1543890.000000000000000,5151343.000000000000000
503,490,23.515999999999998,0.962000000000000,28.300999999999998,1539795.000000000000000,5151231.000000000000000
504,534,8.866000000000001,0.048990000000000,9.781000000000001,1544191.000000000000000,5151137.000000000000000
506,435,42.807989999999997,1.075000000000000,47.347990000000003,1534245.000000000000000,5150965.000000000931323
506,547,5.356990000000002,0.026000000000000,6.767000000000000,1545446.000000000000000,5150919.000000000000000
508,520,17.409990000000001,0.128000000000000,18.600000000000001,1542785.000000000000000,5150745.000000000000000
509,486,25.461990000000004,1.024990000000000,27.207000000000001,1539351.000000000000000,5150662.000000000000000
509,513,19.431990000000003,0.094990000000000,22.631989999999998,1542018.000000000000000,5150675.000000000000000
510,561,2.901000000000000,0.093000000000000,5.500990000000002,1546815.000000000000000,5150549.000000000931323
512,562,2.869990000000000,0.270990000000000,5.139990000000000,1546938.000000000000000,5150373.000000000000000
513,528,13.500999999999999,0.057000000000000,15.100989999999999,1543501.000000000000000,5150268.000000000000000
513,532,11.831989999999999,0.194000000000000,13.541990000000002,1543911.000000000000000,5150279.000000000000000
514,486,21.209994999999999,1.776731525307798,26.119995000000003,1539361.500000000000000,5150133.000000000931323
514,576,2.132990000000000,0.230000000000000,2.223000000000000,1548310.000000000000000,5150197.000000000931323
515,469,25.815000000000001,1.396990000000000,33.159990000000001,1537664.000000000000000,5150016.000000000000000
515,527,13.904990000000002,1.284236525307797,15.825000000000005,1543456.500000000000000,5150065.000000000000000
515,528,13.621990000000000,0.270000000000000,15.395989999999999,1543561.000000000000000,5150024.000000000000000
516,509,19.643989999999999,0.649990000000000,23.434000000000001,1541612.000000000232831,5149997.000000000000000
517,483,20.911989999999999,1.680231525307797,27.966995000000001,1539077.500000000000000,5149880.000000000000000
517,524,15.881990000000002,0.368000000000000,17.312000000000001,1543112.000000000000000,5149897.000000000000000
517,568,3.306990000000000,0.134000000000000,5.611990000000000,1547539.999999999767169,5149891.000000000000000
519,474,25.597990000000003,0.190990000000000,29.212990000000001,1538137.000000000000000,5149692.000000000000000
520,533,11.512990000000000,0.048990000000000,12.292999999999999,1544076.000000000232831,5149565.000000000000000
521,536,10.546989999999999,0.141000000000000,11.166990000000000,1544367.000000000000000,5149408.000000000000000
521,799,0.156000000000000,0.632000000000000,1.350990000000000,1570601.000000000000000,5149401.000000000000000
521,816,0.623000000000000,0.109990000000000,0.893000000000000,1572354.000000000000000,5149471.000000000000000
522,458,27.229000000000003,0.964990000000000,35.808990000000001,1536511.000000000000000,5149302.000000000000000
522,479,22.198989999999998,1.057990000000000,27.798990000000003,1538662.000000000000000,5149363.000000000000000
522,541,9.590990000000000,0.214000000000000,10.375999999999999,1544841.000000000000000,5149389.000000000000000
522,556,6.623000000000000,0.048990000000000,7.377990000000000,1546380.000000000232831,5149312.000000000000000
522,833,0.597000000000000,0.240990000000000,1.802000000000000,1574099.999999999767169,5149301.000000000931323
523,485,21.175999999999998,0.179000000000000,25.865990000000004,1539211.000000000000000,5149256.000000000000000
523,546,8.175000000000002,0.136000000000000,9.095000000000001,1545368.000000000000000,5149267.000000000000000
523,822,1.179990000000000,0.101000000000000,1.820000000000000,1573000.000000000000000,5149201.000000000000000
524,453,28.267990000000001,0.763990000000000,35.377990000000004,1536013.000000000000000,5149175.000000000000000
524,519,15.892989999999999,0.428000000000000,19.422999999999998,1542652.000000000232831,5149117.000000000000000
524,536,11.619990000000000,0.064000000000000,13.220000000000001,1544321.000000000000000,5149147.000000000000000
525,482,21.187000000000001,0.222000000000000,24.687000000000001,1538968.000000000000000,5149031.000000000000000
525,488,19.791000000000000,1.756990000000000,24.490990000000004,1539593.000000000000000,5149037.000000000000000
525,496,20.295990000000003,0.939990000000000,21.870999999999999,1540331.000000000000000,5149079.000000000000000
525,783,1.223990000000000,0.201000000000000,1.934000000000000,1569002.000000000000000,5149001.000000000000000
526,440,33.971000000000004,0.323000000000000,41.040999999999997,1534750.000000000000000,5148923.000000000000000
526,473,22.940000000000001,0.898000000000000,28.354990000000001,1538053.000000000000000,5148980.000000000000000
526,492,18.486000000000001,2.509990000000000,23.910990000000002,1539913.000000000000000,5148937.000000000000000
526,496,19.032995000000000,1.426231525307797,21.490500000000001,1540367.000000000000000,5148950.000000000000000
526,540,10.183999999999999,0.358990000000000,11.689000000000002,1544701.000000000000000,5148906.999999999068677
526,552,7.308000000000002,0.241990000000000,8.887990000000000,1545904.000000000000000,5148968.000000000000000
527,494,18.893989999999999,0.342000000000000,22.614000000000001,1540139.000000000000000,5148800.000000000000000
527,496,18.672000000000001,0.437000000000000,21.172000000000001,1540378.000000000000000,5148883.000000000000000
527,502,18.378000000000000,0.483000000000000,20.302990000000001,1540971.000000000000000,5148833.000000000000000
527,834,1.582990000000000,0.331990000000000,4.623000000000000,1574147.999999999767169,5148862.000000000000000
528,491,19.291495000000001,1.893731525307797,23.774000000000001,1539849.000000000000000,5148744.000000000000000
528,495,18.749990000000000,0.458990000000000,22.010000000000002,1540213.000000000000000,5148797.000000000000000
529,479,21.079989999999999,0.800990000000000,25.909990000000001,1538659.999999999767169,5148695.000000000000000
529,484,20.175999999999998,0.134000000000000,24.361000000000001,1539192.000000000000000,5148637.000000000000000
529,492,19.631000000000000,0.986000000000000,23.361000000000001,1539939.999999999767169,5148661.000000000931323
529,500,18.548990000000000,0.272000000000000,19.996990000000000,1540770.000000000000000,5148632.000000000000000
529,570,3.737990000000000,0.321990000000000,6.987990000000002,1547710.000000000000000,5148698.000000000000000
530,477,21.857990000000001,0.529990000000000,26.632990000000003,1538450.000000000000000,5148542.000000000000000
530,495,18.760990000000003,0.601000000000000,21.936000000000003,1540213.000000000000000,5148577.000000000000000
530,523,15.973990000000001,0.402990000000000,17.983990000000002,1543011.999999999767169,5148597.000000000931323
530,569,5.032990000000002,0.231000000000000,8.062990000000003,1547681.000000000000000,5148568.000000000000000
531,495,18.589994999999998,0.357995000000000,21.447495000000004,1540256.500000000000000,5148450.000000000000000
532,845,1.154000000000000,0.493990000000000,9.553990000000001,1575274.000000000000000,5148374.000000000000000
534,492,19.295990000000003,0.721000000000000,20.875990000000002,1539932.000000000232831,5148143.000000000000000
535,503,16.475000000000001,0.247990000000000,18.944990000000001,1541045.000000000000000,5148028.000000000000000
536,480,20.361989999999999,0.460990000000000,23.961990000000004,1538737.000000000000000,5147983.000000000000000
536,484,19.465495000000004,0.637995000000000,22.238000000000003,1539162.000000000000000,5147902.000000000000000
536,714,0.716000000000000,0.178000000000000,1.026000000000000,1562105.000000000000000,5147900.000000000000000
537,470,22.242000000000001,1.248990000000000,26.631989999999998,1537725.000000000000000,5147861.000000000931323
538,508,15.347989999999999,0.211990000000000,16.517990000000001,1541584.000000000000000,5147743.000000000000000
538,534,11.576990000000000,0.379000000000000,13.626989999999999,1544142.000000000000000,5147741.000000000000000
538,855,1.391990000000000,0.280990000000000,9.811999999999999,1576289.000000000000000,5147742.000000000000000
539,469,21.983989999999999,0.765990000000000,25.694000000000003,1537692.000000000232831,5147623.000000000000000
539,480,17.868000000000002,0.882000000000000,20.322990000000001,1538737.000000000000000,5147654.000000000000000
539,748,1.411000000000000,0.351990000000000,6.616000000000002,1565504.000000000000000,5147601.000000000000000
540,501,16.083990000000000,0.519990000000000,17.774000000000001,1540839.000000000000000,5147545.000000000000000
540,506,15.364990000000001,0.170000000000000,16.975000000000001,1541354.000000000000000,5147519.000000000000000
541,488,18.184990000000003,0.477990000000000,19.545000000000002,1539587.999999999767169,5147482.000000000000000
542,504,14.715990000000000,0.404000000000000,16.775990000000000,1541154.000000000000000,5147301.000000000000000
542,573,2.773990000000000,0.239990000000000,4.323990000000000,1548007.000000000000000,5147305.000000000000000
543,509,14.005990000000001,0.335000000000000,15.765990000000002,1541631.000000000000000,5147228.000000000000000
543,537,10.550990000000001,0.123000000000000,12.151000000000002,1544476.000000000232831,5147210.999999999068677
544,476,20.568000000000001,0.906000000000000,23.968000000000004,1538364.000000000232831,5147173.000000000000000
544,499,15.871995000000002,1.482731525307798,17.391990000000000,1540649.000000000000000,5147114.999999999068677
544,502,14.614000000000001,0.428990000000000,16.714000000000002,1540995.999999999767169,5147128.000000000000000
544,714,0.976990000000000,0.123990000000000,3.437000000000000,1562181.000000000000000,5147123.000000000000000
545,501,14.972989999999999,0.412990000000000,16.072990000000001,1540891.000000000000000,5147012.000000000000000
546,469,21.027990000000003,0.098990000000000,24.347990000000003,1537693.000000000000000,5146985.000000000000000
546,510,13.539990000000000,0.282990000000000,15.074990000000000,1541763.000000000000000,5146910.000000000000000
547,470,19.720994999999998,1.302736525307797,25.701000000000001,1537789.000000000000000,5146889.000000000000000
547,500,15.579000000000001,0.078000000000000,16.524000000000001,1540727.000000000000000,5146851.000000000000000
548,468,23.665000000000003,0.730000000000000,26.190000000000001,1537514.000000000000000,5146797.000000000000000
548,504,14.159000000000001,0.165990000000000,14.878990000000002,1541152.000000000000000,5146753.000000000000000
548,703,0.948000000000000,0.072990000000000,6.322990000000002,1561025.000000000000000,5146711.000000000000000
549,451,25.735995000000003,1.725236525307798,31.260990000000000,1535867.000000000000000,5146668.500000000000000
549,514,11.875000000000002,0.164000000000000,13.515000000000001,1542126.000000000000000,5146650.000000000000000
549,524,11.185990000000000,0.211990000000000,14.635990000000000,1543171.999999999767169,5146686.000000000000000
549,540,9.130990000000001,0.082990000000000,11.520989999999999,1544735.000000000000000,5146648.000000000000000
549,542,8.407990000000000,0.037000000000000,10.512990000000000,1544995.000000000000000,5146605.000000000000000
550,491,15.297990000000000,1.439731525307797,17.417995000000001,1539841.500000000000000,5146565.000000000000000
550,500,14.564990000000002,0.187000000000000,16.305000000000000,1540750.000000000000000,5146595.000000000000000
550,507,12.430000000000000,0.188500000000000,13.019995000000002,1541451.500000000000000,5146518.000000000000000
550,517,11.645989999999999,0.245000000000000,13.576000000000001,1542462.000000000000000,5146518.000000000000000
551,485,18.111000000000001,0.638990000000000,19.760990000000003,1539249.000000000000000,5146407.000000000000000
551,499,15.767989999999999,0.207000000000000,16.527990000000003,1540673.000000000000000,5146438.000000000000000
551,524,10.418990000000001,0.247990000000000,13.494000000000002,1543190.000000000000000,5146434.000000000000000
551,527,10.135000000000002,0.289000000000000,13.265000000000001,1543420.000000000232831,5146456.000000000000000
551,538,8.790500000000002,0.186490000000000,11.900499999999999,1544557.500000000000000,5146416.000000000931323
552,460,23.082000000000001,1.151000000000000,27.351990000000001,1536769.000000000000000,5146314.999999999068677
552,495,14.659990000000001,0.284000000000000,16.249990000000000,1540203.000000000000000,5146339.000000000000000
552,682,1.159990000000000,1.319000000000000,4.949990000000002,1558995.999999999767169,5146310.000000000000000
553,507,11.832999999999998,0.089995000000000,13.072995000000001,1541471.500000000000000,5146222.500000000000000
554,458,22.840990000000001,0.170000000000000,26.590990000000001,1536577.000000000000000,5146163.000000000000000
554,669,2.983000000000000,0.083990000000000,4.763000000000002,1557607.000000000000000,5146100.000000000000000
555,471,19.104990000000001,0.287990000000000,23.665000000000003,1537837.000000000000000,5146087.000000000000000
555,492,15.020000000000000,0.303000000000000,17.735000000000003,1539974.000000000000000,5146046.000000000000000
555,688,1.741990000000000,0.090000000000000,6.361990000000000,1559566.000000000000000,5146051.000000000000000
555,715,-0.032990000000000,0.241990000000000,6.646990000000002,1562225.000000000000000,5146090.999999999068677
556,480,17.596000000000000,0.342000000000000,19.600990000000003,1538730.000000000000000,5145940.000000000000000
556,495,14.257999999999999,0.324000000000000,16.333000000000002,1540214.000000000000000,5145969.000000000000000
556,523,9.416990000000000,0.204990000000000,10.561999999999999,1543025.000000000000000,5145997.000000000000000
557,655,3.138000000000000,0.112990000000000,6.578000000000000,1556207.000000000000000,5145800.000000000000000
558,537,7.749000000000000,1.088990000000000,11.103999999999999,1544434.000000000000000,5145708.000000000000000
558,540,7.269990000000002,0.202990000000000,10.647000000000000,1544710.000000000000000,5145706.000000000000000
558,649,1.845000000000000,0.150000000000000,4.005000000000000,1555608.000000000000000,5145700.000000000000000
559,458,21.915000000000003,1.065000000000000,25.653990000000004,1536546.000000000000000,5145655.000000000000000
559,462,21.643989999999999,0.721000000000000,23.704000000000001,1536990.000000000000000,5145629.000000000000000
560,468,19.881489999999999,1.668231525307798,22.491489999999999,1537579.000000000000000,5145571.500000000000000
560,482,15.958990000000002,0.316000000000000,19.373999999999999,1538970.000000000000000,5145507.000000000000000
560,486,15.468000000000002,0.247990000000000,18.443000000000001,1539384.000000000000000,5145532.000000000000000
561,470,19.652990000000003,1.133000000000000,21.832999999999998,1537757.000000000000000,5145470.000000000000000
561,493,13.826000000000001,0.331990000000000,16.090990000000001,1540082.000000000000000,5145487.999999999068677
561,524,7.754000000000000,0.116990000000000,7.993990000000002,1543192.000000000000000,5145409.000000000000000
562,513,8.943326666666666,0.208996666666667,10.849996666666668,1542064.333333333255723,5145368.333333333022892
562,545,5.901000000000002,0.187000000000000,9.006990000000000,1545213.000000000000000,5145338.000000000000000
562,670,1.292000000000000,0.214000000000000,6.541990000000000,1557707.000000000000000,5145301.000000000931323
563,511,9.312989999999999,0.142000000000000,11.727990000000000,1541847.000000000000000,5145273.000000000000000
563,546,5.669000000000000,0.225990000000000,8.098990000000002,1545391.000000000000000,5145220.000000000000000
565,488,14.624990000000000,0.483000000000000,16.364990000000002,1539600.000000000000000,5145068.000000000000000
565,496,12.821000000000002,0.284990000000000,14.685990000000000,1540346.000000000000000,5145088.000000000000000
566,462,19.263990000000003,1.449000000000000,22.243990000000000,1536945.000000000000000,5144908.000000000000000
567,501,10.702999999999999,0.162000000000000,12.218000000000002,1540883.999999999767169,5144821.000000000931323
567,517,7.073990000000000,0.115000000000000,8.848990000000002,1542470.000000000000000,5144826.000000000000000
567,518,7.409990000000000,0.178000000000000,8.680000000000001,1542593.000000000000000,5144899.000000000000000
567,549,4.828000000000000,0.126000000000000,6.447990000000002,1545612.000000000232831,5144899.000000000000000
567,560,3.901990000000001,0.108990000000000,6.202000000000002,1546790.000000000000000,5144810.999999999068677
567,578,2.894990000000000,0.270990000000000,3.835000000000000,1548581.000000000000000,5144869.000000000000000
568,469,17.839000000000002,0.519990000000000,19.774000000000001,1537666.000000000000000,5144707.000000000000000
569,482,14.119990000000000,0.638000000000000,16.430000000000000,1538924.000000000232831,5144654.000000000000000
569,488,13.228999999999999,1.368000000000000,15.208990000000002,1539586.000000000000000,5144650.000000000000000
570,521,6.320000000000000,0.103000000000000,7.130000000000002,1542847.000000000000000,5144530.000000000000000
570,581,2.664990000000000,0.298990000000000,4.485000000000001,1548802.000000000000000,5144522.999999999068677
571,485,13.314990000000002,0.786000000000000,16.124990000000000,1539253.000000000000000,5144472.000000000000000
571,504,9.855990000000000,0.217990000000000,11.060990000000000,1541139.999999999767169,5144408.000000000000000
572,496,10.795990000000002,3.142990000000000,13.916000000000000,1540362.000000000000000,5144333.000000000000000
572,501,9.967000000000001,0.141000000000000,12.131990000000002,1540857.000000000000000,5144388.000000000000000
572,584,2.300990000000000,1.370231525307798,4.773495000000000,1549176.000000000000000,5144349.500000000000000
572,608,0.898990000000000,0.155000000000000,2.279000000000000,1551509.000000000000000,5144300.000000000000000
573,518,6.227000000000000,0.156000000000000,8.296990000000003,1542535.000000000000000,5144275.000000000000000
573,524,5.261000000000000,0.093000000000000,5.671000000000000,1543153.000000000000000,5144258.000000000000000
573,578,0.825990000000000,0.082990000000000,2.825990000000000,1548587.000000000000000,5144200.000000000000000
574,488,12.133990000000001,0.572000000000000,14.204000000000001,1539555.000000000000000,5144173.000000000000000
574,494,8.508000000000003,0.239990000000000,11.317990000000002,1540172.000000000232831,5144141.000000000000000
574,561,2.796990000000000,0.101990000000000,4.486990000000000,1546855.000000000000000,5144127.000000000000000
575,489,11.625999999999999,1.190990000000000,13.656000000000001,1539676.000000000232831,5144065.000000000000000
575,520,5.178990000000002,0.152990000000000,6.908990000000000,1542743.000000000000000,5144033.000000000000000
576,514,5.698990000000000,0.068000000000000,8.218990000000000,1542189.000000000000000,5143926.000000000000000
577,501,8.807990000000000,0.107000000000000,10.587999999999999,1540891.000000000000000,5143854.000000000000000
577,515,5.517000000000000,0.114000000000000,8.227000000000000,1542239.000000000000000,5143803.000000000000000
579,467,14.366000000000000,0.638990000000000,18.465990000000001,1537451.000000000000000,5143607.000000000000000
579,476,13.010000000000002,0.791990000000000,17.975000000000001,1538332.000000000232831,5143693.000000000000000
580,483,14.145989999999999,0.358990000000000,15.991000000000000,1539016.000000000000000,5143530.999999999068677
580,527,2.973990000000000,0.082000000000000,3.983990000000000,1543439.000000000000000,5143520.000000000000000
582,503,7.968990000000002,0.158990000000000,8.918990000000003,1541001.000000000000000,5143329.000000000000000
582,515,4.752990000000000,0.156000000000000,6.288000000000000,1542201.000000000000000,5143364.000000000000000
585,479,11.315989999999999,0.114000000000000,13.616000000000000,1538601.000000000000000,5143073.000000000000000
587,469,12.694000000000001,0.300990000000000,15.773999999999999,1537615.000000000000000,5142899.000000000000000
587,472,11.829000000000001,0.441000000000000,15.128990000000002,1537950.000000000000000,5142869.000000000931323
587,484,9.925000000000001,0.143990000000000,13.015000000000001,1539167.000000000000000,5142898.000000000000000
588,490,8.543990000000003,0.112000000000000,10.864000000000001,1539746.000000000000000,5142784.000000000000000
588,509,5.410990000000002,0.143000000000000,5.926000000000000,1541635.999999999767169,5142746.000000000000000
589,494,7.861990000000000,0.032000000000000,9.881990000000000,1540102.000000000000000,5142659.000000000000000
591,478,10.000999999999999,0.552990000000000,12.475989999999999,1538509.000000000000000,5142466.000000000000000
591,488,8.659990000000002,0.199000000000000,10.199990000000000,1539536.000000000000000,5142499.000000000000000
591,511,4.209000000000002,0.215000000000000,4.993990000000000,1541813.000000000000000,5142499.000000000000000
591,529,1.391000000000000,0.190990000000000,2.407990000000000,1543651.000000000000000,5142499.000000000000000
592,475,10.083990000000000,0.300000000000000,12.923990000000002,1538273.000000000000000,5142309.000000000000000
592,496,6.794000000000000,0.098990000000000,8.213990000000003,1540325.000000000000000,5142345.000000000000000
593,474,9.569000000000001,0.182990000000000,12.883990000000001,1538177.000000000000000,5142250.000000000000000
595,482,7.942990000000002,0.035000000000000,10.857989999999999,1538979.999999999767169,5142024.000000000000000
595,493,6.229000000000000,0.171000000000000,7.629000000000000,1540034.000000000000000,5142011.000000000000000
595,516,2.349990000000000,0.453990000000000,2.950000000000000,1542387.000000000000000,5142030.000000000000000
595,517,1.496995000000000,1.348736525307797,2.829495000000000,1542456.000000000000000,5142043.000000000000000
596,478,8.121990000000000,0.158990000000000,10.661989999999999,1538501.000000000000000,5141913.000000000000000
597,473,8.425990000000002,0.138990000000000,12.145989999999999,1538098.000000000000000,5141845.000000000931323
597,481,7.342000000000000,0.057000000000000,9.481999999999999,1538861.000000000000000,5141839.999999999068677
600,479,6.616000000000002,0.101990000000000,9.656000000000001,1538691.999999999767169,5141546.999999999068677
600,483,6.290990000000002,0.164000000000000,8.626000000000001,1539079.000000000000000,5141533.000000000000000
600,505,2.486990000000000,0.231990000000000,3.887000000000001,1541261.000000000000000,5141589.000000000931323
601,497,4.071000000000001,0.119000000000000,5.011000000000000,1540461.000000000000000,5141447.000000000000000
602,477,6.198990000000000,0.131990000000000,9.808999999999999,1538455.000000000000000,5141374.000000000000000
602,503,2.483990000000000,0.233990000000000,4.133990000000001,1541019.000000000000000,5141382.000000000000000
603,485,4.418000000000000,0.098990000000000,7.138000000000002,1539241.000000000000000,5141201.000000000000000
603,495,3.223990000000000,0.133000000000000,5.314000000000000,1540214.000000000000000,5141199.999999999068677
604,500,2.292990000000000,0.298990000000000,3.628000000000000,1540721.000000000000000,5141165.000000000000000
605,455,7.382990000000000,0.375000000000000,10.128000000000000,1536207.000000000000000,5141078.000000000000000
605,482,3.960000000000000,0.133000000000000,8.175000000000002,1538907.000000000000000,5141011.000000000000000
606,480,3.730000000000000,0.127000000000000,7.960000000000002,1538732.000000000232831,5140901.000000000000000
606,488,3.167990000000000,0.128000000000000,6.038000000000000,1539548.000000000232831,5140969.000000000000000
606,496,1.914990000000000,0.195990000000000,4.159990000000002,1540336.000000000000000,5140918.000000000000000
607,490,2.671000000000000,0.007000000000000,3.165990000000000,1539795.999999999767169,5140865.000000000000000
608,490,1.986990000000000,0.224990000000000,4.856990000000002,1539767.000000000000000,5140743.000000000000000
608,493,1.868000000000000,0.207000000000000,4.623000000000000,1540012.000000000232831,5140741.000000000000000
609,487,2.061000000000000,0.249990000000000,5.261000000000000,1539407.000000000000000,5140608.000000000000000
612,481,1.322990000000000,0.270990000000000,4.197990000000001,1538866.000000000000000,5140366.000000000000000
614,457,3.732000000000000,0.204990000000000,6.756990000000002,1536457.000000000000000,5140177.000000000000000
