i,j,gwl,std_gwl,rl_elevati,nztm_x,nztm_y
11,236,362.208,2.341,369.37799,1514327.0,5200460.0
14,241,353.34899,2.94499,361.96899,1514816.0,5200180.0
58,313,274.24398,2.618,293.53399,1522047.0,5195710.0
59,299,292.40301000000005,1.90299,298.83801,1520615.0,5195681.0
63,303,288.86999,0.70499,295.9299900000001,1521015.0,5195281.0
65,303,287.90899,1.59399,290.39898000000005,1521065.0,5195081.0
65,850,0.190995,1.472231525307797,1.115995,1575799.5,5195018.5
66,290,293.88101,0.085,295.1610100000001,1519789.0,5194991.0
68,844,-0.216505,1.364236525307798,0.539995,1575164.0000000002,5194760.499999999
68,846,-0.181,1.383731525307797,1.128995,1575351.0,5194774.5
68,849,0.172,1.338236525307798,1.327,1575673.0,5194785.5
68,850,0.215,0.157,1.115,1575777.0,5194733.0
68,851,0.27549,1.336231525307797,1.037995,1575886.0,5194795.5
69,820,0.122,0.035,3.59699,1572758.0,5194602.999999999
71,849,0.052995,1.355731525307797,0.682995,1575623.0,5194468.5
72,849,0.354995,1.369731525307797,0.864995,1575654.0,5194387.5
73,824,0.076005,1.384731525307797,2.101,1573110.0,5194207.5
74,824,0.169,1.395236525307797,1.953995,1573150.0,5194129.5
74,845,-0.71499,1.498236525307797,0.964995,1575248.0,5194107.5
74,846,-0.55249,1.395731525307797,1.769995,1575399.5,5194112.5
75,310,280.654,1.492736525307797,283.2239900000001,1521724.5,5194095.5
75,824,1.748,0.24099,1.768,1573155.0,5194098.0
76,844,-0.28999,0.398,0.47999,1575147.0,5193928.0
76,847,-0.20999,0.303,1.02999,1575455.0,5193929.0
78,822,1.40299,0.19099,3.12299,1572928.0,5193783.0
80,820,1.169,1.355731525307797,3.173995000000001,1572747.0,5193570.0
81,820,2.091,0.165,4.031000000000001,1572738.0,5193427.0
85,816,1.61,0.18,2.98,1572398.0,5193053.0
86,844,-0.14,1.358731525307797,1.075,1575191.0,5192902.5
87,320,270.25399000000004,0.179995,274.538995,1522722.5,5192845.499999999
87,812,1.48399,0.312,3.414,1571955.9999999995,5192869.0
87,845,0.07999,0.18,1.33,1575207.0,5192883.0
91,377,208.182,0.075,209.10899,1528492.0000000002,5192438.0
94,324,260.76049500000005,0.9365,267.4855,1523181.5,5192118.0
96,845,0.82999,0.245,1.46,1575207.0,5191993.0
97,385,202.13099000000005,0.08699,205.61099,1529285.0,5191871.0
97,386,201.21099,0.35499,204.52099,1529335.0,5191853.0
99,845,0.40499,1.373231525307797,1.639995,1575241.5,5191604.5
101,845,0.32049,1.339236525307797,1.39999,1575274.5,5191436.5
101,849,0.786811818181818,2.307156409650541,1.96272,1575654.4545454544,5191445.090909091
102,806,2.90899,1.423731525307797,5.053990000000002,1571388.5,5191388.5
102,847,0.665794,2.038578440492476,1.56,1575437.0,5191331.4
103,812,3.95,0.40099,4.67999,1571998.0,5191284.0
104,846,0.244002,2.055376440492476,2.125992,1575345.2,5191141.0
104,849,0.75999,0.324,2.08999,1575697.0,5191183.999999999
106,310,256.78201,0.949,260.87701000000004,1521707.0,5190907.0
106,848,0.65699,2.155394208846329,1.759996666666667,1575564.1666666667,5190976.0
107,322,253.843,0.62499,260.37298000000004,1522915.0,5190883.0
107,773,9.6,0.13099,10.22999,1568071.0,5190799.999999999
107,846,0.799995,1.426231525307797,2.165,1575337.0,5190801.5
108,333,249.65499,0.697,254.85499,1524015.0,5190700.0
110,778,9.128,0.134,10.18799,1568563.9999999995,5190593.0
111,759,13.468990000000002,0.21199,15.093990000000002,1566655.0,5190466.0
111,762,12.038,0.254,14.102990000000002,1566974.0,5190464.0
111,773,9.329,0.634,9.659,1568041.0,5190417.0
111,809,3.013326666666666,0.210656666666667,6.53,1571699.0,5190484.0
117,716,30.062,0.305,32.131,1562371.0,5189854.0
117,800,4.295,0.569,5.61,1570769.0,5189884.0
119,308,248.10899000000003,0.16799,252.309,1521503.0,5189622.0
120,319,243.35099,2.92,247.53599,1522659.0,5189572.0
121,305,249.24699,0.43999,250.51699,1521215.0,5189482.999999999
121,848,1.99,0.46,4.34999,1575597.0,5189435.0
123,688,43.150000000000006,0.535,45.50899,1559503.0,5189239.0
123,814,2.71499,0.107,6.000000000000002,1572162.0,5189201.0
124,325,241.64199,1.672,247.50199,1523299.0,5189168.000000001
125,797,7.759995,1.285236525307797,9.010000000000002,1570479.0,5189020.0
125,836,1.58,0.32899,3.76999,1574339.0,5189085.0
126,713,30.618990000000004,0.187,32.328990000000005,1562002.0,5188925.0
126,786,9.670995,1.370231525307798,12.07,1569387.5,5188920.5
126,797,7.521656666666666,0.987824350205198,9.31999,1570462.3333333333,5188951.666666666
128,700,35.421,0.26199,38.076,1560799.0,5188777.0
128,842,1.64999,0.53399,4.57999,1574920.0,5188783.0
129,705,33.191,0.26699,36.020990000000005,1561242.0,5188665.0
130,859,0.95099,0.38899,3.82599,1576621.0,5188574.0
131,725,24.849000000000004,0.312,26.694000000000003,1563262.0,5188475.0
131,787,10.19599,0.131495,11.88,1569454.5,5188402.0
132,782,10.81,0.079,11.19999,1568924.0000000002,5188391.0
132,788,9.90374,1.928602287961696,11.397492500000002,1569542.75,5188331.5
132,851,2.27999,0.573,5.519990000000002,1575897.0,5188385.0
133,448,160.98399,3.354,167.789,1535595.0,5188271.0
133,700,34.96699,0.18999,37.874,1560743.0,5188255.0
133,706,31.86199,0.177,35.562990000000006,1561382.0,5188205.0
133,713,29.21599,0.171,32.62699,1562051.9999999995,5188265.0
133,781,10.581663333333337,0.903157683538532,12.52,1568815.3333333333,5188239.666666666
133,792,9.335,1.424236525307797,10.314995,1569913.0,5188218.5
134,682,43.95,0.39199,45.984,1558903.0,5188185.0
134,775,11.7657475,1.313231525307797,14.1249975,1568224.0,5188174.25
134,782,10.122995,1.300736525307797,11.260000000000002,1568917.5,5188144.000000001
134,787,9.386656666666669,1.738978700410396,10.42666,1569434.3333333333,5188180.666666666
135,774,11.60499,0.035,14.38,1568184.0,5188083.0
135,780,10.61999,0.09799,11.82999,1568705.0,5188016.000000001
135,860,2.7935,0.423495,2.88599,1576767.0,5188065.0
136,768,12.80599,0.035,15.781,1567600.0,5187985.0
136,788,9.14999,0.43599,10.38,1569599.0,5187985.0
136,789,8.414990000000001,0.18199,10.14999,1569690.0,5187903.0
136,839,2.552,0.32199,5.710000000000002,1574677.0,5187905.0
136,863,3.63,0.163,3.967000000000001,1577096.0,5187985.0
137,637,68.31999,1.14999,70.21499,1554462.0,5187826.0
137,670,48.819,0.20399,51.754000000000005,1557734.0,5187890.0
137,701,33.11299,0.186,37.07799,1560863.0,5187825.0
137,709,29.701000000000004,0.15999,33.937990000000006,1561622.0,5187885.0
137,714,27.303495,0.15049,31.276495000000004,1562187.0,5187895.0
137,757,15.590000000000002,0.097,18.65999,1566401.0,5187835.0
137,762,13.989,0.43799,15.25899,1566979.0,5187887.0
137,775,11.760000000000002,0.0,13.56,1568210.0,5187885.0
138,636,65.02300000000001,0.24899,66.97799,1554353.0,5187764.0
138,757,16.055,0.068,18.200000000000003,1566401.0,5187785.0
138,779,11.61499,0.284,11.64,1568607.0,5187798.0
138,796,8.199990000000001,0.0,9.14,1570395.0,5187701.000000001
140,604,84.801,0.23899,88.23699,1551187.0,5187582.0
140,844,2.342,0.296,5.380000000000002,1575197.0,5187585.0
141,509,134.574,0.22699,137.39199000000002,1541617.0,5187412.0
141,634,67.30000000000001,1.75,71.88999000000001,1554137.0,5187471.0
141,710,25.986,0.18,31.176,1561712.0,5187425.0
141,755,15.8,0.133,17.700000000000003,1566261.0,5187475.0
142,681,43.42549,0.40749,48.215495,1558806.0,5187362.0
142,751,17.04299,0.15999,19.12299,1565806.0,5187345.0
142,754,16.1,0.21199,17.770000000000003,1566151.0,5187365.0
143,504,136.091,0.29699,139.77799,1541132.0000000002,5187217.0
143,862,1.452,0.11299,2.332,1576977.0,5187258.0
143,864,1.172,0.314,1.97399,1577107.9999999995,5187285.000000001
144,752,16.609990000000003,0.19299,19.739995,1565946.0,5187125.000000001
144,767,12.65999,0.244,14.1,1567450.0,5187185.0
144,777,9.709995,1.341236525307797,11.609995,1568457.5,5187110.5
144,861,2.16199,0.307,2.89899,1576837.0,5187165.0
145,509,133.55499,0.13799,137.50799,1541640.0,5187099.0
145,650,57.64099,0.577,63.270990000000005,1555776.0,5187000.0
145,675,44.791,0.209,50.89099,1558204.0000000002,5187035.0
145,699,30.98999,0.165,39.056990000000006,1560646.0,5187052.0
145,754,17.020000000000003,0.481,18.84,1566147.0,5187080.0
145,767,12.46,0.078,13.69999,1567430.0,5187085.0
145,780,8.98499,1.295236525307797,10.45999,1568798.0,5187094.5
145,791,7.08,1.366231525307798,8.619995000000001,1569816.0,5187019.5
145,792,6.9577425,1.401984025307797,8.404992500000002,1569987.0,5187096.5
145,833,3.35999,0.34,5.170000000000002,1574098.0,5187035.0
145,849,3.012,0.24999,4.82999,1575627.0,5187075.0
145,857,2.233,0.30399,3.58999,1576447.0,5187045.0
145,861,2.979,0.80599,3.80599,1576847.0,5187015.0
146,497,138.99999000000005,0.287,143.37699,1540410.0,5186985.0
146,513,131.432,0.12999,135.05200000000002,1542067.0,5186945.0
146,664,52.35699,0.397,56.297,1557104.0,5186985.0
146,689,37.00999,0.33,43.419990000000006,1559667.9999999995,5186966.0
146,781,8.764995,1.288736525307797,9.61499,1568863.5,5186950.5
146,786,8.359,0.052,9.340000000000002,1569325.0,5186913.0
146,803,4.017495000000001,1.929604787961696,7.29499,1571040.5,5186940.249999999
147,700,30.080990000000003,0.158,32.370990000000006,1560703.0,5186885.0
147,740,20.00949,1.318231525307797,23.315995,1564731.0,5186865.0
147,749,17.87499,0.007,21.29999,1565651.0,5186835.0
147,779,9.709596,1.556281830369357,10.81199,1568649.6,5186851.2
147,847,2.65,0.35299,3.53999,1575497.0,5186885.0
147,857,2.809,0.493,3.049,1576487.0,5186835.0
148,552,103.10099,0.92199,115.04499,1545907.9999999995,5186785.0
148,727,23.409,0.4,25.554,1563424.0,5186762.999999999
148,738,20.10899,0.128,23.96899,1564581.0,5186745.0
148,759,14.14,0.0,16.13999,1566631.0,5186735.0
148,788,8.0849975,1.939602287961696,8.88499,1569516.5,5186775.0
149,503,135.61399,0.142,140.38099000000005,1541002.0,5186639.999999999
149,788,8.1824975,1.927102287961696,9.1074975,1569533.2500000002,5186620.75
149,827,2.38,0.15199,3.28999,1573448.0,5186634.999999999
149,853,2.268460666666667,2.203208643866849,3.631327333333334,1576052.4666666663,5186650.4
149,854,-0.755003333333334,2.137560875512996,3.52666,1576147.6666666667,5186647.500000001
150,497,123.277,3.90499,142.667,1540446.0,5186599.0
150,509,118.94,1.56799,137.19500000000002,1541616.0,5186582.0
150,782,8.753663333333334,1.011487683538532,10.856663333333332,1568966.0,5186581.666666666
150,789,8.383995000000002,1.425981525307797,9.389995,1569622.0,5186534.0
150,814,4.57999,0.093,4.82,1572198.0,5186538.999999999
150,828,2.8499925,1.313731525307798,3.2699925,1573546.5,5186576.75
150,853,2.481105555555556,2.285309378324973,3.963331111111112,1576048.111111111,5186531.888888889
150,854,2.253323333333333,1.728645367077063,3.44666,1576140.0000000002,5186572.333333333
151,757,15.23999,0.0,17.44,1566441.0,5186445.0
151,780,9.035,1.369731525307797,10.379995,1568715.0,5186461.5
151,785,7.989990000000002,1.362231525307798,9.68499,1569239.5,5186400.5
151,786,7.9667475,1.337484025307797,9.499995,1569354.5,5186475.25
151,787,7.782495000000002,1.358231525307797,9.56,1569483.0,5186478.5
151,791,7.279995000000002,1.406736525307798,8.874995000000002,1569882.5,5186449.5
151,819,3.74,0.09,4.74999,1572648.0,5186436.0
151,825,3.25999,0.24999,4.03,1573248.0,5186436.0
151,854,2.218568571428572,2.186691186241938,3.544280000000001,1576157.1428571427,5186460.571428572
151,856,2.170663333333334,0.938154350205198,3.133323333333334,1576307.3333333333,5186484.666666666
152,513,114.88899,1.679,134.45599,1542072.0,5186360.0
152,745,19.40999,0.428,22.860000000000003,1565201.0,5186385.0
152,853,2.291996,2.044578440492476,4.011996,1576018.0,5186338.4
152,854,2.352284285714286,1.82362075043971,3.628567142857143,1576148.4285714284,5186354.2857142845
152,857,2.1544975,2.216663919288645,3.56824375,1576437.8750000002,5186329.125
153,727,23.53,0.66399,28.20999,1563402.0,5186285.0
153,756,15.221425714285717,2.160405471956224,18.199994285714286,1566358.1428571427,5186245.0
153,757,15.340000000000002,0.277,17.540000000000003,1566461.0,5186245.0
153,781,8.167490000000003,1.397231525307797,9.6,1568877.0,5186224.000000001
153,846,1.669995,1.358231525307797,3.155,1575362.0,5186218.5
153,848,2.279993333333333,1.74698203374373,3.13333,1575571.0,5186265.666666666
153,852,2.3387425,1.929604787961696,3.7399975,1575941.75,5186246.5
153,854,1.09749875,2.218537669288645,3.68374625,1576133.625,5186260.0
153,855,2.155551111111111,2.250974933880529,3.575551111111112,1576247.111111111,5186260.888888889
154,280,213.761,3.31599,225.44099,1518716.0000000002,5186184.0
154,768,13.39,0.18799,14.14,1567554.0,5186148.0
154,771,12.807135714285716,2.185834043384796,13.43857,1567834.2857142857,5186129.2857142845
154,844,2.386282857142857,2.176262614813367,3.697134285714286,1575136.7142857143,5186133.428571428
154,848,2.13237125,1.923104787961696,3.73749625,1575553.75,5186152.499999999
154,850,1.69,0.16099,3.27999,1575747.9999999995,5186100.0
154,853,2.346661666666667,2.128559208846329,3.609996666666667,1576067.5,5186135.666666666
154,855,2.243328888888889,2.253308267213862,3.257772222222223,1576224.111111111,5186141.666666666
154,857,2.2796625,2.323099463064295,3.722161666666667,1576448.1666666667,5186164.083333334
155,289,215.19,4.36199,218.455,1519616.0,5186084.0
155,738,20.57999,0.467,25.590000000000003,1564501.0,5186085.0
155,772,12.196663333333332,0.989824350205198,13.41666,1567997.0,5186084.666666668
155,844,2.029993,2.282924745554036,3.408996000000001,1575150.3,5186055.2
155,848,1.653991428571429,2.183261186241938,3.862854285714286,1575547.7142857143,5186038.714285714
155,853,2.092540909090909,2.083295223230941,3.36636,1576052.4545454544,5186039.727272728
156,597,77.94699,0.59899,91.44699,1550409.0,5185930.999999999
156,735,21.04999,0.64899,26.38999,1564256.0,5185957.0
156,781,8.354995000000002,1.462736525307797,9.729995,1568860.5,5185982.5
156,842,2.21799,1.727978700410397,3.695,1574966.5,5185957.666666666
156,843,2.241104444444444,2.256419378324973,3.63444,1575038.7777777775,5185951.333333333
156,845,1.79883,1.720313700410397,3.168331666666667,1575263.5,5185950.0
156,846,1.67315052631579,2.394763416372669,3.094206315789474,1575350.8421052631,5185941.7894736845
156,856,2.024993333333333,2.131060875512996,3.216663333333333,1576390.833333333,5185946.833333333
156,859,2.235495,2.327183629730962,3.525078333333333,1576655.75,5185954.666666666
157,735,20.165000000000003,0.57899,26.03,1564208.0,5185863.0
157,740,18.488000000000003,0.34299,22.930000000000003,1564736.0,5185856.0
157,755,16.118994,2.063978440492476,18.053994,1566244.1999999995,5185846.0
157,756,16.161460666666667,2.212742643866849,17.667328,1566334.066666667,5185858.533333333
157,758,14.86749,1.416731525307797,16.349990000000002,1566524.0000000002,5185872.5
157,759,15.69999,0.30899,16.489990000000002,1566669.0,5185874.0
157,844,1.75833,2.151059208846329,2.693326666666667,1575162.0,5185879.666666666
157,848,1.625551111111111,2.253419378324973,3.001662777777778,1575568.6666666667,5185836.944444444
157,849,1.6024925,1.932602287961696,2.92749,1575616.5,5185830.0
157,856,2.12666,1.727648700410397,3.40333,1576352.0,5185807.666666666
157,858,2.036994545454545,2.088205223230941,3.267175454545455,1576567.0909090908,5185844.0
158,341,195.287,0.22699,215.44700000000003,1524894.0,5185793.0
158,754,16.84133,1.031817683538532,17.85999,1566127.6666666667,5185733.666666666
158,757,15.18833,1.771815367077063,16.706661666666665,1566427.8333333333,5185733.0
158,758,15.519995000000002,0.239995,16.239990000000002,1566546.0,5185792.0
158,779,9.729161666666668,2.140559208846329,10.789996666666667,1568669.5,5185724.166666666
158,845,1.53999,0.22499,3.00999,1575265.0,5185761.0
158,851,1.58499,1.386731525307797,3.534990000000001,1575886.0,5185787.5
158,854,1.7124925,1.939852287961696,3.1074925,1576145.25,5185767.5
158,858,1.947780714285714,2.351938547000195,2.843495,1576541.2857142854,5185762.5
159,530,113.08799,3.012,125.318,1543709.0,5185685.000000001
159,752,16.90249,1.410236525307797,18.109990000000003,1565984.0,5185691.0
159,753,16.94499,0.33,17.94,1566007.0,5185679.999999999
159,757,16.49999,0.30099,16.99999,1566451.0,5185605.0
159,758,15.760000000000002,0.37299,16.51,1566598.0,5185691.0
159,847,0.74,0.092,2.36999,1575500.0000000002,5185608.0
159,848,1.169995,1.336231525307797,2.544995,1575503.0,5185649.5
159,857,1.880259333333333,2.203408643866849,2.917326666666667,1576436.7333333332,5185666.4
159,858,1.752629090909091,2.310610955105086,2.937631818181819,1576552.2727272725,5185645.454545455
159,859,1.560579166666667,2.321932796397629,3.103326666666667,1576660.6666666667,5185635.583333333
160,521,109.22599,3.851,128.70599,1542890.0,5185583.0
160,537,102.27999,0.177,120.735,1544497.0,5185563.0
160,701,29.520000000000003,0.76099,38.31,1560803.0,5185586.0
160,738,20.295,0.60199,23.13999,1564569.0,5185508.0
160,747,17.719990000000003,0.40099,20.32999,1565450.0,5185592.0
160,752,16.569995,1.397231525307797,18.504995,1565948.0000000002,5185509.5
160,754,16.243745,2.229287669288646,17.74124625,1566131.0,5185531.375
160,755,16.329990000000002,0.28299,16.95999,1566282.0,5185566.0
160,757,14.942995000000002,1.460236525307797,16.770000000000003,1566475.5,5185587.0
160,762,14.317495,1.387236525307797,15.92999,1566962.0,5185550.5
160,810,3.3845,1.315736525307797,4.535,1571765.0,5185535.0
160,856,1.682138571428572,2.193405471956224,2.912854285714286,1576366.1428571427,5185570.857142856
160,859,1.775721818181818,2.08638613232185,3.266361818181818,1576635.3636363635,5185526.363636363
161,756,15.89999,0.30799,16.700000000000003,1566381.0,5185406.0
161,758,15.579995,1.429231525307797,16.989995,1566571.0,5185477.5
161,768,12.747495,1.359231525307797,14.254995,1567598.0,5185477.5
161,832,1.2875,1.344731525307797,1.704995,1573968.0,5185467.5
161,833,1.41771,1.83305075043971,2.665707142857144,1574037.5714285711,5185424.142857144
161,854,1.66499625,1.655794406634747,2.7774975,1576163.625,5185461.375
161,857,1.896421428571429,2.177405471956224,2.849995714285714,1576466.5714285711,5185448.714285715
161,858,1.771811818181818,2.303611864195996,3.079086363636364,1576554.7272727273,5185460.272727272
161,860,1.724466470588235,2.248593279954937,3.486467647058824,1576748.4705882347,5185432.235294117
162,714,27.28,1.171,31.790000000000003,1562152.0,5185336.0
162,837,2.485449090909091,2.309520955105086,4.608177272727274,1574453.2727272727,5185359.727272728
162,838,2.240422142857143,2.011442396912253,4.259994285714286,1574566.7142857143,5185367.142857144
163,592,82.71600000000002,0.55299,93.01799,1549904.0,5185255.0
163,685,35.330000000000005,0.49399,46.02,1559263.0,5185244.0
163,727,25.12,0.68099,27.840000000000003,1563471.0,5185206.0
163,794,3.447500000000001,1.530236525307797,4.814995,1570188.0000000002,5185280.5
163,813,3.16,0.11599,4.07999,1572098.0,5185236.0
163,859,1.219992,2.045576440492476,3.561992,1576637.4,5185238.4
163,860,1.3219325,2.101883103625171,3.4606225,1576738.1875000002,5185271.8125
164,552,102.15699,3.436,114.647,1545928.0,5185155.0
164,737,19.76,0.29699,23.649990000000003,1564469.0,5185132.0
164,820,2.26999,0.184,2.94,1572748.0000000002,5185136.000000001
164,838,2.674277142857143,2.191404043384796,4.329992857142857,1574564.5714285711,5185127.0
164,853,0.93999,0.767,2.32999,1576002.0,5185115.0
164,857,1.362268181818182,2.308975500559632,3.145448181818182,1576465.6363636365,5185145.636363637
164,858,1.18471,1.858765036153996,3.229997142857143,1576537.857142857,5185151.428571428
164,868,0.711,0.086,2.651,1577596.0000000002,5185186.0
165,296,201.49499000000003,4.427990000000001,212.77499000000003,1520354.0,5185096.0
165,543,102.69899,3.76699,117.874,1545008.0,5185095.0
165,707,25.360000000000003,0.813,35.25999,1561402.0,5185086.0
165,851,0.77999,0.20399,1.65999,1575847.0,5185086.0
166,800,4.042495,1.289736525307798,4.280000000000001,1570796.5,5184981.000000001
166,826,3.10999,0.14399,3.45,1573398.0,5184996.0
166,835,1.476662222222222,2.25908604499164,3.222217777777778,1574243.4444444445,5184956.222222222
166,839,2.37857,2.308546900527653,4.537134285714286,1574614.0,5184938.714285715
167,721,22.3725,1.623236525307797,29.994995000000003,1562851.5,5184870.0
167,723,24.32249,0.7475,28.639995000000003,1563061.0,5184831.5
167,801,3.8574975,2.021602287961696,4.262495000000001,1570869.0,5184850.75
167,826,1.25999,0.11999,1.98,1573398.0,5184806.0
167,835,1.536721818181818,1.86652585499316,3.349088181818182,1574256.8181818177,5184832.909090909
167,841,0.245,1.400236525307797,1.03499,1574898.0,5184855.500000001
167,861,2.067664444444445,2.003367928256574,3.511105555555555,1576845.7777777775,5184828.666666666
168,675,39.31999,0.679,51.34,1558280.0,5184760.0
168,697,29.219990000000003,0.92,40.349990000000005,1560473.0,5184796.0
168,720,23.315000000000005,0.733495,30.539990000000003,1562734.5,5184764.5
168,721,24.180000000000003,0.56199,30.309990000000003,1562806.0,5184783.999999999
168,737,21.70999,0.73,23.76,1564417.0,5184795.0
168,823,1.337,0.067,3.27999,1573098.0,5184736.0
168,826,1.47399,0.134,2.92,1573347.9999999995,5184736.0
168,834,1.35,0.35699,1.41999,1574108.0000000002,5184726.0
168,835,0.911666666666667,1.729648700410397,2.653326666666667,1574247.6666666667,5184744.333333333
168,840,1.436245,1.941854787961696,3.0999975,1574755.75,5184728.75
168,841,1.119993333333333,0.896484350205198,2.533326666666667,1574873.6666666667,5184737.666666666
168,845,0.243332222222222,2.252641600547195,1.609993333333333,1575233.3333333335,5184754.111111111
168,863,2.070995,2.283425745554035,3.285997000000001,1577030.8,5184739.4
169,571,91.15,9.31299,104.33499,1547878.0,5184662.0
169,721,21.64499,1.706236525307797,29.784995,1562859.0,5184652.0
169,724,22.76,0.656,28.54999,1563102.0,5184686.0
169,741,18.110000000000003,0.623,21.930000000000003,1564889.0,5184659.0
169,811,4.1374925,2.044852287961696,5.547495000000002,1571861.75,5184646.0
169,845,0.560495,1.908728537961696,1.53874375,1575257.0,5184641.0
170,723,23.76,0.92799,28.659990000000004,1563009.0,5184540.0
170,811,4.86999,0.33599,5.44,1571884.0000000002,5184546.0
170,812,4.95666,1.818645367077064,5.203323333333334,1571943.3333333333,5184529.0
170,842,1.167810909090909,2.079021586867305,2.163628181818182,1574952.181818182,5184551.090909091
170,859,2.66066,0.975817683538532,3.849990000000001,1576659.0,5184562.666666666
171,843,1.07999,1.332231525307797,1.864995,1575072.0,5184473.0
172,811,3.59999,0.744,4.46999,1571871.0,5184342.0
172,812,2.22499,1.00399,4.80999,1571971.9999999995,5184321.0
172,843,0.935832222222222,2.123727542179662,2.702215555555556,1575042.3888888888,5184335.888888889
172,866,1.82599,0.119,3.023,1577389.0,5184312.0
173,714,20.38999,0.851,32.220000000000006,1562167.0,5184291.0
173,762,14.22,1.78931203374373,16.02333,1566950.6666666665,5184259.0
173,798,3.90499,0.568,6.250000000000002,1570549.0,5184279.0
173,827,-0.375,0.0705,1.63499,1573445.5,5184243.5
173,842,1.618323333333334,2.123727542179662,3.42333,1574949.0,5184257.666666666
173,846,0.432854285714286,2.185976900527653,1.849994285714286,1575328.0,5184254.2857142845
173,848,-0.03,1.384731525307797,1.33,1575535.0,5184223.5
173,853,-0.116665,2.179559208846329,1.451663333333334,1576076.5,5184260.166666666
173,865,2.001992,2.054376440492476,3.527996,1577257.8,5184256.199999999
174,764,14.332996666666666,1.093154350205198,15.743326666666668,1567136.6666666667,5184146.666666666
174,770,12.193495,1.383236525307797,14.359990000000002,1567784.5,5184191.0
174,838,1.819,0.17399,3.53999,1574540.0000000002,5184165.0
174,859,2.239992857142858,2.177118329099081,3.714282857142857,1576667.0,5184171.2857142845
175,794,4.249995,1.540236525307797,6.354995000000002,1570181.0,5184081.5
175,842,1.141661666666667,2.167225875512996,3.23666,1574970.3333333333,5184061.666666666
175,850,-1.226663333333333,1.841645367077063,0.806663333333333,1575777.3333333335,5184022.333333333
175,855,1.058707142857143,1.835049321868282,2.96285,1576254.4285714286,5184077.2857142845
175,857,1.539997142857143,2.181834043384796,3.402852857142857,1576469.2857142854,5184026.428571428
176,776,9.755,0.43999,11.760000000000002,1568350.0,5183937.0
176,791,4.42,0.1,4.78999,1569849.0,5183937.0
176,829,-0.12625,1.931354787961696,1.4149975,1573651.5,5183942.75
176,846,0.115,1.343731525307797,1.069995,1575392.5,5183966.5
176,849,0.247495,1.326736525307797,1.14999,1575624.5,5183971.5
177,795,5.261994,1.584081830369357,6.287996000000002,1570240.8,5183870.0
177,835,1.160996,1.585481830369357,3.133994,1574236.1999999995,5183833.0
177,843,0.147495625,2.37750535995212,2.193116875,1575054.1875,5183856.000000001
177,846,0.029995,1.431731525307797,1.679995,1575330.0,5183842.5
177,850,0.04666,1.72931203374373,1.056656666666667,1575769.3333333335,5183833.666666666
177,857,1.6968675,1.930354787961696,2.846245000000001,1576460.875,5183826.25
178,611,66.203,2.898,81.40799000000001,1551826.0,5183766.0
178,773,11.96,0.381,13.61999,1568011.0,5183767.0
178,775,11.0124975,1.953854787961696,12.602495,1568257.25,5183728.75
178,789,5.191992000000002,2.029178440492476,6.379996,1569668.6,5183729.0
178,796,5.034995,1.465231525307797,5.949995000000002,1570316.0000000002,5183750.0
178,828,0.469995,1.344731525307797,1.494995,1573529.0,5183772.5
178,829,0.189995,1.370736525307797,1.569995,1573658.0,5183791.5
178,842,0.58481,2.079696228625171,2.079995625,1574956.125,5183756.125
179,759,13.77,0.38699,16.610000000000003,1566611.0,5183657.0
179,790,5.457138571428572,2.168975471956224,6.258564285714286,1569771.2857142857,5183658.0
179,816,3.44,1.313231525307797,5.214995,1572347.5,5183691.5
179,828,0.34999,0.24899,1.29999,1573555.0,5183600.000000001
179,832,-0.1975,1.374736525307797,0.94999,1573958.0,5183678.5
179,840,0.576663333333333,2.140225875512996,3.151665,1574780.6666666667,5183646.833333333
179,852,0.58999,0.092,0.97,1575997.0,5183687.0
180,309,190.97599,4.48299,203.60099,1521690.0,5183559.0
180,615,63.40200000000001,1.45899,78.67199000000002,1552286.0,5183586.0
180,770,13.874995000000002,1.558736525307797,15.409995000000002,1567724.0000000002,5183502.5
180,816,3.406656666666667,1.75898203374373,4.846656666666668,1572308.6666666667,5183530.333333333
180,829,0.0012475,1.417984025307797,1.2724925,1573677.2500000002,5183559.75
180,833,-0.393323333333333,1.83731203374373,0.49666,1574060.0000000002,5183581.333333333
180,836,0.176662222222222,2.259641600547196,2.004438888888889,1574365.2222222222,5183539.333333333
180,839,-0.284995,1.349236525307797,1.1,1574621.0,5183528.499999999
180,840,0.37833,1.733645367077063,2.14999,1574752.0,5183527.666666666
180,848,-0.651663333333333,1.734315367077063,1.13999,1575538.0,5183571.0
180,856,1.354995,1.355731525307797,1.95,1576387.9999999995,5183541.5
180,859,1.395875294117647,2.236534456425525,2.659997647058824,1576663.1176470588,5183546.117647059
181,607,60.464000000000006,2.776,82.96399000000001,1551475.0,5183487.0
181,781,8.687495,1.951604787961696,9.7149925,1568845.5,5183469.0
181,790,5.941198000000002,1.569681830369357,7.137996000000002,1569761.8,5183436.4
181,793,5.50566,0.913821016871865,6.219993333333334,1570071.3333333333,5183418.666666666
181,794,5.197495,1.937602287961696,6.199995,1570154.7499999995,5183485.0
181,806,3.6799975,1.945604787961696,4.249992500000001,1571345.0,5183429.5
181,810,3.89,0.214,5.010000000000002,1571704.0,5183443.0
181,811,3.079995,1.401236525307797,5.024995000000002,1571842.0,5183442.500000001
181,818,1.769995,1.665236525307797,3.9,1572574.0,5183483.5
181,821,1.019995,1.375736525307797,2.72,1572898.5,5183400.499999999
181,829,0.064995,1.407231525307797,1.46,1573690.5,5183434.5
181,832,-0.405,1.429731525307797,0.86999,1573909.0,5183476.5
181,833,-0.179995,1.338236525307798,0.76499,1574081.0,5183469.499999999
181,838,-0.339996923076923,2.169167965905503,1.169223846153846,1574555.0,5183444.076923077
181,845,-0.399996666666667,1.73198203374373,1.479996666666667,1575244.3333333333,5183462.666666666
181,854,-0.02,1.364236525307798,1.074995,1576119.0,5183469.499999999
181,855,0.77999,0.201,1.30999,1576261.0,5183400.0
181,863,1.249828333333333,1.733645367077063,2.466665,1577060.8333333333,5183447.666666666
182,628,56.25600000000001,2.308,71.596,1553505.0,5183386.0
182,687,28.950000000000003,1.1,45.13,1559481.0,5183385.0
182,784,7.62010888888889,2.254197156102751,8.896661111111111,1569174.8888888888,5183365.888888889
182,787,6.975079166666668,2.124560042179662,8.153328333333334,1569446.4166666667,5183368.833333333
182,789,5.98499,1.954102287961696,7.672492500000002,1569648.0,5183342.75
182,813,3.864424285714286,1.85248075043971,4.79571142857143,1572068.8571428573,5183347.714285715
182,821,1.587495,1.562231525307797,2.795,1572893.0,5183376.5
182,834,-0.32749,1.324236525307798,0.69499,1574132.5,5183360.5
182,847,-0.699995,1.488731525307797,1.01499,1575481.0,5183322.0
182,848,0.043994,2.044378440492476,1.378,1575564.6,5183335.2
182,849,0.033236470588235,2.245416809366701,1.591170588235294,1575654.176470588,5183338.058823529
182,850,-0.16625,2.258412669288645,1.458745,1575757.5,5183352.125
182,853,0.164995,1.964102287961696,1.2749975,1576051.0,5183342.0
182,856,-0.2475,1.428231525307798,1.07499,1576313.5,5183337.5
182,858,0.030003333333333,1.76631203374373,1.966663333333333,1576529.6666666667,5183336.0
183,608,65.13999000000001,3.888,82.71499,1551531.0,5183215.0
183,638,51.68000000000001,2.539,67.62,1554539.0,5183216.000000001
183,777,10.86749625,2.228538919288646,12.0374975,1568436.75,5183254.5
183,795,5.127137142857144,2.220834043384796,6.344277142857144,1570250.857142857,5183246.142857144
183,813,2.854995000000001,1.386236525307798,4.475000000000002,1572011.0,5183256.5
183,815,2.7362475,1.966604787961696,4.397495,1572262.0,5183257.25
183,816,2.4962425,1.657169406634747,4.59249625,1572339.75,5183258.5
183,821,1.272495,1.659736525307797,2.465,1572896.0,5183221.5
183,828,0.139995,1.425736525307797,2.16499,1573561.0,5183233.0
183,830,-0.41249,1.394731525307797,1.434995,1573728.5,5183200.5
183,832,-1.174995,1.456231525307797,0.904995,1573933.0,5183259.0
183,839,-0.059995,1.383731525307797,1.374995,1574637.5,5183254.5
183,844,-0.572505,1.317236525307797,1.299995,1575128.5,5183212.5
183,845,0.224610769230769,1.984747731242765,1.451533846153846,1575257.923076923,5183220.076923077
183,846,-0.058409090909091,2.305975046014177,1.414996363636364,1575349.0,5183256.318181817
183,850,0.12112375,2.225475794288645,1.62312125,1575748.6875,5183243.4375
183,851,0.30912125,1.631294406634747,1.54374375,1575872.75,5183257.25
184,576,70.289,0.02099,98.03399,1548375.0,5183199.0
184,644,49.56999,1.041,64.99999000000001,1555121.0,5183153.0
184,691,27.14599,0.333,42.970000000000006,1559803.0,5183187.0
184,740,19.42,0.377,21.17,1564701.0,5183187.0
184,768,11.57499,0.149,13.18,1567560.0,5183146.999999999
184,784,8.687392,2.089978440492476,9.589994,1569121.8,5183153.4
184,814,2.704854285714286,1.857766464725425,3.944282857142857,1572181.5714285711,5183158.857142856
184,816,2.61772,2.311338227832359,4.559993636363638,1572348.7272727273,5183157.636363637
184,818,1.672663333333333,1.72698203374373,2.91666,1572565.3333333333,5183138.333333333
184,834,-0.685,1.351231525307797,0.825,1574122.0,5183152.000000001
184,840,-0.047598,2.083711107159143,1.222662,1574738.7333333332,5183146.133333334
184,842,-0.12,1.372731525307797,1.494995,1574979.9999999995,5183157.000000001
184,845,-0.11125,2.232725794288645,1.36936875,1575248.625,5183140.75
184,846,-0.140003333333333,1.773648700410397,1.32333,1575316.3333333333,5183163.0
184,863,0.766796,1.569481830369357,1.999994,1577044.8,5183171.2
185,577,80.23699,4.254,97.29699,1548407.0,5183086.0
185,789,6.566330000000002,0.950487683538532,7.903333333333334,1569658.6666666667,5183042.333333333
185,799,5.046192,1.103987220246238,6.363992000000002,1570633.8,5183042.6
185,802,4.86449625,1.923728537961696,5.849995000000002,1570932.5,5183027.75
185,808,3.121245,2.234288919288645,4.03999375,1571569.75,5183055.0
185,810,3.562146153846154,2.162246427443965,4.496920000000001,1571761.0769230768,5183022.384615385
185,811,3.094995,2.190560875512995,4.66333,1571868.8333333333,5183045.833333333
185,813,2.95583,2.164892542179663,4.199993333333333,1572069.6666666667,5183063.833333333
185,816,2.3724925,2.040354787961696,4.10999,1572362.5,5183055.0
185,824,1.415,1.337736525307797,3.364990000000001,1573138.0,5183009.5
185,830,-0.787495,1.385231525307797,1.595,1573734.5,5183036.5
185,832,-0.769995,1.398736525307798,1.25499,1573957.0,5183046.5
185,841,0.367138571428571,1.873622179011139,1.689995714285714,1574862.5714285711,5183065.2857142845
185,842,0.14,0.476,1.35,1574993.0,5183096.0
185,849,0.605,1.436731525307798,1.569995,1575658.0,5183098.5
186,577,76.21299,2.973,96.611,1548423.0,5182985.0
186,780,8.468830000000002,1.723645367077063,10.464995,1568725.8333333333,5182948.833333333
186,783,8.463992000000003,2.065178440492476,10.531992,1569050.2,5182934.2
186,784,8.307359090909092,2.111477950503668,10.19272181818182,1569150.6363636365,5182946.818181817
186,803,4.206328333333335,1.71914703374373,5.409993333333334,1571018.3333333333,5182953.0
186,822,1.76666,1.892648700410396,2.959996666666667,1572951.0,5182956.0
186,831,-0.99499,1.368731525307797,1.06999,1573808.0,5182922.5
186,836,0.401998,1.610081830369357,2.031994,1574363.2,5182957.0
186,841,-0.08,1.759980367077063,1.279995,1574848.3333333333,5182972.666666666
186,843,0.318714285714286,1.583411743208911,1.304281428571429,1575058.7142857143,5182941.0
186,857,0.1345,0.197,1.55499,1576455.0,5182975.0
187,651,45.115,2.312,61.63,1555882.0,5182809.0
187,682,31.610000000000003,0.30599,46.849990000000005,1558903.0,5182887.0
187,763,12.2524925,1.930102287961696,13.3749975,1567022.0,5182840.5
187,777,9.4075,1.300231525307797,10.544995,1568494.0,5182825.5
187,784,8.317784210526316,2.158503621571027,10.415785789473684,1569149.3157894737,5182843.947368421
187,788,7.440495,1.383736525307797,8.207495,1569564.5,5182852.0
187,800,4.835796,1.565081830369357,6.379992000000002,1570730.0,5182873.0
187,814,2.750798000000001,1.848630135430916,4.024995000000002,1572147.6,5182866.7
187,816,1.902491666666667,2.216225875512996,4.093328333333333,1572358.0,5182838.666666666
187,819,1.4124975,1.995352287961696,3.2299975,1572616.0,5182849.250000001
187,830,0.50999,0.263,1.6,1573712.0,5182799.999999999
187,832,-1.045,1.377231525307797,1.01499,1573998.5,5182857.5
187,834,-0.523326666666667,1.747648700410396,1.406656666666667,1574183.0,5182817.333333333
187,839,-0.099165,2.179060875512996,1.519995,1574654.5,5182859.666666666
187,840,-0.270383076923077,2.330282815952857,1.310762307692308,1574730.1538461535,5182857.692307692
187,841,-0.664002,2.029978440492476,1.137998,1574868.8,5182841.6
187,849,1.549661111111111,2.001477928256574,4.167772222222222,1575654.5555555555,5182829.0
187,862,-0.5049925,1.941602287961696,0.764995,1576922.5,5182823.25
187,867,0.090755,1.919104787961696,1.1222425,1577448.25,5182858.0
188,698,22.969990000000003,0.88499,38.970000000000006,1560503.0,5182705.0
188,763,11.855993333333336,1.718648700410396,13.296663333333337,1567043.0,5182753.333333333
188,771,10.260000000000002,1.927102287961696,11.664995,1567884.75,5182766.75
188,788,7.491993000000002,2.304925745554036,9.374993,1569553.2,5182736.3
188,790,6.517996000000002,2.071378440492476,7.597996,1569753.8,5182731.2
188,799,5.888568571428572,2.198118329099081,7.39571,1570646.5714285711,5182755.857142856
188,805,3.408121875,2.217038919288645,4.003119375,1571263.6874999995,5182757.875
188,829,0.688995,2.290725745554036,2.757995,1573673.7,5182744.299999999
188,830,-0.424995,1.392731525307797,1.699995,1573713.0,5182733.499999999
188,831,-0.97999,1.387236525307797,0.954995,1573870.5,5182759.5
188,836,-0.004004,2.054576440492476,1.351996,1574360.4,5182737.0
188,840,-0.025856428571428,2.180976186241938,1.391424285714286,1574729.0714285711,5182733.499999999
188,841,0.035999,2.278224745554035,1.250995,1574859.8000000003,5182735.3
188,860,0.02999,0.321,1.45,1576757.0,5182790.0
189,644,48.18000000000001,0.179,61.68000000000001,1555105.0,5182677.000000001
189,657,41.294990000000006,1.64499,59.84,1556407.0,5182601.0
189,658,41.09199,0.81999,57.150000000000006,1556594.0,5182663.0
189,666,37.31,0.50999,53.11000000000001,1557303.0,5182634.999999999
189,673,34.599990000000005,0.30799,50.2,1558024.0,5182627.0
189,786,7.605548888888888,2.269198267213862,9.806662222222222,1569345.7777777775,5182659.666666666
189,792,6.133831666666668,1.729812033743729,7.346661666666668,1569945.1666666667,5182661.0
189,810,2.8319925,1.927354787961696,4.047495000000002,1571727.0,5182630.75
189,815,2.189097,2.061176440492476,4.258995000000002,1572263.9,5182635.2
189,830,-0.143998,2.178776440492476,1.86399,1573750.4,5182647.4
189,837,-0.165666,2.367107513907889,1.303328666666667,1574426.1333333333,5182651.8
189,839,0.038999,2.306825745554036,1.498992,1574672.6,5182645.799999999
189,849,1.199996666666667,1.739648700410396,2.489996666666667,1575641.0,5182629.666666666
189,856,0.419995,1.355231525307797,2.425,1576350.0,5182694.5
190,278,192.29100000000005,3.73399,206.75999,1518520.0,5182587.0
190,670,36.87499,0.865,50.959990000000005,1557762.0,5182509.0
190,778,8.664495000000002,2.113226708846329,9.905828333333334,1568549.1666666667,5182550.416666666
190,793,5.77443888888889,2.290419378324973,7.929995555555556,1570046.8888888888,5182551.444444444
190,802,4.334163333333334,1.72431203374373,6.068326666666668,1570929.6666666667,5182545.666666666
190,806,3.583656666666667,1.70231203374373,3.996663333333334,1571385.0,5182535.666666666
190,825,0.688245,1.346734025307797,2.124995,1573250.5,5182572.75
190,831,-0.197998,2.065578440492476,1.943998,1573828.6,5182562.6
190,832,-0.849995,1.375236525307797,1.184995,1573923.0,5182569.5
190,834,-0.779995,1.381736525307797,1.374995,1574101.0,5182592.5
190,837,-0.449228461538462,1.998670808165842,1.172299230769231,1574439.4615384613,5182568.769230769
190,838,-0.315005,1.358231525307797,1.35,1574567.0,5182555.5
190,860,0.18033,0.957491016871865,1.303323333333333,1576745.6666666667,5182526.666666666
190,873,0.571993333333333,1.019154350205198,1.698666666666667,1578032.6666666667,5182539.666666666
191,570,75.12999,0.794,98.98999,1547787.0,5182426.0
191,681,31.274990000000003,0.31799,45.68000000000001,1558844.0000000002,5182427.0
191,746,15.302194,1.648483830369357,17.543994000000005,1565316.6,5182423.4
191,763,12.17166,1.70931203374373,13.323323333333336,1567088.3333333333,5182489.666666666
191,779,7.864995,1.316236525307797,9.269995000000002,1568636.0000000002,5182476.5
191,788,7.323994000000002,1.609081830369357,9.183998,1569522.4,5182459.0
191,794,6.24171,1.842193607582568,7.785712857142858,1570121.1428571427,5182466.142857144
191,800,5.705710000000002,2.229261186241938,6.879992857142858,1570754.4285714286,5182458.142857142
191,802,4.780905454545456,2.306066409650541,5.848178181818182,1570964.818181818,5182429.636363637
191,818,1.509424285714286,1.853622179011139,3.191424285714286,1572525.857142857,5182463.714285715
191,823,0.811,0.20749,3.604995,1573063.5,5182404.0
191,833,-0.15999,0.289,1.19,1574028.0000000002,5182404.0
191,834,-0.88,1.379731525307797,1.319995,1574131.5,5182408.499999999
191,836,-0.584995,1.355231525307797,1.64499,1574334.5,5182426.5
191,848,1.392996,2.051376440492476,2.747994,1575549.4,5182459.2
191,864,-0.589995,1.351231525307797,0.47499,1577144.0,5182450.500000001
191,866,-0.46,0.46399,0.27,1577320.0,5182472.0
191,867,-0.235663333333333,1.777315367077063,0.53266,1577486.3333333333,5182479.666666666
191,868,-0.288495,1.963604787961696,0.413995,1577511.0,5182461.5
191,869,0.192194,1.638481830369357,1.324392,1577669.4,5182467.6
191,871,0.38699,0.35199,1.057,1577880.0,5182401.0
192,644,46.345000000000006,2.05299,62.209990000000005,1555168.0,5182338.0
192,677,32.769000000000005,0.596,47.61000000000001,1558494.0,5182387.0
192,691,24.922,0.28099,40.959990000000005,1559883.0,5182337.0
192,770,9.92999,1.927354787961696,10.984995,1567793.0,5182381.25
192,775,8.601398,1.055787220246238,9.531998,1568283.8000000003,5182323.0
192,777,8.677492500000001,1.986354787961696,9.942495,1568460.75,5182351.75
192,797,5.452495000000002,0.20349,6.86999,1570403.0,5182394.0
192,802,4.748922857142858,2.360367832714481,5.763567142857144,1570956.9285714286,5182354.0
192,804,4.165995000000001,2.279724745554036,4.857992,1571160.8,5182330.800000001
192,813,2.898567142857143,1.867622179011139,4.285707142857144,1572075.4285714286,5182332.857142856
192,831,0.52199375,1.948727287961696,1.9074925,1573872.375,5182324.625
192,839,0.37,0.18799,1.59,1574674.0,5182300.0
192,854,-0.105,1.375236525307797,2.7,1576128.0,5182377.5
192,860,-0.5295775,2.146476708846329,1.413329166666667,1576755.4166666667,5182347.75
193,797,5.689996666666668,1.73998203374373,6.413326666666668,1570431.3333333333,5182250.999999999
193,800,5.17121777777778,1.990145706034352,6.572217777777778,1570740.8888888888,5182263.444444444
193,803,4.470893,2.038177440492476,5.293996000000002,1571064.2,5182259.5
193,813,2.892138571428572,2.187404043384796,4.162852857142857,1572032.4285714286,5182238.571428572
193,827,0.50499,2.078778440492476,2.387992,1573437.0,5182217.4
193,842,0.86699,0.156495,1.54,1574916.5,5182281.0
193,846,1.518995,1.342484025307797,4.7849975,1575385.5,5182275.750000001
193,847,1.878328333333333,2.135392542179662,3.869995,1575465.6666666667,5182260.666666666
193,855,1.082993333333333,1.023154350205198,3.15333,1576238.0,5182226.0
193,858,-0.521996,2.086776440492476,1.377994,1576554.2,5182252.6
193,859,-0.372776111111111,2.161394208846329,1.338326666666667,1576647.5,5182234.388888889
193,867,-0.84249,1.456231525307797,0.33,1577438.0,5182239.5
193,870,-0.270495,1.363236525307797,1.152,1577730.5,5182266.5
194,645,45.11999,2.028,61.15999000000001,1555229.0,5182140.0
194,657,40.63,1.83599,57.65999000000001,1556491.0,5182189.0
194,691,24.06999,1.294,40.31999,1559885.0,5182179.0
194,751,12.99499,0.27399,15.07999,1565891.0,5182107.0
194,770,9.778496666666667,2.130560042179662,10.939997500000002,1567731.8333333333,5182135.916666666
194,776,8.538747500000001,1.329981525307797,9.525,1568349.75,5182195.0
194,791,6.265000000000002,1.356736525307797,7.684995000000002,1569865.0,5182172.0
194,800,5.0525,1.900352287961696,5.894997500000002,1570792.5,5182115.5
194,804,4.805876470588236,2.378856400579384,5.473522941176472,1571160.6470588236,5182156.764705883
194,808,3.8899975,1.958354787961696,4.494995000000001,1571540.75,5182133.000000001
194,809,3.19499,1.735645367077063,4.223326666666667,1571671.0,5182133.000000001
194,819,1.479137142857143,1.876765036153996,3.759998571428572,1572639.1428571427,5182140.2857142845
194,824,1.196998,2.294725745554035,3.352998,1573161.2,5182154.3
194,832,-0.053334444444444,2.276420489436084,1.597772222222222,1573936.6666666667,5182137.444444443
194,834,-0.24928,2.19511975767051,1.704284285714286,1574120.7142857143,5182144.428571428
194,836,0.0562525,1.935354787961696,1.749995,1574347.25,5182131.5
194,850,1.737495,1.358231525307797,2.71,1575755.0,5182121.5
194,854,0.9962475,1.965852287961696,3.127495,1576175.75,5182162.500000001
194,861,-0.11699,0.16699,1.67999,1576817.0,5182196.0
194,864,-0.25999,0.354,0.75999,1577174.0,5182171.0
194,870,0.0395,1.332231525307797,1.121995,1577800.0,5182116.5
195,628,52.15999000000001,2.082,70.11,1553532.0000000002,5182028.0
195,654,42.279990000000005,1.095,56.75000000000001,1556140.0000000002,5182075.0
195,679,31.88999,0.96399,45.65999,1558674.0,5182017.0
195,683,27.906990000000004,0.411,43.830000000000005,1559075.0,5182002.0
195,775,8.489993333333334,2.117227542179662,9.936661666666668,1568249.3333333335,5182055.833333334
195,794,5.347995000000002,1.327736525307798,7.715000000000002,1570186.5,5182019.0
195,800,4.985996,2.047378440492476,5.805994,1570773.6,5182041.8
195,803,5.2904125,2.324016963064296,5.924994166666668,1571054.0,5182069.000000001
195,814,2.665745,1.396734025307797,4.819992500000002,1572153.75,5182038.5
195,819,1.47311875,2.37250535995212,3.724993125,1572650.4375,5182042.4375
195,820,0.99099,0.407,3.11999,1572770.0,5182002.0
195,821,1.294438888888889,2.258642711658307,3.124436666666667,1572842.5555555555,5182056.888888889
195,829,-0.1681275,2.244913919288646,1.72249625,1573640.75,5182070.5
195,834,-0.253333333333333,1.097154350205198,1.89,1574119.3333333333,5182012.666666666
195,841,0.55566,0.945487683538532,1.449996666666667,1574854.6666666665,5182048.0
195,843,1.523326666666667,2.264420489436084,3.245551111111112,1575050.6666666667,5182074.555555556
195,868,-0.38499,0.46799,0.38999,1577507.9999999995,5182008.0
195,874,0.497,0.17299,1.12699,1578131.9999999995,5182044.0
196,760,11.296490000000002,0.090495,12.414995,1566733.0,5181996.0
196,771,9.099995,1.917852287961696,10.154990000000002,1567858.7499999995,5181973.75
196,778,7.426660000000002,1.727315367077063,9.209996666666669,1568528.6666666667,5181915.333333332
196,779,7.956995000000002,0.139495,9.81999,1568611.9999999995,5181989.5
196,784,7.506991666666668,2.122059208846329,8.856663333333335,1569132.3333333333,5181927.333333333
196,805,4.811992500000002,2.219788919288645,5.833746250000002,1571280.75,5181955.750000001
196,810,3.798541818181818,2.302975500559632,4.559996363636366,1571753.9090909092,5181924.090909091
196,816,2.115548888888889,2.270198267213862,3.789996666666667,1572342.6666666665,5181957.666666666
196,818,1.623495,1.447236525307798,3.78,1572563.5,5181959.0
196,820,1.313327777777778,2.262308267213862,3.133327777777778,1572741.7777777775,5181931.666666666
196,821,0.749995,1.327236525307797,2.624995,1572815.5,5181960.499999999
196,822,0.208995,1.383731525307797,1.758995,1572976.0,5181930.5
196,823,0.904995,1.378236525307797,1.69499,1573075.0,5181968.5
196,824,0.7024925,1.366231525307798,1.7024925,1573164.25,5181988.0
196,825,0.3225,1.997602287961696,1.4874975,1573249.0,5181965.25
196,826,0.46833,1.72498203374373,2.369993333333333,1573356.3333333333,5181969.666666666
196,832,0.144665,2.129225875512996,1.363326666666667,1573948.6666666667,5181976.833333332
196,835,0.06125,1.937104787961696,1.7699925,1574249.25,5181958.5
196,838,0.123,0.954157683538532,1.799993333333333,1574543.6666666667,5181992.0
196,858,0.367245,1.022110762653899,3.044995,1576589.2500000002,5181926.0
196,865,-0.31999,0.20399,0.34999,1577246.0,5181935.0
196,870,-0.244995,1.394236525307798,0.594995,1577734.0,5181938.500000001
196,871,-0.4775,1.411231525307797,0.869995,1577865.5,5181924.5
197,646,45.67399,1.513,60.31999,1555315.0,5181898.999999999
197,659,38.575,1.671,56.09,1556694.0,5181857.0
197,761,11.06999,1.343231525307797,12.394995000000002,1566859.5,5181889.5
197,764,10.581495,0.1355,11.474995,1567150.5,5181892.0
197,769,9.3982425,1.326986525307798,10.439995,1567620.75,5181858.5
197,785,6.854993333333334,2.137727542179662,8.474993333333334,1569256.6666666667,5181842.666666666
197,796,6.048995000000002,1.376231525307798,6.974995000000002,1570320.5,5181854.5
197,804,5.193997,2.288024745554035,5.899993,1571149.6,5181847.3
197,813,3.189994444444445,2.271863822769418,4.242217777777779,1572035.3333333333,5181830.0
197,822,0.209598,1.565681830369357,1.779598,1572943.8,5181878.0
197,825,0.364995,1.347231525307797,1.94,1573220.5,5181848.0
197,832,-0.375005,1.366731525307797,1.585,1573913.0,5181844.5
197,845,2.718995,1.359736525307797,4.354995000000001,1575240.0,5181898.0
197,868,0.11999,0.32499,1.40999,1577577.0,5181864.0
197,872,0.31,0.18299,0.99,1577915.0,5181880.0
197,874,0.35466,1.72431203374373,1.307996666666667,1578129.6666666667,5181852.333333333
198,655,44.69499,1.15299,56.25999,1556215.0,5181729.0
198,764,9.810992,2.122578440492476,11.095994,1567139.0,5181718.0
198,771,8.716995000000002,1.291236525307797,10.5124975,1567858.25,5181763.0
198,772,8.659994285714289,2.205118329099081,10.56285,1567936.0,5181748.857142856
198,775,8.021995,0.086495,9.449995,1568279.5,5181770.999999999
198,785,6.92466,1.728978700410397,8.654995000000001,1569239.6666666667,5181750.333333333
198,800,5.212196,1.550279830369357,6.161996,1570730.4,5181733.199999999
198,802,5.216866250000002,2.212538919288645,5.661245000000002,1570946.625,5181759.25
198,808,4.651490000000002,1.326231525307797,5.380000000000002,1571526.0,5181743.0
198,813,3.2749925,2.222537669288645,4.45124375,1572058.0,5181764.125
198,814,3.296425714285715,2.190546900527653,4.459995714285715,1572157.1428571427,5181736.571428572
198,820,0.43,1.730645367077063,2.839996666666667,1572743.3333333333,5181738.666666666
198,824,0.394995,1.379236525307797,2.07499,1573147.0,5181744.5
198,826,-0.125,1.354731525307797,1.864995,1573325.0,5181768.499999999
198,827,0.437,2.038578440492476,1.417992,1573460.6,5181777.8
198,829,0.36999,1.365231525307797,2.389995,1573687.0,5181776.5
198,834,-0.096666666666667,1.745645367077063,1.443326666666667,1574174.0,5181731.666666666
198,839,0.309993333333333,1.73831203374373,2.033326666666667,1574676.6666666667,5181745.333333333
198,840,1.66125,1.939352287961696,3.10749,1574787.0,5181719.500000001
198,849,2.721663333333333,1.756315367077064,4.476663333333334,1575647.6666666667,5181739.333333333
198,867,-0.595,1.420736525307798,1.399995,1577423.5,5181784.5
198,868,-0.055005,1.434231525307797,1.52999,1577522.5,5181745.5
198,870,-0.576663333333333,1.821315367077063,1.466663333333334,1577705.3333333335,5181706.333333333
199,769,9.1974925,1.938102287961696,10.9449925,1567646.5,5181649.5
199,778,7.607497500000002,1.338234025307797,9.2599925,1568541.5,5181649.0
199,784,6.784996000000002,2.068178440492476,8.963992000000003,1569149.0,5181646.4
199,812,3.879995,1.943854787961696,4.4799925,1571958.25,5181680.25
199,819,1.269995,2.130394208846329,3.228325,1572635.5,5181645.833333333
199,821,0.2062425,0.798113262653899,1.5774925,1572854.25,5181663.5
199,828,-0.046663333333333,1.74198203374373,1.703323333333334,1573557.3333333333,5181665.666666666
199,831,0.43,1.360736525307797,2.30499,1573884.0000000002,5181637.5
199,833,-0.11,1.383731525307797,1.97,1574004.5,5181670.5
199,853,1.720326666666667,0.989154350205198,3.57999,1576079.3333333333,5181661.333333333
199,875,0.517,0.14699,1.197,1578222.0,5181674.0
200,766,10.3782425,1.365234025307797,11.207495000000002,1567342.25,5181565.25
200,770,8.934996000000002,2.048376440492476,10.821996,1567725.8,5181548.0
200,783,7.09954090909091,2.096567950503669,8.820903636363639,1569054.0,5181550.181818182
200,785,6.613576666666668,2.132975875512996,8.218327500000003,1569247.6666666667,5181545.333333333
200,800,4.673996000000002,2.020576440492476,5.60599,1570755.4,5181531.2
200,803,5.167578333333334,2.117309208846329,5.724993333333334,1571047.0,5181559.249999999
200,809,3.996994,2.030976440492476,5.109992,1571635.2,5181568.4
200,811,3.248496666666667,1.73031203374373,4.939996666666668,1571825.3333333335,5181540.5
200,818,1.3899925,1.356234025307797,3.48499,1572558.5,5181544.499999999
200,822,0.0745,1.333731525307798,2.4795,1572911.5,5181581.499999999
200,824,0.52499,1.356236525307798,2.609995,1573171.0,5181557.5
200,825,0.339995,1.351231525307797,2.21,1573242.5,5181590.5
200,829,-0.210005,1.352736525307797,2.140000000000001,1573693.0,5181571.5
200,831,0.106666666666667,1.73048203374373,1.878328333333333,1573834.8333333333,5181563.166666666
200,835,0.6305,0.118995,1.94,1574252.0000000002,5181514.999999999
200,857,1.08961,2.151861812059349,2.218455384615385,1576430.5384615385,5181542.076923077
200,866,0.446,0.21999,1.08,1577400.0,5181504.0
200,867,-0.098745,1.388734025307797,1.1374975,1577425.0,5181536.0
201,643,43.52,2.068,60.36999000000001,1555069.0,5181429.000000001
201,646,45.63999,2.651,62.419990000000006,1555369.0,5181499.0
201,717,16.107137142857145,1.84598317178034,29.96571,1562463.4285714286,5181459.714285715
201,775,7.72749875,2.217038919288645,8.864995,1568256.125,5181452.0
201,777,7.49136,2.308248227832359,8.670904545454546,1568442.818181818,5181440.909090909
201,789,5.884121250000002,1.925477287961696,7.162495000000002,1569654.5,5181456.5
201,808,4.479898095238095,2.291379426747443,5.538092380952382,1571557.7142857143,5181435.333333332
201,820,0.406663333333333,1.771315367077063,2.229993333333333,1572762.3333333333,5181429.333333333
201,821,0.563998,1.663681830369357,1.64999,1572868.4,5181452.8
201,823,1.27499,0.09899,3.44,1573068.0000000002,5181478.0
201,838,1.487996666666667,0.941154350205198,3.386666666666667,1574550.0,5181426.666666666
201,841,2.163996,2.056976440492476,4.423998,1574862.2,5181468.8
201,844,3.309083636363637,2.308429136923268,5.92181,1575140.2727272727,5181448.363636363
201,875,0.555995,0.27699,1.160995,1578225.5,5181452.0
202,777,7.074996000000002,2.289025745554035,8.105992000000002,1568444.8,5181342.8
202,779,7.277996,2.278324745554035,8.262995,1568645.6,5181359.9
202,787,5.918290000000002,2.247004456425525,7.155878823529414,1569459.2352941176,5181346.529411765
202,806,4.93999,0.919491016871865,5.29666,1571358.3333333333,5181354.333333333
202,817,1.34424,1.353236525307797,3.5249975,1572472.5,5181322.0
202,819,0.3045,1.400731525307797,1.804495,1572693.5,5181312.5
202,822,2.24,0.1,2.36999,1573000.0,5181381.0
202,824,1.015,1.622231525307798,2.965,1573142.0,5181330.0
202,830,0.153565714285714,2.197261186241938,1.922852857142857,1573757.857142857,5181319.57142857
202,842,3.266996666666667,1.016154350205198,4.809993333333334,1574947.0,5181358.333333333
202,845,3.27124625,1.659044406634747,5.5562475,1575265.375,5181366.875
202,850,3.029995,2.143060875512996,4.87333,1575731.0,5181382.666666666
202,853,2.65333,1.742978700410396,4.046663333333334,1576033.6666666667,5181377.0
202,858,1.327,1.376986525307797,2.542495,1576596.25,5181338.75
203,776,6.823163333333334,1.710148700410397,8.381661666666668,1568321.0,5181274.833333333
203,779,6.613370000000002,1.671919406634747,7.7899975,1568640.375,5181256.499999999
203,781,6.997495000000002,0.123,8.649990000000003,1568867.9999999995,5181281.5
203,787,5.620863043478262,2.425625961458396,7.056081304347828,1569462.8695652173,5181264.391304348
203,790,5.428500000000002,0.1385,6.00499,1569780.5,5181201.0
203,798,3.026663333333333,1.775648700410397,5.586663333333334,1570596.6666666667,5181258.333333333
203,806,3.842495,1.369231525307797,5.23,1571314.0,5181279.0
203,810,3.343745,1.971854787961696,5.204995,1571746.0,5181216.25
203,816,1.565711428571429,2.207404043384796,3.945708571428572,1572363.1428571427,5181232.571428572
203,817,1.0812425,2.009102287961696,3.0524975,1572420.25,5181232.25
203,821,0.804995,1.422731525307798,1.97,1572870.0,5181207.500000001
203,827,0.445823333333333,1.431733191974464,2.301656666666667,1573421.0,5181220.0
203,828,0.902495,1.382736525307797,1.814995,1573519.0,5181221.5
203,829,0.54499,1.363736525307797,2.364995,1573689.0,5181227.5
203,841,3.0274925,1.929354787961696,4.7999975,1574844.0000000002,5181253.25
203,843,3.3872475,1.949103537961696,5.81874625,1575070.0,5181237.000000001
203,846,3.5824975,1.944852287961696,5.934995000000002,1575366.75,5181244.75
203,857,2.2387425,1.933852287961696,3.6574925,1576469.2500000002,5181253.0
203,872,0.368995,0.187995,1.024,1577963.0,5181215.0
204,51,419.376,0.141,427.07598,1495821.0,5181183.0
204,778,6.519995000000002,1.939852287961696,8.032495000000003,1568560.75,5181143.0
204,782,6.434995000000002,2.252163919288646,8.112495000000003,1568949.5,5181153.5
204,784,5.7674925,1.949102287961696,8.067495000000003,1569153.0,5181130.5
204,817,1.238884444444445,2.274197156102751,3.744438888888889,1572454.111111111,5181146.666666666
204,819,0.260005,1.343231525307797,1.709995,1572621.5,5181198.5
204,823,1.093998,1.641881830369357,3.532,1573097.8,5181185.0
204,824,1.520772222222222,2.00303459492324,3.773326666666667,1573149.1111111108,5181161.0
204,825,0.249995,0.753363262653899,3.397495,1573246.0,5181187.0
204,832,0.346422857142857,2.179691186241938,1.91285,1573950.5714285711,5181121.142857144
204,834,0.466663333333333,1.76798203374373,1.843326666666667,1574137.3333333335,5181108.333333333
204,841,2.45,0.12899,4.499990000000001,1574818.0,5181124.0
204,853,2.889995,1.343231525307797,4.334995000000001,1576017.0,5181121.5
204,856,2.711661666666666,2.130892542179662,3.666661666666666,1576353.6666666667,5181162.833333333
204,858,2.189995714285714,2.181548329099081,3.938567142857143,1576559.0,5181168.000000001
204,871,0.4535,1.327736525307798,1.14849,1577887.5,5181121.5
204,874,0.42849,0.4355,1.278995,1578181.5,5181156.0
205,765,9.915194,1.551479830369357,11.567994000000002,1567244.8,5181023.800000001
205,781,6.068567142857144,2.180691186241938,7.279997142857144,1568828.5714285711,5181065.142857144
205,805,3.751745,0.718863262653899,4.417490000000001,1571231.25,5181066.0
205,808,0.519993333333333,1.739648700410396,2.27666,1571550.3333333333,5181030.333333333
205,809,1.521794,1.067387220246238,2.715996,1571647.4,5181047.6
205,816,1.221492,2.282025745554036,3.825994,1572359.2,5181059.7
205,818,0.477326666666667,1.819648700410397,1.713993333333334,1572564.6666666667,5181075.666666666
205,827,0.8236175,2.237413919288645,3.0237475,1573446.625,5181050.125
205,839,2.18666,1.777645367077063,4.966663333333334,1574655.6666666667,5181039.0
206,263,185.593,2.285,202.779,1517006.0,5180964.0
206,584,69.50800000000001,2.388,89.38300000000001,1549107.0,5180987.0
206,731,14.78999,0.57099,23.899990000000003,1563852.0000000002,5180987.0
206,750,12.958,0.26899,15.47,1565793.0,5180989.0
206,759,10.722,0.16699,13.07999,1566631.0,5180937.0
206,763,10.135,0.911487683538532,11.949996666666667,1567027.6666666667,5180959.333333333
206,779,5.659995,1.312731525307797,7.344995,1568670.5,5180945.0
206,806,1.6512475,1.907854787961696,2.8224925,1571363.9999999995,5180919.0
206,813,1.380433125,2.229163919288645,3.9193725,1572060.0000000002,5180948.25
206,814,1.23499,1.332731525307797,3.80999,1572200.0,5180976.5
206,817,0.685996,2.050378440492476,2.847992000000001,1572419.6,5180926.6
206,823,1.311398,1.118787220246238,3.891994,1573024.4,5180947.4
206,843,3.872500000000001,1.392731525307797,5.799995000000002,1575099.5,5180935.0
206,855,3.35999,1.344231525307797,4.229995000000001,1576227.0,5180985.0
206,873,0.6223725,1.940854787961696,1.4548725,1578052.25,5180947.75
206,875,0.856996,2.114176440492476,1.459998,1578253.4,5180964.0
206,881,1.28799,0.13099,3.335,1578810.0,5180926.0
207,242,192.86599,1.10699,199.78599,1514924.0000000002,5180810.0
207,574,71.146,2.34299,93.46099,1548150.0,5180840.0
207,773,7.991663333333334,1.761315367077063,9.836663333333334,1568039.3333333333,5180830.333333333
207,792,4.92587125,1.623669406634747,6.436246250000002,1569957.125,5180862.5
207,799,4.0262475,2.055604787961696,6.12999,1570615.0,5180863.75
207,802,2.899997142857143,2.246976900527653,4.600000000000002,1570937.0,5180837.2857142845
207,805,2.026496,2.282224745554035,3.433995,1571249.6,5180858.1
207,807,1.107994,2.052976440492476,2.685998,1571454.4,5180833.2
207,808,1.383565714285715,2.347082118428767,2.672852142857143,1571539.7142857143,5180845.714285715
207,811,0.368331666666667,1.779145367077063,3.911656666666667,1571857.5,5180867.666666666
207,817,0.36949,1.339731525307798,1.729495,1572475.0,5180816.5
207,819,0.53933,1.778645367077063,2.692656666666666,1572634.3333333333,5180851.666666666
207,831,0.476656666666667,1.74498203374373,2.519996666666667,1573845.3333333333,5180839.0
207,841,3.321816363636364,2.115932495958214,6.430907272727274,1574841.6363636365,5180833.818181817
207,855,3.462495000000001,1.352236525307798,4.604995000000002,1576219.5,5180881.5
207,877,0.685326666666667,1.050817683538532,1.743663333333333,1578432.3333333333,5180822.666666666
207,880,0.93199,0.10199,3.34999,1578799.0,5180878.0
207,881,1.251,0.08399,3.52699,1578802.0,5180890.0
208,702,17.649,0.111,31.98999,1560942.0,5180765.0
208,768,9.051282857142857,1.826337893296853,10.758565714285714,1567544.857142857,5180713.571428572
208,779,6.775,0.412,8.56,1568664.0,5180772.0
208,803,2.154496666666667,2.135060042179662,4.414995,1571041.8333333333,5180743.0
208,804,2.219994285714286,2.189834043384796,3.721421428571429,1571164.5714285711,5180767.142857144
208,810,0.56499,1.330236525307798,2.154995,1571755.0,5180795.0
208,812,0.321995,1.385231525307797,1.7145,1571926.0,5180717.0
208,813,0.909495,1.315736525307797,1.96949,1572064.0,5180759.500000001
208,818,0.562495,1.913604787961696,2.629995,1572566.0,5180750.0
208,819,0.703995,1.755313700410396,3.31166,1572677.1666666667,5180760.666666666
208,837,1.534993333333333,2.159892542179662,2.821658333333334,1574435.8333333333,5180735.166666666
208,875,0.721883333333333,2.010477928256574,1.586325555555556,1578243.111111111,5180756.111111111
208,877,1.06366,1.733978700410397,1.836996666666667,1578477.3333333333,5180712.666666666
209,665,30.79999,1.174,48.75000000000001,1557299.9999999995,5180613.0
209,766,9.922490000000002,1.357731525307798,11.244995,1567372.5,5180646.0
209,792,4.19333,1.721645367077063,6.19333,1569942.0,5180664.666666666
209,794,4.6135,1.375981525307797,5.952497500000002,1570147.9999999995,5180635.75
209,798,3.23,1.323236525307797,5.11,1570560.0,5180628.0
209,806,2.900137142857143,1.86305075043971,4.63285,1571356.7142857143,5180641.0
209,812,1.086,1.747480367077063,3.40983,1571950.1666666667,5180646.0
209,820,1.57333,1.725978700410397,3.82,1572714.0,5180656.666666666
209,827,0.9099925,1.952852287961696,2.884995,1573427.75,5180630.0
209,876,1.137192,2.051376440492476,1.967192,1578368.6,5180657.8
210,255,183.66949,2.070236525307798,199.673,1516278.5,5180521.0
210,297,181.143,3.936,186.68299,1520408.0,5180579.0
210,798,2.244995,1.309731525307798,4.98,1570547.9999999995,5180570.0
210,809,2.462852142857144,2.179476186241939,4.62356642857143,1571667.5,5180528.642857144
210,810,2.28444,2.255198267213862,4.737773333333334,1571759.7777777775,5180533.111111111
210,876,1.235656666666667,0.908821016871865,2.12733,1578379.3333333333,5180534.333333333
210,878,0.8632475,1.359986525307797,1.81074,1578531.5,5180557.0
211,305,163.50500000000002,2.65,182.255,1521233.0,5180426.0
211,689,22.090000000000003,0.958,38.61000000000001,1559605.0,5180439.0
211,792,3.846663333333334,2.252864933880529,6.715552222222224,1569956.2222222222,5180450.888888889
211,806,2.512663333333334,0.947821016871865,4.969993333333334,1571347.3333333333,5180432.666666666
211,834,0.779995,1.428231525307798,2.145,1574117.0,5180483.5
211,880,1.00049,1.409236525307797,2.586995,1578730.0,5180416.5
212,727,16.54999,0.476,25.360000000000003,1563402.0,5180388.0
212,837,1.429995,1.363736525307797,3.909990000000001,1574415.5,5180393.5
213,53,409.51599,0.65399,410.70098,1496098.0,5180219.0
213,676,26.39699,1.14999,44.330000000000005,1558346.0,5180266.999999999
213,694,17.163990000000002,2.16899,33.13,1560166.0,5180237.0
213,763,8.675995,1.372236525307797,11.340000000000002,1567043.0,5180259.5
213,772,7.904994,2.047176440492476,8.811994,1567945.2,5180270.6
213,791,4.116666666666667,1.754648700410397,6.186663333333334,1569897.0,5180217.0
213,826,0.9324925,1.944354787961696,2.932495,1573342.25,5180272.75
214,757,12.170000000000002,0.407,13.22999,1566412.0000000002,5180185.0
214,796,2.573994,2.089978440492476,4.575998,1570357.4,5180179.0
214,799,3.070394,1.585279830369357,4.840000000000002,1570610.2,5180176.2
214,804,3.276245,2.060104787961696,5.662497500000002,1571143.75,5180154.0
214,807,3.231422857142857,2.17768975767051,5.418570000000002,1571421.2857142854,5180156.0
214,810,2.293330000000001,1.729648700410397,4.889996666666668,1571779.0,5180195.0
214,817,1.729996666666667,1.757978700410397,4.206660000000001,1572434.0,5180169.0
214,843,3.32,1.298231525307797,5.374995,1575010.0,5180125.5
214,849,3.21499,0.367,5.510000000000002,1575697.0,5180188.0
215,762,11.159993333333333,1.816648700410396,11.969996666666669,1566934.0,5180009.666666666
215,791,3.656326666666666,1.001821016871865,5.983326666666668,1569897.3333333335,5180031.333333333
215,822,1.956660000000001,1.757315367077063,3.739993333333333,1572926.3333333333,5180053.666666666
215,830,-0.5825,1.337231525307797,2.379995,1573765.0,5180098.5
215,838,1.42,1.353736525307797,3.129995,1574534.0,5180005.5
216,790,2.633994,2.133578440492476,4.567996,1569757.0,5179930.6
216,846,2.91499,0.23299,4.190000000000001,1575352.0,5179983.0
217,754,12.81,0.624,15.609990000000002,1566101.0,5179888.000000001
217,834,1.081427142857143,2.178118329099081,2.365705714285714,1574150.1428571427,5179870.857142856
218,696,19.399990000000003,1.00899,34.31,1560303.0,5179788.0
218,701,17.03499,0.49599,32.24,1560803.0,5179788.0
218,754,12.590000000000002,0.708,16.18,1566101.0,5179788.0
218,761,11.638995,1.411231525307797,12.89999,1566895.0,5179752.0
218,789,4.489990000000001,1.620236525307797,6.700000000000002,1569634.0,5179749.5
218,794,2.882707142857143,1.865193607582568,4.635852857142858,1570173.7142857143,5179756.714285715
218,815,1.5799925,1.925354787961696,3.9699975,1572300.0000000002,5179771.5
218,816,1.123996,2.047176440492476,3.493996,1572361.4,5179732.6
218,853,3.99749,1.397231525307797,4.679995,1576091.5,5179771.0
219,749,13.39,0.49799,18.84,1565646.0,5179699.0
219,791,3.495998,2.063778440492476,6.39799,1569878.8,5179651.2
220,287,180.591,3.760990000000001,184.08799,1519427.0,5179574.0
220,799,4.457998000000001,2.098376440492476,6.389996000000002,1570658.0,5179526.8
220,804,1.916663333333333,1.805645367077063,5.28333,1571176.6666666667,5179534.333333333
220,806,2.691656666666667,0.998824350205198,4.353326666666667,1571357.6666666667,5179540.666666666
220,810,1.311996,2.061978440492476,3.327994,1571751.4,5179562.4
220,881,0.584194,1.564479830369357,1.24219,1578872.4,5179584.8
221,676,26.520000000000003,1.177,42.09,1558354.0,5179498.0
221,815,-0.0575,1.926852287961696,4.104997500000002,1572275.9999999995,5179441.0
221,883,0.442995,1.916104787961696,1.3969975,1579056.0,5179454.749999999
222,833,0.94333,1.76331203374373,2.186666666666667,1574087.3333333333,5179370.666666666
222,841,1.85,0.21199,3.72,1574862.0,5179357.0
223,736,15.27,1.184,21.25,1564302.0,5179288.0
223,749,13.89,0.87199,19.59,1565601.0,5179288.0
223,840,1.52999,0.25799,5.090000000000002,1574761.0,5179288.0
223,884,0.081995,2.122727542179662,1.259496666666667,1579153.3333333335,5179257.166666666
224,791,6.147495000000002,1.920602287961696,6.667492500000002,1569875.75,5179159.249999999
224,794,4.949996666666668,1.730315367077063,6.029993333333334,1570175.6666666667,5179172.333333333
224,815,1.42249,1.928102287961696,2.86749,1572273.75,5179136.5
224,816,2.52999,0.21699,3.25,1572329.0,5179198.0
225,253,179.746,0.0,185.94599,1516053.0,5179061.000000001
225,784,6.744996,2.047578440492476,8.279992000000002,1569157.8,5179093.2
225,814,1.76766,0.971484350205198,3.136656666666667,1572155.6666666667,5179048.333333333
225,816,2.325658333333334,1.75031203374373,3.393323333333333,1572343.3333333333,5179038.833333333
225,827,-0.235,1.329231525307797,1.774995,1573476.5,5179008.5
225,845,1.509995,1.342236525307798,3.84,1575281.5,5179070.0
226,248,182.524,1.70299,184.389,1515567.0,5178975.0
226,249,179.651,1.077,184.481,1515671.0,5178959.0
226,687,20.95999,1.485,37.34,1559411.0,5178932.0
226,811,2.3174925,1.923352287961696,4.0174975,1571870.0,5178953.25
226,816,2.888456153846154,2.38258973902978,4.449995384615385,1572343.9230769232,5178945.153846154
226,840,1.55499,0.25999,3.5,1574789.0,5178963.0
227,791,7.252745000000002,1.964602287961696,8.759995000000002,1569852.0000000002,5178847.25
227,797,5.071660000000002,2.135559208846329,7.164991666666668,1570447.0,5178853.333333334
227,804,2.848326666666667,1.731645367077063,4.439993333333334,1571119.0,5178837.000000001
227,817,2.5137475,1.353486525307798,4.2724975,1572447.5,5178859.25
227,830,0.979995,1.327736525307798,2.180000000000001,1573757.5,5178831.5
227,837,1.019995,1.330236525307798,2.53999,1574474.0,5178853.5
227,885,0.0059975,1.933104787961696,1.395995,1579241.75,5178843.0
227,886,0.710161666666667,1.75364703374373,1.631665,1579338.3333333333,5178836.333333333
228,250,180.218,0.287,183.968,1515730.0,5178745.0
228,283,175.41799,2.289,179.66999,1519059.0,5178738.0
229,307,165.09899,3.776990000000001,170.304,1521486.0,5178618.0
229,681,22.47999,0.656,38.61000000000001,1558803.9999999995,5178688.0
229,689,18.434990000000003,0.559,36.040000000000006,1559644.0000000002,5178666.0
229,728,15.21399,0.305,22.13999,1563502.0,5178678.0
229,744,13.8,0.13799,17.969990000000003,1565128.0,5178610.0
229,784,8.699990000000001,0.165,11.48999,1569129.0,5178698.999999999
229,800,3.824280000000001,2.21168975767051,5.874280000000002,1570739.857142857,5178624.857142856
229,815,3.103596,2.044578440492476,4.091996,1572280.2,5178626.0
229,816,2.15936875,2.285663919288646,3.66249375,1572345.875,5178655.25
229,823,0.821594,1.148787220246238,2.185994,1573087.2,5178680.2
230,232,189.03399,0.578,192.304,1513939.9999999995,5178531.0
230,794,6.686392000000002,1.593883830369357,8.001994,1570178.0,5178556.4
230,839,1.816496,2.048277440492476,2.588996,1574649.1000000003,5178536.7
230,841,1.341996,2.274924745554036,2.237997,1574831.9,5178541.7
230,886,0.498995,0.144995,1.383995,1579343.5,5178507.5
231,749,12.88,0.228,16.399990000000003,1565658.0,5178401.0
231,766,10.93,0.486,14.72999,1567400.0,5178489.0
231,819,2.113326666666667,1.768645367077063,4.223326666666667,1572677.0,5178482.0
231,827,0.4975,1.968602287961696,2.0774975,1573447.25,5178466.0
231,832,-1.1275,1.401236525307797,2.195,1573953.0,5178416.5
232,648,37.86000000000001,1.133,50.75999,1555505.0,5178388.0
232,687,20.19499,0.87,36.709990000000005,1559403.0,5178388.0
232,690,18.45999,0.786,33.36,1559728.0,5178312.0
232,701,16.94499,0.95599,30.430000000000003,1560873.0,5178337.0
232,767,13.982500000000002,0.107495,16.290000000000003,1567490.0,5178349.0
232,783,9.620495000000002,1.346236525307798,11.419990000000002,1569036.5,5178364.0
232,799,5.11687,1.946352287961696,6.483746250000002,1570675.5,5178378.875
232,807,3.301666666666667,1.72498203374373,5.229996666666668,1571463.3333333333,5178335.333333333
232,811,3.46333,1.760645367077063,5.54666,1571837.3333333333,5178337.666666666
232,825,0.862427142857143,1.827906464725425,2.322854285714286,1573263.4285714286,5178348.142857144
232,844,1.54699,1.339236525307797,2.31699,1575161.0,5178383.5
233,144,281.50698,0.958,287.15701,1505179.0,5178230.0
233,254,177.40299000000005,0.94499,177.88299,1516102.0,5178244.0
233,753,13.609990000000002,0.277,15.64999,1566041.0,5178239.0
233,808,4.14133,0.940491016871865,5.38666,1571538.6666666667,5178254.666666666
233,824,0.211673333333333,2.160394208846329,2.228328333333333,1573156.1666666667,5178244.166666666
233,827,0.884993333333333,2.154559208846329,2.37666,1573441.1666666667,5178260.0
233,833,0.35566,1.714648700410396,1.86666,1574052.6666666667,5178278.666666666
233,841,1.886495,0.15299,2.104995,1574860.0000000002,5178272.0
234,263,173.841,0.569,176.89100000000002,1517021.0,5178176.0
234,270,171.69000000000003,0.425,175.82000000000002,1517736.0,5178100.0
234,649,38.91199,6.94,48.81999,1555655.0,5178158.0
234,805,5.014996666666668,1.774645367077063,6.283323333333336,1571250.6666666667,5178141.0
234,809,3.69,1.354731525307797,5.74499,1571619.9999999995,5178175.5
234,810,3.26999,0.2,5.909990000000002,1571793.0,5178137.0
234,811,3.2929975,1.334984025307797,5.855,1571829.0,5178176.25
234,812,3.0012475,1.957102287961696,6.2374925,1571946.5,5178180.25
234,829,0.7054125,2.329600296397629,2.551663333333333,1573641.4166666667,5178158.333333333
234,838,0.84499,1.298731525307797,1.65499,1574588.0000000002,5178171.5
234,845,0.765994285714286,2.175546900527653,2.193138571428572,1575259.857142857,5178147.571428572
234,846,0.453735263157895,2.27668641370869,2.123943157894737,1575359.0526315789,5178161.052631579
234,887,0.20799,1.333731525307798,1.493,1579488.5,5178163.5
235,764,12.609990000000002,0.33599,14.1,1567170.0,5178023.0
235,782,8.346992,1.617279830369357,10.455992,1568994.8,5178059.8
235,810,3.299995,1.980604787961696,6.024992500000002,1571742.75,5178035.5
235,811,2.709996666666667,1.76031203374373,5.996663333333334,1571887.6666666667,5178053.666666666
235,812,4.029996666666666,1.752315367077063,5.77666,1571913.0,5178056.0
235,818,3.024996666666667,1.74698203374373,4.979996666666668,1572520.3333333333,5178044.0
235,821,0.999993333333333,1.742978700410396,2.71333,1572860.6666666667,5178034.666666666
235,825,1.05499,1.385731525307797,1.955,1573233.0,5178096.5
235,836,1.0674925,1.959352287961696,3.1349975,1574349.75,5178020.25
235,843,0.59999,1.346731525307797,1.934995,1575037.5,5178076.5
235,848,0.557087272727273,2.299974591468722,2.230723636363637,1575547.7272727273,5178047.090909091
236,157,261.44,3.717000000000001,269.23999000000003,1506422.0,5177913.0
236,805,4.506163333333334,1.357066525307798,6.719998333333334,1571267.9999999995,5177968.000000001
236,812,3.512495,1.374736525307797,5.58999,1571964.5,5177954.5
236,832,0.57749625,2.256288919288645,3.147496250000001,1573939.625,5177913.5
236,833,0.793993333333333,0.912154350205198,3.34333,1574032.0,5177942.666666666
236,834,0.62394052631579,2.394553416372669,3.558416315789473,1574152.3684210523,5177940.421052632
236,835,0.480851428571429,1.487838886066054,2.695707142857143,1574256.7142857143,5177941.428571428
236,838,-0.245005,1.355231525307797,2.784990000000001,1574551.0,5177976.5
236,849,0.93274375,2.257537669288645,2.15586875,1575614.75,5177947.0
237,232,190.003,1.35399,193.65299,1513987.9999999995,5177849.0
237,699,16.965,1.003,29.469990000000003,1560603.0,5177889.0
237,772,9.435996,2.041376440492476,11.149996000000002,1567937.6,5177845.799999999
237,804,6.049995000000002,1.379731525307797,7.774995,1571109.0,5177826.5
237,813,3.374442222222223,2.268197156102751,6.249996666666668,1572045.1111111108,5177858.444444444
237,824,0.379996666666667,1.795645367077063,1.859993333333333,1573117.0,5177863.333333333
237,827,-0.110147142857143,2.203404043384796,1.29157,1573430.857142857,5177864.142857144
237,834,0.31137,1.616918156634747,2.8887425,1574167.0,5177865.0
237,888,-0.149005,1.364236525307798,1.371,1579575.0,5177842.500000001
237,889,0.428328666666667,2.204209977200182,1.340994666666667,1579642.2,5177836.0666666655
237,890,0.581630909090909,2.30524731874145,1.496177272727273,1579762.9090909092,5177858.909090909
238,156,261.92401,2.04399,270.05599,1506353.0,5177750.0
238,316,145.71299,0.537,163.44299,1522363.0,5177787.0
238,657,30.770000000000003,1.13999,44.95,1556405.0,5177788.0
238,744,15.029990000000002,0.30599,16.84,1565136.0,5177725.0
238,779,8.034993333333334,2.178059208846329,9.159993333333334,1568654.5,5177741.833333333
238,780,8.22312125,2.530037669288645,9.12624375,1568751.0,5177741.375
238,810,2.0175,1.356236525307798,4.190000000000001,1571790.0,5177714.0
238,814,2.184998333333334,2.140225875512996,3.281661666666667,1572133.1666666667,5177736.0
238,816,1.89333,2.131560875512996,3.906663333333334,1572358.3333333333,5177747.833333333
238,817,-0.102505,2.233913919288645,3.67749875,1572430.0,5177751.625
238,825,-1.0012425,2.029352287961696,1.6924975,1573244.75,5177720.0
238,845,-0.054755,2.243538919288645,1.8583725,1575231.875,5177762.625
238,848,0.509594,1.597881830369357,1.806398,1575563.8000000003,5177781.4
238,890,0.246383846153846,2.156707965905504,1.204841538461538,1579745.8461538462,5177754.923076923
239,309,164.733,3.55599,166.38299,1521616.0,5177686.0
239,714,15.53999,0.47999,24.770000000000003,1562103.0,5177689.0
239,718,14.68,0.479,22.450000000000003,1562592.0,5177669.0
239,773,10.387495,1.504236525307797,11.32,1568094.0,5177645.499999999
239,796,6.782495000000002,1.913102287961696,8.272495000000003,1570323.9999999995,5177665.5
239,817,1.338328333333333,1.92543562129503,2.409996666666667,1572430.6666666665,5177654.833333333
239,823,1.048996,2.087776440492476,2.653998000000001,1573062.2,5177664.8
239,838,0.34999,0.14599,2.89,1574545.0,5177662.0
239,841,0.75999,0.19699,1.94,1574818.0,5177689.0
239,845,0.36649,1.327236525307797,2.119995,1575284.5,5177638.5
239,847,0.59359,2.050578440492476,2.037596,1575451.8000000003,5177679.6
240,241,184.044,1.16199,187.434,1514817.0,5177586.0
240,743,15.44099,0.26399,17.94,1565016.0,5177595.0
240,784,8.217490000000002,1.341736525307797,8.399990000000003,1569107.9999999995,5177585.0
240,797,5.9424975,1.956104787961696,7.992497500000002,1570424.0,5177540.25
240,801,5.58757,2.199262614813367,7.068565714285716,1570839.7142857143,5177563.0
240,805,4.839995,1.396236525307797,6.399990000000002,1571297.0,5177514.5
240,825,0.877495,1.325231525307797,3.02499,1573287.5,5177522.500000001
240,838,1.04999,0.451,2.96,1574598.0,5177589.000000001
240,841,0.439994,1.119385220246238,1.773992,1574842.0,5177521.0
240,846,0.278359090909091,2.312701864195996,1.982906363636364,1575359.818181818,5177542.1818181835
241,285,165.04699000000002,0.31799,169.52200000000002,1519208.0,5177459.0
241,664,27.87,0.87099,40.81999,1557104.0,5177489.0
241,816,2.8758725,2.220912669288646,3.9624975,1572353.875,5177456.625
241,818,1.66687125,2.223537669288645,3.756245,1572537.625,5177463.375
241,819,1.629992857142857,2.186546900527653,3.922851428571429,1572638.2857142857,5177426.857142856
241,839,-0.060003333333333,0.980821016871865,2.13666,1574678.3333333333,5177465.333333333
241,840,-0.524995,1.376731525307797,1.559995,1574787.9999999995,5177441.5
241,845,0.374995,1.438731525307798,2.205,1575272.0,5177485.499999999
241,852,0.282,0.143,1.86899,1575998.0,5177457.0
241,889,0.598993636363636,2.096021586867305,1.527178181818182,1579682.2727272727,5177436.909090909
241,890,0.73228,1.840336464725425,1.399138571428571,1579760.0,5177427.857142856
242,742,13.805,0.28999,19.110000000000003,1564915.0,5177391.0
242,767,10.85266,1.72631203374373,13.99666,1567420.3333333333,5177331.0
242,793,5.492495000000002,1.437236525307797,7.005000000000002,1570008.0,5177394.500000001
242,800,5.089995,1.394731525307797,5.964995,1570800.0,5177384.499999999
242,810,3.607995,1.334899858641131,5.994998333333334,1571749.3333333333,5177367.500000001
242,835,0.145,1.423731525307797,2.124995,1574214.0,5177334.5
242,879,0.405998,2.079778440492476,1.473998,1578678.4,5177339.6
242,890,0.546848571428571,1.852335036153996,1.693278571428572,1579758.7142857143,5177327.857142856
243,761,12.905997500000002,1.971102287961696,14.0037475,1566852.25,5177239.375
243,762,12.834995,1.431236525307797,13.57499,1566949.5,5177294.5
243,794,5.324995000000002,1.372236525307797,6.729995000000002,1570182.0,5177232.5
243,799,5.244996666666668,1.73998203374373,6.276666666666668,1570624.6666666667,5177267.0
243,808,1.851811818181818,2.306884591468723,3.239999090909091,1571563.2727272727,5177259.545454546
243,811,4.321663333333334,1.915312033743729,5.29999,1571866.0,5177248.0
243,814,3.872594,2.036378440492476,4.941992000000002,1572162.0,5177265.2
243,816,2.08599,2.034778440492476,3.371998,1572350.2,5177225.6
243,825,0.884995,1.420736525307798,4.334995000000001,1573234.5,5177266.500000001
244,111,315.28298,0.246,317.74301,1501881.0,5177111.0
244,300,161.001,1.67999,164.061,1520749.0,5177183.0
244,318,149.56,3.709495,159.10000000000002,1522597.0,5177197.0
244,659,28.377990000000004,1.308736525307797,42.079995,1556646.0,5177162.0
244,663,26.860000000000003,0.915,40.38,1557006.0,5177199.0
244,692,16.89599,0.26199,31.281,1559938.0,5177162.999999999
244,778,9.73666,2.148560875512996,11.016660000000002,1568558.833333333,5177144.166666666
244,797,4.52,1.345236525307797,6.384995000000002,1570497.0,5177121.5
244,815,2.861424285714286,2.174404043384796,4.435705714285715,1572244.5714285711,5177143.714285715
245,272,166.966,0.201,167.71099,1517950.0,5177027.0
245,713,15.43,0.939,20.44,1562061.0,5177002.999999999
245,721,15.064990000000002,0.28099,22.020000000000003,1562871.0,5177030.0
245,725,14.64999,0.43999,20.809990000000003,1563281.0,5177001.0
245,772,11.038743750000002,2.224287669288645,12.75624125,1567976.0,5177051.125000001
245,775,9.924993333333331,1.721645367077063,11.616663333333335,1568231.0,5177085.666666666
245,808,1.26666,2.120392542179662,2.95333,1571531.6666666667,5177037.666666666
245,814,3.684745,2.221537669288645,4.568745,1572152.375,5177046.625
245,816,1.04249625,2.230787669288645,2.40499625,1572360.875,5177048.375
245,819,1.48499,1.343731525307797,5.249995,1572656.0,5177047.0
245,826,-3.333333333e-06,1.778645367077063,2.999996666666666,1573382.6666666665,5177065.333333333
245,882,-0.151505,1.570731525307797,1.57849,1578903.0,5177048.5
246,260,162.067,0.02099,172.12199,1516792.0,5176991.0
246,301,158.77999000000003,1.67299,159.62899,1520831.0,5176997.0
246,309,155.03199,3.013,160.36199000000002,1521624.0,5176959.0
246,698,14.928,0.47299,28.527990000000003,1560503.0,5176989.0
246,711,14.16899,0.671,21.72999,1561811.9999999995,5176979.0
246,753,13.616666666666667,1.798645367077063,15.273326666666668,1566052.3333333333,5176934.333333333
246,761,11.629994,2.066176440492476,12.475992000000002,1566828.0000000002,5176977.4
246,769,10.959995,1.379731525307797,11.859995,1567639.5,5176938.5
246,774,10.2781225,1.927728537961696,12.717495,1568157.125,5176930.625
246,789,8.51285285714286,2.263548329099081,10.214281428571429,1569654.0,5176978.428571428
246,797,5.624995,1.472736525307797,6.9,1570425.0,5176930.5
246,805,5.07999,0.44999,5.960000000000002,1571231.0,5176951.0
246,808,2.415,1.405736525307797,3.10499,1571531.5,5176939.5
246,814,3.45499375,2.236662669288645,4.686245,1572176.5,5176975.999999999
246,822,0.5707475,1.934478537961696,2.18499375,1572968.5,5176937.0
246,826,1.4449925,1.947354787961696,3.1874925,1573347.0,5176953.749999999
246,827,1.464995,1.442736525307797,2.494995,1573402.5,5176950.0
246,834,0.444996666666667,1.730315367077063,2.2,1574193.0,5176995.333333333
247,732,14.52,0.17599,20.17,1563980.0000000002,5176801.0
247,734,14.40999,0.379,19.65999,1564102.0,5176889.0
247,735,14.19999,0.699,19.56999,1564203.0,5176808.0
247,794,5.83999,1.87831203374373,8.050000000000002,1570154.0,5176872.0
247,806,4.487495000000001,1.453236525307798,5.66,1571360.5,5176820.5
247,826,1.655994,2.100978440492476,2.449996,1573325.8,5176841.6
248,212,202.36,2.45399,210.74,1511904.0,5176729.0
248,614,43.32799000000001,0.75499,61.02799,1552192.0,5176753.0
248,694,18.339,0.93,28.964,1560123.0,5176739.0
248,769,9.96499375,2.236787669288645,10.75749375,1567631.5,5176749.625
248,798,5.099996666666668,2.123225875512996,5.793328333333334,1570568.5,5176759.166666666
248,799,4.887993333333334,0.956491016871865,6.129996666666668,1570664.3333333333,5176749.666666666
248,802,4.468745,1.926852287961696,6.0649975,1570953.75,5176729.5
248,809,5.487245,1.444234025307797,7.040000000000002,1571649.75,5176736.75
248,826,1.54166,1.71398203374373,2.159996666666667,1573384.6666666667,5176758.666666666
248,828,1.131421428571429,2.186976900527653,2.259991428571429,1573548.4285714284,5176749.857142856
249,221,185.934,0.938,204.00399,1512818.0,5176686.0
249,728,15.569995,1.640731525307797,19.999995,1563521.0,5176627.5
249,768,9.572500000000002,1.391736525307797,10.539995,1567568.5,5176685.499999999
249,773,9.878495,1.74164703374373,10.454993333333334,1568080.3333333333,5176653.166666666
249,789,8.044996666666668,1.74331203374373,9.913333333333334,1569695.3333333333,5176678.333333333
249,792,8.699995000000001,1.395731525307797,9.45,1569938.0,5176653.499999999
249,797,4.36599,1.583081830369357,6.039998000000002,1570461.0,5176653.0
249,799,5.793330000000002,1.74898203374373,8.176663333333334,1570698.0,5176611.0
249,801,4.12733,1.82198203374373,5.743323333333334,1570847.6666666667,5176659.333333333
249,802,4.136247500000002,1.935602287961696,4.749995,1570973.5,5176628.0
249,808,3.084995714285715,2.354867832714481,4.186422857142857,1571550.7142857143,5176641.214285715
249,827,1.9399975,1.262236525307797,2.5699925,1573442.5,5176644.0
250,221,195.02649,1.952995,204.28399,1512827.5,5176554.5
250,726,14.46,2.85199,20.15999,1563399.0,5176513.0
250,760,9.502490000000002,1.345736525307797,10.93,1566747.0,5176512.5
250,766,10.090995,1.481236525307798,10.389995,1567339.5,5176562.0
250,771,9.354995,1.382736525307797,9.63,1567849.0,5176514.0
250,790,7.443441111111112,2.020921261589907,9.57110888888889,1569735.5555555555,5176548.444444444
250,794,6.94166,1.824978700410397,8.489990000000002,1570170.0,5176573.0
250,798,5.944993333333334,1.741813700410397,8.479995000000002,1570557.1666666667,5176577.5
250,804,5.24499,1.507736525307797,6.899990000000002,1571123.0,5176582.5
250,805,4.408326666666668,1.788645367077064,5.633330000000002,1571263.3333333333,5176560.666666666
250,828,4.194995,1.334236525307798,4.49499,1573543.5,5176558.5
250,840,0.76899,0.23299,2.46,1574707.9999999995,5176515.0
250,847,0.823,0.425,1.42999,1575461.0,5176573.0
251,698,17.611990000000002,1.406,26.461990000000004,1560566.0,5176469.000000001
251,723,14.24999,0.014,22.94,1563002.0,5176489.0
251,771,8.544995,1.302736525307797,9.374995,1567811.9999999995,5176470.5
251,779,9.10266,1.734315367077063,11.383326666666669,1568681.0,5176461.666666666
251,794,6.561998,2.097976440492476,9.073994000000004,1570142.0,5176427.2
251,797,5.77299,0.17599,9.109990000000002,1570476.0000000002,5176429.0
251,801,3.658745000000001,1.326736525307797,4.2774925,1570890.0,5176457.0
251,807,2.21999,1.446236525307797,4.0,1571470.0,5176487.0
252,692,15.692990000000002,0.77899,28.003000000000004,1559933.0,5176378.0
252,723,15.57499,0.986,20.53,1563023.0,5176302.0
252,795,5.334995,1.306736525307797,6.629990000000002,1570282.0,5176376.5
252,800,5.434993333333334,1.75831203374373,7.433333333333334,1570737.3333333335,5176352.666666666
252,804,4.438995,1.393236525307797,5.86999,1571167.0,5176379.5
252,806,3.654995,2.012102287961696,5.582497500000002,1571344.25,5176340.75
252,807,3.246663333333334,1.755645367077063,4.406663333333334,1571458.0,5176381.0
253,269,165.51600000000002,0.669,169.17100000000002,1517635.0,5176271.0
253,698,15.395,0.02899,25.430000000000003,1560561.0,5176211.0
253,775,8.958747500000001,1.343484025307798,9.822500000000002,1568287.75,5176228.75
253,776,8.867775555555555,2.300197156102751,10.253327777777775,1568361.7777777775,5176255.777777778
253,786,7.23,0.23199,11.03999,1569363.0,5176266.999999999
253,793,5.293323333333334,1.72631203374373,6.946663333333334,1570038.6666666665,5176210.666666666
253,797,7.215828333333334,2.171727542179662,8.374995,1570448.1666666667,5176241.0
254,308,151.82499,1.27999,154.58299000000002,1521516.0000000002,5176173.0
254,751,10.972326666666667,1.737978700410397,12.819996666666668,1565860.3333333333,5176138.999999999
254,772,7.605995000000002,1.581236525307797,9.209995,1567943.0,5176181.5
254,801,3.212495,1.965852287961696,4.727495,1570835.9999999995,5176165.0
254,805,4.853333333333334,1.762315367077063,6.456663333333334,1571235.0,5176133.0
255,696,15.253000000000002,1.054,25.527990000000003,1560387.9999999995,5176046.0
255,700,14.67599,0.495,23.94599,1560793.0,5176069.0
255,749,12.031,0.321,13.05,1565691.0,5176088.0
255,751,10.939995,0.460995,12.674995,1565853.5,5176077.499999999
255,777,9.24116,1.410566525307798,10.484991666666668,1568453.6666666667,5176075.166666666
256,291,157.283,0.479,160.21299,1519882.0,5175921.0
256,658,24.603,1.03499,40.123000000000005,1556515.9999999995,5175951.0
256,750,11.557495,1.376731525307797,13.059995,1565739.5,5175935.5
256,752,10.692996666666668,1.099491016871865,12.02999,1565970.6666666667,5175925.666666666
256,753,10.424995,1.388236525307797,11.74499,1566073.0,5175946.5
256,805,5.1162425,2.016602287961696,7.732495000000002,1571259.75,5175970.5
256,849,1.08,0.49599,1.24,1575616.0,5175982.0
256,898,0.931995,1.362484025307797,2.3294925,1580547.5,5175945.75
257,627,37.645990000000005,1.41299,50.596,1553478.0,5175802.0
257,628,37.458000000000006,1.34899,50.30799,1553507.0,5175807.0
257,658,23.88199,0.83399,39.762,1556530.0,5175854.0
257,752,10.3,1.381736525307797,11.965000000000002,1565951.5,5175843.0
257,754,10.877495,1.461731525307797,11.57499,1566145.0,5175829.000000001
257,755,9.869995,1.382236525307798,11.455,1566244.5,5175862.0
257,785,7.015000000000002,1.367736525307797,8.579995,1569246.0,5175836.5
257,806,1.96499,1.381231525307797,3.119995,1571333.0,5175893.5
258,693,16.436,0.929,25.236,1560003.0,5175789.0
258,729,13.920000000000002,0.21699,16.53,1563644.0000000002,5175786.999999999
258,740,13.629663333333337,1.084484350205198,15.02333,1564781.0,5175766.666666666
258,755,9.972495000000002,0.224995,11.335,1566225.5,5175728.000000001
258,756,9.24999,0.179,11.170000000000002,1566371.0,5175773.0
258,776,8.616596000000001,1.686483830369357,10.155996,1568332.1999999995,5175745.2
258,803,4.694282857142858,2.179261186241938,6.569995714285716,1571049.7142857143,5175738.714285715
259,296,154.92100000000002,0.52899,157.11099,1520335.0,5175671.0
259,708,15.127495,0.668495,20.265,1561570.5,5175622.0
259,720,14.805,0.75599,17.110000000000003,1562776.0,5175690.999999999
259,756,10.2624925,1.428734025307797,11.067495,1566336.0,5175667.0
260,727,14.7524975,2.004104787961696,17.314992500000002,1563452.0000000002,5175572.0
260,761,8.164990000000001,0.78299,9.18,1566816.0,5175592.0
260,776,7.782660000000002,2.387241513907889,9.417994666666669,1568347.4,5175533.533333333
260,779,8.329995,1.474236525307797,10.03499,1568627.9999999995,5175517.5
261,727,14.823323333333336,1.88131203374373,16.816663333333334,1563439.3333333333,5175461.333333334
261,728,14.0605,1.459236525307798,17.27999,1563567.0,5175442.500000001
261,765,8.100000000000001,0.711,8.539990000000001,1567202.0,5175451.0
261,783,6.61749,1.331736525307797,8.124995000000002,1569073.5,5175422.5
262,729,14.3699925,2.013354787961696,17.039995,1563621.75,5175349.25
262,780,9.18999,0.224,10.36999,1568750.0,5175390.0
263,695,16.273,0.97899,23.12299,1560273.0,5175289.0
263,704,15.416000000000002,0.58399,21.01799,1561146.0,5175298.0
263,745,11.98999,0.442,13.64999,1565214.0,5175261.0
264,328,138.498,1.83099,143.268,1523535.0,5175158.0
264,744,12.6,0.085,14.14,1565171.0,5175110.0
265,333,132.08999,4.281000000000001,143.05499,1524076.0000000002,5175086.0
265,700,14.239,0.86799,20.934,1560703.0,5175089.0
265,751,9.695,1.401731525307797,10.920000000000002,1565811.9999999995,5175015.5
266,361,118.997,2.732,137.057,1526888.0,5174906.0
266,732,13.328245,1.527231525307797,15.5524925,1563974.0,5174942.5
266,734,13.38799,0.28799,16.20999,1564169.0,5174917.0
267,713,14.168,0.27799,16.347990000000003,1562003.0,5174889.0
267,718,13.859990000000002,0.335,15.61999,1562562.0,5174810.0
267,728,12.8,0.133,14.189990000000002,1563549.0,5174863.0
268,728,13.32999,1.346236525307798,14.31999,1563563.0,5174714.0
268,734,13.884990000000002,1.495731525307797,15.84499,1564174.0,5174722.5
269,652,23.722990000000003,1.437,37.323,1555927.0,5174633.0
270,738,13.197138571428573,2.203976900527653,15.508565714285714,1564520.1428571427,5174556.428571428
271,651,23.63199,1.66499,37.312000000000005,1555805.0,5174479.0
271,691,15.53999,0.944,23.19,1559801.0,5174456.0
271,744,12.6575,1.417236525307797,14.39,1565157.0,5174459.5
271,753,10.07999,0.27599,11.52,1566044.0000000002,5174460.0
272,696,15.477990000000002,0.028,21.35799,1560303.0,5174390.0
273,594,41.111990000000006,0.57999,58.94200000000001,1550157.0,5174279.0
273,741,12.55249,1.387731525307797,14.439990000000002,1564848.0,5174286.5
274,346,121.62999,4.092990000000001,135.22,1525352.0,5174154.0
274,739,12.503994,2.053778440492476,14.305996,1564649.2,5174153.6
275,720,10.265,0.215,14.840000000000002,1562749.0,5174023.0
275,741,12.374995000000002,1.335731525307798,13.744995,1564854.0,5174024.499999999
275,743,12.497495,1.928602287961696,13.677495,1565033.0,5174072.25
275,745,12.21333,1.72698203374373,13.819996666666668,1565281.3333333335,5174077.666666666
276,362,119.551,3.243,130.091,1526998.0,5173952.0
276,745,11.899995,1.292731525307797,13.93,1565251.0,5173950.0
276,768,8.56499,1.024,9.90999,1567501.0,5173940.0
277,608,36.783,2.526,52.243,1551507.0,5173889.0
278,323,136.58099,0.61699,139.07099000000002,1523025.0,5173737.0
278,357,115.471,0.141,130.17100000000002,1526409.0,5173777.0
279,660,24.399990000000003,1.36399,31.499990000000004,1556792.0,5173689.0
280,357,119.12799,2.53399,128.548,1526411.0,5173517.0
280,669,17.718,1.44299,27.978,1557614.0,5173572.0
280,688,16.281000000000002,1.1,22.725990000000003,1559559.0,5173523.0
280,696,14.60499,0.65899,20.10499,1560377.0,5173587.0
281,706,15.217,0.63599,16.986990000000002,1561367.0,5173416.0
281,720,13.178,0.397,14.02799,1562784.0,5173438.0
282,358,116.97799,1.53299,127.508,1526528.0,5173379.0
282,650,20.641,1.899,34.480990000000006,1555747.9999999995,5173366.0
282,663,15.906990000000002,1.187,22.306990000000003,1557019.0,5173396.0
285,665,14.76599,1.072,28.865990000000004,1557206.0,5173095.0
286,546,49.90999000000001,4.302,71.11,1545339.0,5172929.0
286,699,15.06899,1.999648700410397,18.322323333333333,1560630.0,5172938.0
287,593,42.858,0.87599,54.16799,1550007.0,5172889.0
287,748,11.609995,1.453731525307797,12.224995,1565507.5,5172879.999999999
289,352,121.66899,0.035,123.234,1525955.0,5172635.0
289,560,48.84299000000001,2.87299,62.833000000000006,1546764.0000000002,5172679.0
289,749,9.89999,0.55199,11.43,1565642.0,5172602.0
289,751,10.18,0.55199,13.8,1565893.0,5172677.0
291,343,126.23999,0.49799,127.05,1525021.0,5172441.0
293,366,114.899,0.81699,121.39399,1527317.0,5172269.0
293,738,7.929990000000002,0.34799,9.56,1564502.0,5172221.0
294,564,50.039,2.04099,59.398990000000005,1547107.9999999995,5172190.0
294,613,29.25399,0.60799,43.164,1552007.0,5172190.0
294,740,8.680000000000001,0.11299,8.989990000000002,1564771.9999999995,5172101.0
295,663,15.126,1.43499,26.916000000000004,1557024.0,5172012.0
296,628,24.554,1.67799,37.01399,1553549.0,5171933.0
296,646,20.451,2.209,31.451000000000004,1555325.0,5171904.0
297,681,13.529990000000002,0.879,21.985000000000003,1558894.0,5171825.0
298,365,113.053,1.17799,116.303,1527228.0000000002,5171746.0
299,633,20.204,1.085,33.361000000000004,1554097.0,5171612.0
299,728,9.680495,0.3105,10.836,1563558.0,5171697.0
300,374,110.07299,0.134,112.09799,1528192.0,5171570.0
301,602,32.66799,1.623,43.198,1550946.0,5171407.0
303,705,13.482,0.66299,15.25199,1561203.0,5171291.0
303,706,13.67199,0.55299,14.961990000000002,1561303.0,5171291.0
304,385,102.818,0.96899,107.083,1529269.0,5171187.0
304,395,101.591,0.94999,103.731,1530236.0000000002,5171134.0
306,330,122.94599,0.81499,132.29600000000002,1523795.9999999995,5170963.0
306,345,121.078,0.064,123.708,1525215.0,5170988.0
307,338,123.21199,0.892,127.772,1524530.0,5170842.0
307,350,118.62999,0.776,121.28199,1525740.0000000002,5170881.0
307,357,115.90299,0.40299,118.928,1526415.0,5170889.0
307,359,114.885,0.156,117.57499,1526695.0,5170858.0
307,712,12.28699,0.53399,13.07199,1561948.0000000002,5170869.000000001
308,595,34.268,0.967,43.568000000000005,1550207.0,5170790.0
309,359,115.343,0.661,117.333,1526613.0,5170669.0
309,521,47.44200000000001,4.270990000000001,69.402,1542805.0,5170695.0
309,709,10.701,0.321,13.18099,1561664.0,5170616.0
310,538,51.791990000000006,2.36899,62.33200000000001,1544509.0,5170590.0
311,531,50.57699,3.46199,64.14199,1543809.0,5170490.0
311,664,13.13,0.504,21.790000000000003,1557185.0,5170451.0
311,711,11.616,0.55,12.71599,1561803.0,5170491.0
312,345,118.89199,0.504,123.46199,1525261.0,5170337.0
312,388,101.12,2.749,105.359,1529534.0,5170327.0
312,707,11.93099,0.536,12.491,1561475.0,5170300.0
313,383,103.178,1.728,107.39299,1529086.0,5170289.0
313,386,102.916,2.565,106.40599,1529308.0000000002,5170243.0
313,532,53.769000000000005,2.80299,62.005,1543999.0,5170210.0
313,673,12.626995,2.119,17.247,1558096.0,5170217.0
314,385,101.958,1.84599,105.722,1529287.0,5170138.0
314,387,101.01399,2.131,104.76,1529479.0,5170107.0
314,545,50.14099,2.55299,58.44599,1545201.0,5170169.0
315,371,108.497,0.441,111.78199,1527824.0,5170005.000000001
315,378,107.54299,0.938,109.47799,1528507.0,5170074.0
315,673,13.081,1.58599,17.27599,1558034.0,5170061.0
316,370,108.35299,0.52499,111.053,1527745.0,5169911.0
317,369,108.72,0.448,111.55999,1527615.0,5169890.0
317,469,61.06,11.55399,82.88999000000001,1537601.0,5169870.0
317,541,51.09799,2.292,56.81399,1544879.0,5169820.0
318,397,96.3,3.88299,99.55,1530455.0,5169799.0
319,606,28.34099,0.679,34.230990000000006,1551397.0,5169641.0
320,723,8.064,0.435,8.189,1563018.0,5169553.0
321,708,9.50399,0.48199,10.22399,1561546.0,5169403.0
323,407,93.72299,2.032,96.023,1531411.9999999995,5169230.0
323,724,7.728000000000002,0.316,8.11299,1563155.9999999995,5169217.0
324,384,103.19499,0.64899,105.415,1529168.0,5169157.0
324,549,44.376990000000006,2.615,52.416990000000006,1545609.0,5169191.0
324,707,8.609990000000002,0.342,8.81,1561434.0,5169138.0
324,735,6.0475,1.458231525307797,8.295500000000002,1564258.5,5169164.5
325,672,11.305,0.887,16.725,1557966.0,5169021.0
325,703,8.465,0.53299,9.814990000000002,1561023.0,5169020.0
328,368,106.148,0.16699,109.883,1527514.0,5168757.000000001
328,395,96.75,0.51599,100.19,1530221.0,5168702.0
328,618,19.739,1.501,27.569000000000003,1552573.0,5168708.0
328,695,9.42,0.684,10.14,1560207.0,5168736.0
329,377,102.82199,0.393,106.232,1528464.0,5168629.000000001
329,683,9.269,0.81699,13.638990000000002,1559084.0000000002,5168632.0
330,374,102.927,0.342,106.91699,1528134.0,5168573.0
330,739,5.430995,1.323736525307798,7.60599,1564609.5,5168548.0
332,398,94.14199,0.481,97.49199,1530593.0,5168391.0
332,566,38.34199,1.49,43.457,1547309.0,5168396.0
332,586,33.118,1.37899,36.12799,1549308.0000000002,5168391.0
332,629,18.89399,0.21199,23.25399,1553606.0,5168391.0
334,386,97.343,0.085,101.90299,1529352.0,5168193.0
335,506,55.242,0.80099,61.242,1541379.0,5168076.0
335,580,32.638000000000005,0.907,36.28799,1548795.0,5168040.0
335,581,32.30899,1.05599,36.27899,1548803.0,5168040.0
336,652,9.673,1.019,18.10799,1555944.0,5167986.0
337,376,98.869,1.04499,105.069,1528314.0,5167889.0
337,398,93.35399,0.393,96.25399,1530505.0,5167860.0
337,569,36.01599,1.613,40.465990000000005,1547608.0,5167891.0
337,574,33.51599,0.961,38.096,1548128.0,5167891.0
338,595,28.98399,1.184,31.524,1550205.0,5167741.0
339,375,98.36199,0.44999,105.842,1528203.0,5167687.0
340,412,87.60099000000001,0.46299,90.82099,1531958.0,5167562.0
340,413,86.44300000000001,0.42699,91.01799,1532026.0,5167509.000000001
340,457,66.897,7.460000000000002,73.22200000000002,1536465.0,5167562.0
340,527,47.075,0.721,51.915000000000006,1543411.0,5167522.0
341,170,181.856,0.63899,185.64599,1507720.0,5167415.0
341,372,97.677,1.488,107.12699,1527925.0,5167479.0
341,389,94.662,0.517,98.32199,1529646.0,5167414.0
341,650,13.968000000000002,1.36899,16.10799,1555736.0,5167442.0
341,663,10.09799,0.61299,12.26799,1557037.0,5167439.999999999
342,445,68.82949500000001,2.920736525307797,78.42199500000001,1535219.5,5167326.5
342,455,71.287,4.015990000000001,74.05699,1536209.0,5167305.0
342,557,37.30899,0.828,41.409000000000006,1546412.0000000002,5167313.0
343,404,89.58199999999998,0.085,92.74199,1531174.0,5167283.0
343,423,82.72299000000001,0.83999,86.23500000000001,1533041.0,5167260.0
343,689,5.973000000000002,0.178,6.748,1559666.0,5167279.0
345,471,64.55849,2.931495,67.283995,1537880.0,5167031.500000001
345,641,13.612990000000002,1.08899,15.862990000000002,1554886.0,5167093.000000001
348,182,174.645,0.70099,182.32499,1508979.9999999995,5166717.0
348,668,7.098000000000002,0.47699,8.328000000000001,1557560.0,5166770.0
349,389,91.800495,1.372495,96.9405,1529689.5,5166673.5
349,452,71.74199,2.558,74.33199999999998,1535992.0,5166691.0
350,503,51.852,1.70399,55.58200000000001,1541058.0,5166583.0
350,529,40.178,1.373,46.46799,1543669.0,5166520.0
351,420,81.39399,0.60799,85.21399000000001,1532754.0,5166425.0
351,710,4.71199,0.156,6.202000000000002,1561703.0,5166493.0
351,733,4.920000000000002,0.31099,6.389990000000002,1564005.0,5166492.0
352,714,4.45499,0.65899,5.92799,1562184.0,5166323.0
354,553,35.686,1.171,38.526,1546009.0,5166192.000000001
354,555,31.684,0.474,37.54899,1546298.0,5166137.0
355,509,49.414,0.045,52.644000000000005,1541673.0,5166078.0
355,587,27.051,0.178,27.106,1549491.9999999995,5166047.0
356,393,87.48899,1.776,93.12899,1530038.0,5165903.999999999
356,518,44.44699000000001,1.47,48.14699,1542574.0,5165997.0
356,519,44.84199,1.832,48.262,1542664.0,5165965.0
359,655,7.60099,0.62699,9.126,1556209.0,5165625.0
359,700,4.163000000000001,0.224,5.143000000000002,1560723.9999999995,5165653.000000001
360,410,82.54398999999998,0.411,86.81399999999998,1531744.0,5165531.0
360,630,12.83899,0.55699,14.28699,1553749.0,5165567.0
360,686,2.67799,0.291,3.68099,1559336.0,5165522.0
361,729,4.114990000000001,0.707,5.82999,1563603.9999999995,5165482.999999999
362,497,54.083000000000006,0.268,54.39300000000001,1540411.0,5165391.0
363,434,73.55699,0.65899,76.87699,1534140.0000000002,5165203.0
363,483,58.974990000000005,0.98699,59.49,1539071.0,5165201.0
364,434,73.78198999999998,0.606,76.872,1534145.0,5165197.0
365,474,62.330000000000005,1.38999,62.88,1538122.0,5165091.0
365,605,16.569000000000003,0.68699,19.847,1551288.0,5165039.0
365,657,6.15,0.349,6.409990000000002,1556419.9999999995,5165095.0
366,600,18.679,0.316,19.51899,1550710.0,5164953.0
366,710,5.609000000000002,0.77799,5.65899,1561773.0,5164983.0
367,401,81.89800000000001,0.83899,87.40799000000001,1530880.0,5164803.0
369,444,68.46499,0.669,71.67500000000001,1535166.0,5164653.0
369,665,4.68599,0.31,6.77099,1557299.0,5164678.0
370,688,3.256,0.08299,3.621,1559550.0,5164545.0
371,421,75.96299,0.49999,80.16300000000001,1532826.0,5164448.0
371,449,65.551,1.541,69.64099,1535635.9999999995,5164476.0
371,456,64.98899,1.15699,66.41899000000001,1536352.0,5164461.0
371,505,49.422,1.05799,50.82199000000001,1541231.0,5164422.0
372,521,43.719,0.646,43.93899,1542842.0,5164348.0
373,670,3.653000000000001,0.148,4.84299,1557715.0,5164283.0
374,522,43.066,0.42899,44.04600000000001,1542976.0,5164141.0
374,689,2.429996666666667,1.975645367077064,4.563323333333334,1559688.0,5164192.333333334
375,513,45.566,0.522,47.43600000000001,1542001.0,5164062.0
375,522,42.15999500000001,0.618495,44.19849500000001,1542919.0,5164049.5
377,392,74.87,1.80099,89.76999,1529999.0,5163853.0
378,532,38.535990000000005,0.28099,41.576,1543910.0,5163791.999999999
378,610,13.817000000000002,0.20399,13.95699,1551707.0,5163793.0
379,215,156.867,0.014,159.76699000000002,1512234.0,5163667.0
379,426,72.01599,0.507,76.45099,1533325.0,5163679.0
379,482,52.75999,0.665,55.25999,1538949.0,5163621.0
382,400,76.48,1.763,84.88999000000001,1530714.0,5163391.0
382,486,52.19499,0.21799,53.529990000000005,1539312.0,5163392.0
382,522,40.492495000000005,1.427231525307797,41.447495,1542992.0,5163345.0
382,544,31.881000000000004,0.83099,34.791000000000004,1545138.0,5163319.0
385,536,35.304,0.546,38.773990000000005,1544354.0,5163061.000000001
386,415,72.60099000000001,0.86,77.301,1532214.0,5162991.0
386,453,61.33599,1.15299,63.925990000000006,1536066.0,5162905.0
386,615,7.629,0.488,10.444,1552259.0,5162953.0
388,542,33.2,0.52899,36.645,1544910.0,5162793.0
388,590,14.779000000000002,0.134,17.04899,1549707.0,5162760.0
390,610,8.66699,0.089,9.442,1551737.0,5162532.0
391,610,8.513990000000002,0.08699,9.069,1551799.0,5162495.0
391,611,8.217000000000002,0.068,8.725990000000001,1551896.0,5162419.0
392,611,8.052000000000001,0.059,9.074000000000002,1551811.0,5162388.0
392,612,7.781000000000002,0.05999,8.213000000000003,1551973.0,5162323.0
393,545,29.430000000000003,0.57099,32.81,1545250.0,5162282.999999999
394,486,46.754000000000005,4.236000000000001,50.34899,1539312.0,5162191.999999999
394,515,38.858,0.481,40.455000000000005,1542248.0,5162153.0
395,496,46.326,0.171,47.666,1540311.0,5162093.0
395,502,44.401,0.39899,45.57099,1540911.0,5162093.0
395,530,34.45149500000001,0.533995,36.83799500000001,1543787.5,5162056.499999999
396,581,16.354000000000003,0.504,19.75399,1548806.0,5161976.0
396,624,5.47199,0.412495,5.945,1553171.5,5161983.5
397,502,43.374,0.563,44.714000000000006,1540971.0,5161893.0
397,626,4.81599,0.19599,5.205990000000002,1553317.0,5161874.0
398,353,97.841,2.51999,106.35099,1526093.0,5161775.0
399,424,65.42199000000001,1.35699,71.42199000000001,1533114.0,5161692.0
399,481,50.330000000000005,0.56099,51.31999,1538842.0,5161602.0
399,722,1.348,0.388,1.95599,1562918.0,5161610.0
400,514,39.241,0.446,39.71099,1542171.0,5161543.0
400,686,2.934,0.72,3.23399,1559369.0,5161538.0
401,438,61.115,0.163,65.87,1534584.0,5161480.0
401,469,51.755,0.93999,54.18000000000001,1537622.0,5161453.0
402,439,60.745990000000006,1.444,65.29599,1534657.0,5161379.0
402,476,51.69699000000001,1.01999,52.974990000000005,1538312.0,5161393.0
402,524,34.794990000000006,0.21799,35.60499,1543110.0,5161333.000000001
403,506,41.111,0.549,42.245990000000006,1541331.0,5161263.0
403,524,34.224990000000005,0.60199,35.29999,1543115.0,5161261.0
403,585,16.527,0.085,18.847,1549208.0,5161293.0
405,736,0.96899,0.275,1.251,1564374.0,5161007.0
406,426,61.816,2.161,67.69599000000001,1533343.0,5160943.0
406,492,45.012,0.377,46.166990000000006,1539912.0,5160993.0
408,528,30.969990000000003,0.47299,33.27,1543503.0,5160743.0
408,615,7.199990000000002,0.25699,8.649990000000003,1552207.0,5160794.0
408,738,0.925,0.45899,1.269,1564506.0,5160789.000000001
409,577,15.838,1.013,19.860000000000003,1548483.9999999995,5160653.0
409,632,2.388,0.22599,3.01799,1553990.0,5160638.0
410,734,0.87099,0.58799,1.289,1564150.0,5160520.0
411,279,119.41799,1.6,129.658,1518699.0,5160477.0
411,576,15.920000000000002,0.522,19.200000000000003,1548382.0,5160453.0
412,493,43.41799,0.21799,44.404990000000005,1540055.0,5160337.0
412,526,31.332000000000004,1.003,33.672000000000004,1543358.0,5160332.0
413,530,30.525990000000004,0.90799,32.30599,1543740.0000000002,5160249.0
413,588,12.585,1.05099,16.129990000000003,1549513.0,5160281.0
413,610,6.117495,0.37349,7.555000000000002,1551765.0,5160257.0
414,478,47.72299,0.95099,48.623000000000005,1538593.0,5160186.0
414,597,8.001990000000003,0.003,10.88,1550458.0,5160124.0
415,586,10.541,0.323,13.661,1549372.0000000002,5160089.0
415,622,3.691995,0.219995,5.516995000000002,1552908.0000000002,5160046.0
416,545,25.94799,0.275,26.618,1545216.0,5159937.0
416,608,6.526990000000002,0.39899,7.322000000000002,1551551.0,5159907.0
416,622,3.275,0.103,5.945,1552907.0,5159994.0
417,620,4.278990000000001,0.16899,6.039000000000002,1552707.0,5159895.0
418,544,26.086,0.081,26.30599,1545120.0,5159764.0
418,612,5.500000000000002,0.474,6.364990000000002,1551947.0,5159785.0
419,585,12.006990000000002,0.67299,14.91199,1549274.0,5159690.999999999
423,470,46.333000000000006,0.53299,49.75299,1537712.0,5159293.0
423,550,22.44,0.55599,23.430000000000003,1545790.0,5159278.0
424,299,111.97,0.911,120.305,1520674.0,5159166.0
425,463,46.75799000000001,0.38699,50.53799,1537099.0,5159018.999999999
425,479,43.665000000000006,0.28299,45.80500000000001,1538632.0,5159015.0
425,480,43.790000000000006,0.94099,45.919990000000006,1538725.0,5159073.0
425,565,16.493000000000002,1.853,19.113000000000003,1547240.0,5159028.0
426,606,4.776000000000002,0.799,7.111000000000002,1551381.0,5158913.0
427,573,14.461990000000002,0.74599,16.46199,1548009.0,5158894.0
428,298,114.66999,0.38849,117.88,1520571.0,5158786.0
430,305,111.75,0.69999,115.34999,1521240.0,5158509.0
430,315,105.966,0.60299,112.40599,1522217.0,5158591.0
430,524,28.958990000000004,0.24099,29.708990000000004,1543163.0,5158525.0
433,484,39.394000000000005,0.32899,41.844,1539183.0,5158233.0
433,576,11.1645,0.87349,14.30099,1548313.0,5158253.0
434,498,36.69599,0.13799,37.62599,1540512.0,5158188.0
435,480,39.06499,1.567,43.415000000000006,1538717.0,5158061.0
437,317,104.70999,0.796,109.07499,1522417.0,5157892.0
437,495,36.712,0.28099,37.80199,1540262.0,5157858.0
437,587,6.535990000000002,0.367,9.036,1549409.0,5157825.0
439,454,43.057995000000005,2.04049,52.404990000000005,1536137.0,5157685.000000001
439,712,0.901,0.13799,2.302,1561997.0,5157630.0
440,608,1.582,0.09899,1.817,1551549.0,5157557.000000001
441,487,35.09499,1.398231525307798,39.825,1539453.0,5157406.0
441,577,8.151,0.28299,12.951,1548499.0,5157485.0
442,577,10.62199,0.331,13.37199,1548479.0,5157395.0
443,324,100.28399,0.34099,104.25399,1523157.0,5157212.0
443,336,90.57399,0.40799,100.414,1524317.0,5157222.0
443,514,30.086495,1.397231525307797,30.816495000000003,1542107.5,5157253.0
444,324,100.049,0.721,104.05899,1523159.0,5157189.0
445,582,5.468990000000002,0.141,10.04399,1548909.0,5157073.0
446,521,26.94499,0.04899,27.649990000000003,1542811.0,5156994.0
451,539,18.7021175,1.605731525307798,20.67149625,1544650.0,5156446.5
452,537,19.697000000000003,0.572,20.610000000000003,1544429.0,5156301.0
452,538,18.968995,0.81549,20.63399,1544590.0,5156375.0
452,539,19.311495,1.619731525307798,20.451495,1544635.0,5156365.0
454,464,41.16299,0.902,45.923,1537174.0,5156190.0
454,573,7.92799,0.46299,9.22799,1548067.0,5156111.0
455,539,18.70599,0.245,19.29899,1544680.0,5156010.999999999
455,585,4.73299,0.42199,6.112990000000002,1549269.0,5156045.0
455,597,1.406,0.184,1.996,1550445.0,5156003.0
459,465,35.269000000000005,1.87399,45.094,1537288.0,5155690.999999999
459,490,32.98199,1.796,36.749,1539747.0,5155693.0
459,507,27.83499,0.451,28.815,1541408.0,5155605.000000001
462,517,23.11899,0.568,25.159,1542411.0,5155395.0
464,513,23.580990000000003,0.368,25.52099,1542021.0,5155106.0
464,537,17.40399,0.31999,18.81399,1544411.0,5155195.0
466,416,46.097,2.14599,64.51699,1532343.0,5154922.0
466,417,45.38399,2.05299,63.694,1532487.0,5154908.0
467,535,16.992,0.31999,17.931990000000003,1544277.0,5154821.0
469,500,27.150990000000004,0.085,28.861,1540712.0,5154645.000000001
469,511,23.416,0.437,25.156,1541859.9999999995,5154647.0
469,549,12.228995,1.498731525307798,13.89399,1545677.0,5154672.5
469,562,9.939990000000002,0.19499,10.95499,1546910.0,5154607.0
470,437,41.143,1.378,54.533,1534413.0,5154592.0
470,582,3.549,0.263,4.519,1548941.0,5154595.0
471,501,26.822000000000003,0.3,27.931990000000003,1540857.0,5154483.0
471,511,23.981,0.35899,24.177000000000003,1541852.0000000002,5154432.0
472,498,26.85799,0.155,29.35799,1540522.0,5154327.0
474,501,25.879990000000003,0.18199,27.12,1540835.9999999995,5154101.000000001
476,367,75.35900000000002,0.869,80.552,1527459.9999999995,5153989.0
476,504,24.42799,0.007,26.023000000000003,1541102.0,5153930.0
476,509,22.92,0.035,23.795,1541693.0,5153946.0
478,520,19.981990000000003,1.260236525307797,21.081995,1542759.0,5153793.0
478,560,8.213000000000003,0.298,8.812990000000003,1546721.0,5153762.0
480,506,23.65699,0.162,25.40699,1541322.0,5153531.0
480,518,18.222990000000003,0.19799,19.753,1542571.0,5153525.000000001
480,519,18.92799,0.028,20.437990000000003,1542610.0,5153585.0
480,573,4.173990000000001,0.236,5.053990000000002,1548035.0,5153592.0
481,562,6.660990000000002,0.30199,7.460990000000002,1546949.0,5153470.0
482,504,24.025990000000004,0.007,26.600990000000003,1541196.0000000002,5153389.0
482,541,11.64299,0.388,13.147990000000002,1544811.0,5153396.0
484,488,26.44199,0.998,33.832,1539536.0,5153145.0
484,509,22.858995,1.315736525307797,23.923995,1541642.5,5153186.5
484,556,6.636,0.14499,7.866,1546377.0,5153198.0
485,500,25.29549,1.629736525307798,29.99049,1540781.0,5153056.5
485,501,24.652,0.86299,29.61199,1540867.9999999995,5153013.000000001
487,499,28.909,0.11299,30.44899,1540613.0,5152883.0
487,504,23.125000000000004,0.028,26.715000000000003,1541198.0,5152828.0
487,546,9.156,0.282,10.446000000000002,1545374.0,5152816.000000001
491,460,30.037000000000003,0.642,40.96699,1536777.0,5152421.0
491,483,25.29999,1.23699,34.099990000000005,1539057.0,5152495.0
491,500,23.35799,0.40299,29.32299,1540757.0,5152437.000000001
491,536,10.99199,0.268,12.352,1544347.0,5152442.0
492,463,29.099000000000004,0.62699,41.124,1537013.0,5152394.999999999
493,529,13.03699,0.1,14.07199,1543657.0,5152204.0
494,511,21.45499,0.51099,24.590000000000003,1541899.0,5152138.0
497,446,34.256,1.25399,45.745990000000006,1535394.0,5151812.0
498,529,12.423990000000002,0.128,13.46399,1543671.0,5151737.0
499,465,27.429,0.74299,38.409000000000006,1537226.0,5151676.0
499,513,21.405,0.067,22.565,1542037.0,5151617.0
500,412,48.90399000000001,0.745,58.04399000000001,1531976.0,5151575.0
500,481,24.388,0.67699,31.757990000000003,1538844.0000000002,5151565.0
501,440,35.58599,1.881,45.87599,1534768.0,5151421.0
501,508,20.950000000000003,0.27599,24.875000000000004,1541543.0,5151460.0
501,542,7.677,0.163,8.987,1544951.0,5151466.999999999
502,522,16.788990000000002,0.23499,17.93899,1542931.9999999995,5151315.0
502,531,10.54699,0.30099,11.11699,1543890.0,5151343.0
503,490,23.516,0.962,28.301,1539795.0,5151231.0
504,534,8.866000000000001,0.04899,9.781,1544191.0,5151137.0
506,435,42.80799,1.075,47.34799,1534245.0,5150965.000000001
506,547,5.356990000000002,0.026,6.767,1545446.0,5150919.0
508,520,17.40999,0.128,18.6,1542785.0,5150745.0
509,486,25.461990000000004,1.02499,27.207,1539351.0,5150662.0
509,513,19.431990000000003,0.09499,22.63199,1542018.0,5150675.0
510,561,2.901,0.093,5.500990000000002,1546815.0,5150549.000000001
512,562,2.86999,0.27099,5.13999,1546938.0,5150373.0
513,528,13.501,0.057,15.10099,1543501.0,5150268.0
513,532,11.83199,0.194,13.541990000000002,1543911.0,5150279.0
514,486,21.209995,1.776731525307798,26.119995000000003,1539361.5,5150133.000000001
514,576,2.13299,0.23,2.223,1548310.0,5150197.000000001
515,469,25.815,1.39699,33.15999,1537664.0,5150016.0
515,527,13.904990000000002,1.284236525307797,15.825000000000005,1543456.5,5150065.0
515,528,13.62199,0.27,15.39599,1543561.0,5150024.0
516,509,19.64399,0.64999,23.434,1541612.0000000002,5149997.0
517,483,20.91199,1.680231525307797,27.966995,1539077.5,5149880.0
517,524,15.881990000000002,0.368,17.312,1543112.0,5149897.0
517,568,3.30699,0.134,5.61199,1547539.9999999995,5149891.0
519,474,25.597990000000003,0.19099,29.21299,1538137.0,5149692.0
520,533,11.51299,0.04899,12.293,1544076.0000000002,5149565.0
521,536,10.54699,0.141,11.16699,1544367.0,5149408.0
521,799,0.156,0.632,1.35099,1570601.0,5149401.0
521,816,0.623,0.10999,0.893,1572354.0,5149471.0
522,458,27.229000000000003,0.96499,35.80899,1536511.0,5149302.0
522,479,22.19899,1.05799,27.798990000000003,1538662.0,5149363.0
522,541,9.59099,0.214,10.376,1544841.0,5149389.0
522,556,6.623,0.04899,7.37799,1546380.0000000002,5149312.0
522,833,0.597,0.24099,1.802,1574099.9999999995,5149301.000000001
523,485,21.176,0.179,25.865990000000004,1539211.0,5149256.0
523,546,8.175000000000002,0.136,9.095,1545368.0,5149267.0
523,822,1.17999,0.101,1.82,1573000.0,5149201.0
524,453,28.26799,0.76399,35.377990000000004,1536013.0,5149175.0
524,519,15.89299,0.428,19.423,1542652.0000000002,5149117.0
524,536,11.61999,0.064,13.22,1544321.0,5149147.0
525,482,21.187,0.222,24.687,1538968.0,5149031.0
525,488,19.791,1.75699,24.490990000000004,1539593.0,5149037.0
525,496,20.295990000000003,0.93999,21.871,1540331.0,5149079.0
525,783,1.22399,0.201,1.934,1569002.0,5149001.0
526,440,33.971000000000004,0.323,41.041,1534750.0,5148923.0
526,473,22.94,0.898,28.35499,1538053.0,5148980.0
526,492,18.486,2.50999,23.91099,1539913.0,5148937.0
526,496,19.032995,1.426231525307797,21.4905,1540367.0,5148950.0
526,540,10.184,0.35899,11.689000000000002,1544701.0,5148906.999999999
526,552,7.308000000000002,0.24199,8.88799,1545904.0,5148968.0
527,494,18.89399,0.342,22.614,1540139.0,5148800.0
527,496,18.672,0.437,21.172,1540378.0,5148883.0
527,502,18.378,0.483,20.30299,1540971.0,5148833.0
527,834,1.58299,0.33199,4.623,1574147.9999999995,5148862.0
528,491,19.291495,1.893731525307797,23.774,1539849.0,5148744.0
528,495,18.74999,0.45899,22.01,1540213.0,5148797.0
529,479,21.07999,0.80099,25.90999,1538659.9999999995,5148695.0
529,484,20.176,0.134,24.361,1539192.0,5148637.0
529,492,19.631,0.986,23.361,1539939.9999999995,5148661.000000001
529,500,18.54899,0.272,19.99699,1540770.0,5148632.0
529,570,3.73799,0.32199,6.987990000000002,1547710.0,5148698.0
530,477,21.85799,0.52999,26.632990000000003,1538450.0,5148542.0
530,495,18.760990000000003,0.601,21.936000000000003,1540213.0,5148577.0
530,523,15.97399,0.40299,17.983990000000002,1543011.9999999995,5148597.000000001
530,569,5.032990000000002,0.231,8.062990000000003,1547681.0,5148568.0
531,495,18.589995,0.357995,21.447495000000004,1540256.5,5148450.0
532,845,1.154,0.49399,9.55399,1575274.0,5148374.0
534,492,19.295990000000003,0.721,20.87599,1539932.0000000002,5148143.0
535,503,16.475,0.24799,18.94499,1541045.0,5148028.0
536,480,20.36199,0.46099,23.961990000000004,1538737.0,5147983.0
536,484,19.465495000000004,0.637995,22.238000000000003,1539162.0,5147902.0
536,714,0.716,0.178,1.026,1562105.0,5147900.0
537,470,22.242,1.24899,26.63199,1537725.0,5147861.000000001
538,508,15.34799,0.21199,16.51799,1541584.0,5147743.0
538,534,11.57699,0.379,13.62699,1544142.0,5147741.0
538,855,1.39199,0.28099,9.812,1576289.0,5147742.0
539,469,21.98399,0.76599,25.694000000000003,1537692.0000000002,5147623.0
539,480,17.868000000000002,0.882,20.32299,1538737.0,5147654.0
539,748,1.411,0.35199,6.616000000000002,1565504.0,5147601.0
540,501,16.08399,0.51999,17.774,1540839.0,5147545.0
540,506,15.36499,0.17,16.975,1541354.0,5147519.0
541,488,18.184990000000003,0.47799,19.545,1539587.9999999995,5147482.0
542,504,14.71599,0.404,16.77599,1541154.0,5147301.0
542,573,2.77399,0.23999,4.32399,1548007.0,5147305.0
543,509,14.00599,0.335,15.765990000000002,1541631.0,5147228.0
543,537,10.55099,0.123,12.151000000000002,1544476.0000000002,5147210.999999999
544,476,20.568,0.906,23.968000000000004,1538364.0000000002,5147173.0
544,499,15.871995000000002,1.482731525307798,17.39199,1540649.0,5147114.999999999
544,502,14.614,0.42899,16.714000000000002,1540995.9999999995,5147128.0
544,714,0.97699,0.12399,3.437,1562181.0,5147123.0
545,501,14.97299,0.41299,16.07299,1540891.0,5147012.0
546,469,21.027990000000003,0.09899,24.347990000000003,1537693.0,5146985.0
546,510,13.53999,0.28299,15.07499,1541763.0,5146910.0
547,470,19.720995,1.302736525307797,25.701,1537789.0,5146889.0
547,500,15.579,0.078,16.524,1540727.0,5146851.0
548,468,23.665000000000003,0.73,26.19,1537514.0,5146797.0
548,504,14.159,0.16599,14.878990000000002,1541152.0,5146753.0
548,703,0.948,0.07299,6.322990000000002,1561025.0,5146711.0
549,451,25.735995000000003,1.725236525307798,31.26099,1535867.0,5146668.5
549,514,11.875000000000002,0.164,13.515,1542126.0,5146650.0
549,524,11.18599,0.21199,14.63599,1543171.9999999995,5146686.0
549,540,9.13099,0.08299,11.52099,1544735.0,5146648.0
549,542,8.40799,0.037,10.51299,1544995.0,5146605.0
550,491,15.29799,1.439731525307797,17.417995,1539841.5,5146565.0
550,500,14.564990000000002,0.187,16.305,1540750.0,5146595.0
550,507,12.43,0.1885,13.019995000000002,1541451.5,5146518.0
550,517,11.64599,0.245,13.576,1542462.0,5146518.0
551,485,18.111,0.63899,19.760990000000003,1539249.0,5146407.0
551,499,15.76799,0.207,16.527990000000003,1540673.0,5146438.0
551,524,10.41899,0.24799,13.494000000000002,1543190.0,5146434.0
551,527,10.135000000000002,0.289,13.265,1543420.0000000002,5146456.0
551,538,8.790500000000002,0.18649,11.9005,1544557.5,5146416.000000001
552,460,23.082,1.151,27.35199,1536769.0,5146314.999999999
552,495,14.65999,0.284,16.24999,1540203.0,5146339.0
552,682,1.15999,1.319,4.949990000000002,1558995.9999999995,5146310.0
553,507,11.832999999999998,0.089995,13.072995,1541471.5,5146222.5
554,458,22.84099,0.17,26.59099,1536577.0,5146163.0
554,669,2.983,0.08399,4.763000000000002,1557607.0,5146100.0
555,471,19.10499,0.28799,23.665000000000003,1537837.0,5146087.0
555,492,15.02,0.303,17.735000000000003,1539974.0,5146046.0
555,688,1.74199,0.09,6.36199,1559566.0,5146051.0
555,715,-0.03299,0.24199,6.646990000000002,1562225.0,5146090.999999999
556,480,17.596,0.342,19.600990000000003,1538730.0,5145940.0
556,495,14.258,0.324,16.333000000000002,1540214.0,5145969.0
556,523,9.41699,0.20499,10.562,1543025.0,5145997.0
557,655,3.138,0.11299,6.578,1556207.0,5145800.0
558,537,7.749,1.08899,11.104,1544434.0,5145708.0
558,540,7.269990000000002,0.20299,10.647,1544710.0,5145706.0
558,649,1.845,0.15,4.005,1555608.0,5145700.0
559,458,21.915000000000003,1.065,25.653990000000004,1536546.0,5145655.0
559,462,21.64399,0.721,23.704,1536990.0,5145629.0
560,468,19.88149,1.668231525307798,22.49149,1537579.0,5145571.5
560,482,15.958990000000002,0.316,19.374,1538970.0,5145507.0
560,486,15.468000000000002,0.24799,18.443,1539384.0,5145532.0
561,470,19.652990000000003,1.133,21.833,1537757.0,5145470.0
561,493,13.826,0.33199,16.09099,1540082.0,5145487.999999999
561,524,7.754,0.11699,7.993990000000002,1543192.0,5145409.0
562,513,8.943326666666666,0.208996666666667,10.849996666666668,1542064.3333333333,5145368.333333333
562,545,5.901000000000002,0.187,9.00699,1545213.0,5145338.0
562,670,1.292,0.214,6.54199,1557707.0,5145301.000000001
563,511,9.31299,0.142,11.72799,1541847.0,5145273.0
563,546,5.669,0.22599,8.098990000000002,1545391.0,5145220.0
565,488,14.62499,0.483,16.364990000000002,1539600.0,5145068.0
565,496,12.821000000000002,0.28499,14.68599,1540346.0,5145088.0
566,462,19.263990000000003,1.449,22.24399,1536945.0,5144908.0
567,501,10.703,0.162,12.218000000000002,1540883.9999999995,5144821.000000001
567,517,7.07399,0.115,8.848990000000002,1542470.0,5144826.0
567,518,7.40999,0.178,8.680000000000001,1542593.0,5144899.0
567,549,4.828,0.126,6.447990000000002,1545612.0000000002,5144899.0
567,560,3.901990000000001,0.10899,6.202000000000002,1546790.0,5144810.999999999
567,578,2.89499,0.27099,3.835,1548581.0,5144869.0
568,469,17.839000000000002,0.51999,19.774,1537666.0,5144707.0
569,482,14.11999,0.638,16.43,1538924.0000000002,5144654.0
569,488,13.229,1.368,15.208990000000002,1539586.0,5144650.0
570,521,6.32,0.103,7.130000000000002,1542847.0,5144530.0
570,581,2.66499,0.29899,4.485000000000001,1548802.0,5144522.999999999
571,485,13.314990000000002,0.786,16.12499,1539253.0,5144472.0
571,504,9.85599,0.21799,11.06099,1541139.9999999995,5144408.0
572,496,10.795990000000002,3.14299,13.916,1540362.0,5144333.0
572,501,9.967,0.141,12.131990000000002,1540857.0,5144388.0
572,584,2.30099,1.370231525307798,4.773495,1549176.0,5144349.5
572,608,0.89899,0.155,2.279,1551509.0,5144300.0
573,518,6.227,0.156,8.296990000000003,1542535.0,5144275.0
573,524,5.261,0.093,5.671,1543153.0,5144258.0
573,578,0.82599,0.08299,2.82599,1548587.0,5144200.0
574,488,12.13399,0.572,14.204,1539555.0,5144173.0
574,494,8.508000000000003,0.23999,11.317990000000002,1540172.0000000002,5144141.0
574,561,2.79699,0.10199,4.48699,1546855.0,5144127.0
575,489,11.626,1.19099,13.656,1539676.0000000002,5144065.0
575,520,5.178990000000002,0.15299,6.90899,1542743.0,5144033.0
576,514,5.69899,0.068,8.21899,1542189.0,5143926.0
577,501,8.80799,0.107,10.588,1540891.0,5143854.0
577,515,5.517,0.114,8.227,1542239.0,5143803.0
579,467,14.366,0.63899,18.46599,1537451.0,5143607.0
579,476,13.010000000000002,0.79199,17.975,1538332.0000000002,5143693.0
580,483,14.14599,0.35899,15.991,1539016.0,5143530.999999999
580,527,2.97399,0.082,3.98399,1543439.0,5143520.0
582,503,7.968990000000002,0.15899,8.918990000000003,1541001.0,5143329.0
582,515,4.75299,0.156,6.288,1542201.0,5143364.0
585,479,11.31599,0.114,13.616,1538601.0,5143073.0
587,469,12.694,0.30099,15.774,1537615.0,5142899.0
587,472,11.829,0.441,15.128990000000002,1537950.0,5142869.000000001
587,484,9.925,0.14399,13.015,1539167.0,5142898.0
588,490,8.543990000000003,0.112,10.864,1539746.0,5142784.0
588,509,5.410990000000002,0.143,5.926,1541635.9999999995,5142746.0
589,494,7.86199,0.032,9.88199,1540102.0,5142659.0
591,478,10.001,0.55299,12.47599,1538509.0,5142466.0
591,488,8.659990000000002,0.199,10.19999,1539536.0,5142499.0
591,511,4.209000000000002,0.215,4.99399,1541813.0,5142499.0
591,529,1.391,0.19099,2.40799,1543651.0,5142499.0
592,475,10.08399,0.3,12.923990000000002,1538273.0,5142309.0
592,496,6.794,0.09899,8.213990000000003,1540325.0,5142345.0
593,474,9.569,0.18299,12.88399,1538177.0,5142250.0
595,482,7.942990000000002,0.035,10.85799,1538979.9999999995,5142024.0
595,493,6.229,0.171,7.629,1540034.0,5142011.0
595,516,2.34999,0.45399,2.95,1542387.0,5142030.0
595,517,1.496995,1.348736525307797,2.829495,1542456.0,5142043.0
596,478,8.12199,0.15899,10.66199,1538501.0,5141913.0
597,473,8.425990000000002,0.13899,12.14599,1538098.0,5141845.000000001
597,481,7.342,0.057,9.482,1538861.0,5141839.999999999
600,479,6.616000000000002,0.10199,9.656,1538691.9999999995,5141546.999999999
600,483,6.290990000000002,0.164,8.626000000000001,1539079.0,5141533.0
600,505,2.48699,0.23199,3.887000000000001,1541261.0,5141589.000000001
601,497,4.071000000000001,0.119,5.011,1540461.0,5141447.0
602,477,6.19899,0.13199,9.809,1538455.0,5141374.0
602,503,2.48399,0.23399,4.133990000000001,1541019.0,5141382.0
603,485,4.418,0.09899,7.138000000000002,1539241.0,5141201.0
603,495,3.22399,0.133,5.314,1540214.0,5141199.999999999
604,500,2.29299,0.29899,3.628,1540721.0,5141165.0
605,455,7.38299,0.375,10.128,1536207.0,5141078.0
605,482,3.96,0.133,8.175000000000002,1538907.0,5141011.0
606,480,3.73,0.127,7.960000000000002,1538732.0000000002,5140901.0
606,488,3.16799,0.128,6.038,1539548.0000000002,5140969.0
606,496,1.91499,0.19599,4.159990000000002,1540336.0,5140918.0
607,490,2.671,0.007,3.16599,1539795.9999999995,5140865.0
608,490,1.98699,0.22499,4.856990000000002,1539767.0,5140743.0
608,493,1.868,0.207,4.623,1540012.0000000002,5140741.0
609,487,2.061,0.24999,5.261,1539407.0,5140608.0
612,481,1.32299,0.27099,4.197990000000001,1538866.0,5140366.0
614,457,3.732,0.20499,6.756990000000002,1536457.0,5140177.0
